<?xml version="1.0" encoding="UTF-8"?>
<root>
  <item name="com.appsamurai.storyly.exoplayer2.core.trackselection.AdaptiveTrackSelection AdaptiveTrackSelection(com.appsamurai.storyly.exoplayer2.common.source.TrackGroup, int[], int, com.appsamurai.storyly.exoplayer2.core.upstream.BandwidthMeter, long, long, long, int, int, float, float, java.util.List&lt;com.appsamurai.storyly.exoplayer2.core.trackselection.AdaptiveTrackSelection.AdaptationCheckpoint&gt;, com.appsamurai.storyly.exoplayer2.common.util.Clock) 2">
    <annotation name="androidx.annotation.IntDef">
      <val name="open" val="true" />
      <val name="value" val="{com.appsamurai.storyly.exoplayer2.core.trackselection.TrackSelection.TYPE_UNSET}" />
    </annotation>
  </item>
  <item name="com.appsamurai.storyly.exoplayer2.core.trackselection.AdaptiveTrackSelection int getSelectionReason()">
    <annotation name="androidx.annotation.IntDef">
      <val name="open" val="true" />
      <val name="value" val="{com.appsamurai.storyly.exoplayer2.common.C.SELECTION_REASON_UNKNOWN, com.appsamurai.storyly.exoplayer2.common.C.SELECTION_REASON_INITIAL, com.appsamurai.storyly.exoplayer2.common.C.SELECTION_REASON_MANUAL, com.appsamurai.storyly.exoplayer2.common.C.SELECTION_REASON_ADAPTIVE, com.appsamurai.storyly.exoplayer2.common.C.SELECTION_REASON_TRICK_PLAY}" />
    </annotation>
  </item>
  <item name="com.appsamurai.storyly.exoplayer2.core.trackselection.AdaptiveTrackSelection reason">
    <annotation name="androidx.annotation.IntDef">
      <val name="open" val="true" />
      <val name="value" val="{com.appsamurai.storyly.exoplayer2.common.C.SELECTION_REASON_UNKNOWN, com.appsamurai.storyly.exoplayer2.common.C.SELECTION_REASON_INITIAL, com.appsamurai.storyly.exoplayer2.common.C.SELECTION_REASON_MANUAL, com.appsamurai.storyly.exoplayer2.common.C.SELECTION_REASON_ADAPTIVE, com.appsamurai.storyly.exoplayer2.common.C.SELECTION_REASON_TRICK_PLAY}" />
    </annotation>
  </item>
  <item name="com.appsamurai.storyly.exoplayer2.core.trackselection.BaseTrackSelection BaseTrackSelection(com.appsamurai.storyly.exoplayer2.common.source.TrackGroup, int[], int) 2">
    <annotation name="androidx.annotation.IntDef">
      <val name="open" val="true" />
      <val name="value" val="{com.appsamurai.storyly.exoplayer2.core.trackselection.TrackSelection.TYPE_UNSET}" />
    </annotation>
  </item>
  <item name="com.appsamurai.storyly.exoplayer2.core.trackselection.BaseTrackSelection type">
    <annotation name="androidx.annotation.IntDef">
      <val name="open" val="true" />
      <val name="value" val="{com.appsamurai.storyly.exoplayer2.core.trackselection.TrackSelection.TYPE_UNSET}" />
    </annotation>
  </item>
  <item name="com.appsamurai.storyly.exoplayer2.core.trackselection.DefaultTrackSelector android.util.Pair&lt;com.appsamurai.storyly.exoplayer2.core.RendererConfiguration[],com.appsamurai.storyly.exoplayer2.core.trackselection.ExoTrackSelection[]&gt; selectTracks(com.appsamurai.storyly.exoplayer2.core.trackselection.MappingTrackSelector.MappedTrackInfo, int[][][], int[], com.appsamurai.storyly.exoplayer2.core.source.MediaSource.MediaPeriodId, com.appsamurai.storyly.exoplayer2.common.Timeline) 1">
  </item>
  <item name="com.appsamurai.storyly.exoplayer2.core.trackselection.DefaultTrackSelector android.util.Pair&lt;com.appsamurai.storyly.exoplayer2.core.RendererConfiguration[],com.appsamurai.storyly.exoplayer2.core.trackselection.ExoTrackSelection[]&gt; selectTracks(com.appsamurai.storyly.exoplayer2.core.trackselection.MappingTrackSelector.MappedTrackInfo, int[][][], int[], com.appsamurai.storyly.exoplayer2.core.source.MediaSource.MediaPeriodId, com.appsamurai.storyly.exoplayer2.common.Timeline) 2">
    <annotation name="androidx.annotation.IntDef">
      <val name="value" val="{com.appsamurai.storyly.exoplayer2.core.RendererCapabilities.ADAPTIVE_SEAMLESS, com.appsamurai.storyly.exoplayer2.core.RendererCapabilities.ADAPTIVE_NOT_SEAMLESS, com.appsamurai.storyly.exoplayer2.core.RendererCapabilities.ADAPTIVE_NOT_SUPPORTED}" />
    </annotation>
  </item>
  <item name="com.appsamurai.storyly.exoplayer2.core.trackselection.DefaultTrackSelector android.util.Pair&lt;com.appsamurai.storyly.exoplayer2.core.trackselection.ExoTrackSelection.Definition,java.lang.Integer&gt; selectAudioTrack(com.appsamurai.storyly.exoplayer2.core.trackselection.MappingTrackSelector.MappedTrackInfo, int[][][], int[], com.appsamurai.storyly.exoplayer2.core.trackselection.DefaultTrackSelector.Parameters) 1">
  </item>
  <item name="com.appsamurai.storyly.exoplayer2.core.trackselection.DefaultTrackSelector android.util.Pair&lt;com.appsamurai.storyly.exoplayer2.core.trackselection.ExoTrackSelection.Definition,java.lang.Integer&gt; selectAudioTrack(com.appsamurai.storyly.exoplayer2.core.trackselection.MappingTrackSelector.MappedTrackInfo, int[][][], int[], com.appsamurai.storyly.exoplayer2.core.trackselection.DefaultTrackSelector.Parameters) 2">
    <annotation name="androidx.annotation.IntDef">
      <val name="value" val="{com.appsamurai.storyly.exoplayer2.core.RendererCapabilities.ADAPTIVE_SEAMLESS, com.appsamurai.storyly.exoplayer2.core.RendererCapabilities.ADAPTIVE_NOT_SEAMLESS, com.appsamurai.storyly.exoplayer2.core.RendererCapabilities.ADAPTIVE_NOT_SUPPORTED}" />
    </annotation>
  </item>
  <item name="com.appsamurai.storyly.exoplayer2.core.trackselection.DefaultTrackSelector android.util.Pair&lt;com.appsamurai.storyly.exoplayer2.core.trackselection.ExoTrackSelection.Definition,java.lang.Integer&gt; selectTextTrack(com.appsamurai.storyly.exoplayer2.core.trackselection.MappingTrackSelector.MappedTrackInfo, int[][][], com.appsamurai.storyly.exoplayer2.core.trackselection.DefaultTrackSelector.Parameters, java.lang.String) 1">
  </item>
  <item name="com.appsamurai.storyly.exoplayer2.core.trackselection.DefaultTrackSelector android.util.Pair&lt;com.appsamurai.storyly.exoplayer2.core.trackselection.ExoTrackSelection.Definition,java.lang.Integer&gt; selectTracksForType(int, com.appsamurai.storyly.exoplayer2.core.trackselection.MappingTrackSelector.MappedTrackInfo, int[][][], com.appsamurai.storyly.exoplayer2.core.trackselection.DefaultTrackSelector.TrackInfo.Factory&lt;T&gt;, java.util.Comparator&lt;java.util.List&lt;T&gt;&gt;) 0">
    <annotation name="androidx.annotation.IntDef">
      <val name="open" val="true" />
      <val name="value" val="{com.appsamurai.storyly.exoplayer2.common.C.TRACK_TYPE_UNKNOWN, com.appsamurai.storyly.exoplayer2.common.C.TRACK_TYPE_DEFAULT, com.appsamurai.storyly.exoplayer2.common.C.TRACK_TYPE_AUDIO, com.appsamurai.storyly.exoplayer2.common.C.TRACK_TYPE_VIDEO, com.appsamurai.storyly.exoplayer2.common.C.TRACK_TYPE_TEXT, com.appsamurai.storyly.exoplayer2.common.C.TRACK_TYPE_IMAGE, com.appsamurai.storyly.exoplayer2.common.C.TRACK_TYPE_METADATA, com.appsamurai.storyly.exoplayer2.common.C.TRACK_TYPE_CAMERA_MOTION, com.appsamurai.storyly.exoplayer2.common.C.TRACK_TYPE_NONE}" />
    </annotation>
  </item>
  <item name="com.appsamurai.storyly.exoplayer2.core.trackselection.DefaultTrackSelector android.util.Pair&lt;com.appsamurai.storyly.exoplayer2.core.trackselection.ExoTrackSelection.Definition,java.lang.Integer&gt; selectTracksForType(int, com.appsamurai.storyly.exoplayer2.core.trackselection.MappingTrackSelector.MappedTrackInfo, int[][][], com.appsamurai.storyly.exoplayer2.core.trackselection.DefaultTrackSelector.TrackInfo.Factory&lt;T&gt;, java.util.Comparator&lt;java.util.List&lt;T&gt;&gt;) 2">
  </item>
  <item name="com.appsamurai.storyly.exoplayer2.core.trackselection.DefaultTrackSelector android.util.Pair&lt;com.appsamurai.storyly.exoplayer2.core.trackselection.ExoTrackSelection.Definition,java.lang.Integer&gt; selectVideoTrack(com.appsamurai.storyly.exoplayer2.core.trackselection.MappingTrackSelector.MappedTrackInfo, int[][][], int[], com.appsamurai.storyly.exoplayer2.core.trackselection.DefaultTrackSelector.Parameters) 1">
  </item>
  <item name="com.appsamurai.storyly.exoplayer2.core.trackselection.DefaultTrackSelector android.util.Pair&lt;com.appsamurai.storyly.exoplayer2.core.trackselection.ExoTrackSelection.Definition,java.lang.Integer&gt; selectVideoTrack(com.appsamurai.storyly.exoplayer2.core.trackselection.MappingTrackSelector.MappedTrackInfo, int[][][], int[], com.appsamurai.storyly.exoplayer2.core.trackselection.DefaultTrackSelector.Parameters) 2">
    <annotation name="androidx.annotation.IntDef">
      <val name="value" val="{com.appsamurai.storyly.exoplayer2.core.RendererCapabilities.ADAPTIVE_SEAMLESS, com.appsamurai.storyly.exoplayer2.core.RendererCapabilities.ADAPTIVE_NOT_SEAMLESS, com.appsamurai.storyly.exoplayer2.core.RendererCapabilities.ADAPTIVE_NOT_SUPPORTED}" />
    </annotation>
  </item>
  <item name="com.appsamurai.storyly.exoplayer2.core.trackselection.DefaultTrackSelector boolean isSupported(int, boolean) 0">
  </item>
  <item name="com.appsamurai.storyly.exoplayer2.core.trackselection.DefaultTrackSelector boolean rendererSupportsTunneling(int[][], com.appsamurai.storyly.exoplayer2.core.source.TrackGroupArray, com.appsamurai.storyly.exoplayer2.core.trackselection.ExoTrackSelection) 0">
  </item>
  <item name="com.appsamurai.storyly.exoplayer2.core.trackselection.DefaultTrackSelector com.appsamurai.storyly.exoplayer2.core.trackselection.ExoTrackSelection.Definition selectOtherTrack(int, com.appsamurai.storyly.exoplayer2.core.source.TrackGroupArray, int[][], com.appsamurai.storyly.exoplayer2.core.trackselection.DefaultTrackSelector.Parameters) 2">
  </item>
  <item name="com.appsamurai.storyly.exoplayer2.core.trackselection.DefaultTrackSelector com.appsamurai.storyly.exoplayer2.core.trackselection.ExoTrackSelection.Definition[] selectAllTracks(com.appsamurai.storyly.exoplayer2.core.trackselection.MappingTrackSelector.MappedTrackInfo, int[][][], int[], com.appsamurai.storyly.exoplayer2.core.trackselection.DefaultTrackSelector.Parameters) 1">
  </item>
  <item name="com.appsamurai.storyly.exoplayer2.core.trackselection.DefaultTrackSelector com.appsamurai.storyly.exoplayer2.core.trackselection.ExoTrackSelection.Definition[] selectAllTracks(com.appsamurai.storyly.exoplayer2.core.trackselection.MappingTrackSelector.MappedTrackInfo, int[][][], int[], com.appsamurai.storyly.exoplayer2.core.trackselection.DefaultTrackSelector.Parameters) 2">
    <annotation name="androidx.annotation.IntDef">
      <val name="value" val="{com.appsamurai.storyly.exoplayer2.core.RendererCapabilities.ADAPTIVE_SEAMLESS, com.appsamurai.storyly.exoplayer2.core.RendererCapabilities.ADAPTIVE_NOT_SEAMLESS, com.appsamurai.storyly.exoplayer2.core.RendererCapabilities.ADAPTIVE_NOT_SUPPORTED}" />
    </annotation>
  </item>
  <item name="com.appsamurai.storyly.exoplayer2.core.trackselection.DefaultTrackSelector void maybeConfigureRenderersForTunneling(com.appsamurai.storyly.exoplayer2.core.trackselection.MappingTrackSelector.MappedTrackInfo, int[][][], com.appsamurai.storyly.exoplayer2.core.RendererConfiguration[], com.appsamurai.storyly.exoplayer2.core.trackselection.ExoTrackSelection[]) 1">
  </item>
  <item name="com.appsamurai.storyly.exoplayer2.core.trackselection.DefaultTrackSelector.AudioTrackInfo AudioTrackInfo(int, com.appsamurai.storyly.exoplayer2.common.source.TrackGroup, int, com.appsamurai.storyly.exoplayer2.core.trackselection.DefaultTrackSelector.Parameters, int, boolean, com.google.common.base.Predicate&lt;com.appsamurai.storyly.exoplayer2.common.Format&gt;) 4">
  </item>
  <item name="com.appsamurai.storyly.exoplayer2.core.trackselection.DefaultTrackSelector.AudioTrackInfo com.google.common.collect.ImmutableList&lt;com.appsamurai.storyly.exoplayer2.core.trackselection.DefaultTrackSelector.AudioTrackInfo&gt; createForTrackGroup(int, com.appsamurai.storyly.exoplayer2.common.source.TrackGroup, com.appsamurai.storyly.exoplayer2.core.trackselection.DefaultTrackSelector.Parameters, int[], boolean, com.google.common.base.Predicate&lt;com.appsamurai.storyly.exoplayer2.common.Format&gt;) 3">
  </item>
  <item name="com.appsamurai.storyly.exoplayer2.core.trackselection.DefaultTrackSelector.AudioTrackInfo int evaluateSelectionEligibility(int, boolean)">
    <annotation name="androidx.annotation.IntDef">
      <val name="value" val="{com.appsamurai.storyly.exoplayer2.core.trackselection.DefaultTrackSelector.SELECTION_ELIGIBILITY_NO, com.appsamurai.storyly.exoplayer2.core.trackselection.DefaultTrackSelector.SELECTION_ELIGIBILITY_FIXED, com.appsamurai.storyly.exoplayer2.core.trackselection.DefaultTrackSelector.SELECTION_ELIGIBILITY_ADAPTIVE}" />
    </annotation>
  </item>
  <item name="com.appsamurai.storyly.exoplayer2.core.trackselection.DefaultTrackSelector.AudioTrackInfo int evaluateSelectionEligibility(int, boolean) 0">
  </item>
  <item name="com.appsamurai.storyly.exoplayer2.core.trackselection.DefaultTrackSelector.AudioTrackInfo int getSelectionEligibility()">
    <annotation name="androidx.annotation.IntDef">
      <val name="value" val="{com.appsamurai.storyly.exoplayer2.core.trackselection.DefaultTrackSelector.SELECTION_ELIGIBILITY_NO, com.appsamurai.storyly.exoplayer2.core.trackselection.DefaultTrackSelector.SELECTION_ELIGIBILITY_FIXED, com.appsamurai.storyly.exoplayer2.core.trackselection.DefaultTrackSelector.SELECTION_ELIGIBILITY_ADAPTIVE}" />
    </annotation>
  </item>
  <item name="com.appsamurai.storyly.exoplayer2.core.trackselection.DefaultTrackSelector.AudioTrackInfo selectionEligibility">
    <annotation name="androidx.annotation.IntDef">
      <val name="value" val="{com.appsamurai.storyly.exoplayer2.core.trackselection.DefaultTrackSelector.SELECTION_ELIGIBILITY_NO, com.appsamurai.storyly.exoplayer2.core.trackselection.DefaultTrackSelector.SELECTION_ELIGIBILITY_FIXED, com.appsamurai.storyly.exoplayer2.core.trackselection.DefaultTrackSelector.SELECTION_ELIGIBILITY_ADAPTIVE}" />
    </annotation>
  </item>
  <item name="com.appsamurai.storyly.exoplayer2.core.trackselection.DefaultTrackSelector.OtherTrackScore OtherTrackScore(com.appsamurai.storyly.exoplayer2.common.Format, int) 1">
  </item>
  <item name="com.appsamurai.storyly.exoplayer2.core.trackselection.DefaultTrackSelector.Parameters.Builder com.appsamurai.storyly.exoplayer2.core.trackselection.DefaultTrackSelector.Parameters.Builder clearOverridesOfType(int) 0">
    <annotation name="androidx.annotation.IntDef">
      <val name="open" val="true" />
      <val name="value" val="{com.appsamurai.storyly.exoplayer2.common.C.TRACK_TYPE_UNKNOWN, com.appsamurai.storyly.exoplayer2.common.C.TRACK_TYPE_DEFAULT, com.appsamurai.storyly.exoplayer2.common.C.TRACK_TYPE_AUDIO, com.appsamurai.storyly.exoplayer2.common.C.TRACK_TYPE_VIDEO, com.appsamurai.storyly.exoplayer2.common.C.TRACK_TYPE_TEXT, com.appsamurai.storyly.exoplayer2.common.C.TRACK_TYPE_IMAGE, com.appsamurai.storyly.exoplayer2.common.C.TRACK_TYPE_METADATA, com.appsamurai.storyly.exoplayer2.common.C.TRACK_TYPE_CAMERA_MOTION, com.appsamurai.storyly.exoplayer2.common.C.TRACK_TYPE_NONE}" />
    </annotation>
  </item>
  <item name="com.appsamurai.storyly.exoplayer2.core.trackselection.DefaultTrackSelector.Parameters.Builder com.appsamurai.storyly.exoplayer2.core.trackselection.DefaultTrackSelector.Parameters.Builder setDisabledTextTrackSelectionFlags(int) 0">
    <annotation name="androidx.annotation.IntDef">
      <val name="flag" val="true" />
      <val name="value" val="{com.appsamurai.storyly.exoplayer2.common.C.SELECTION_FLAG_DEFAULT, com.appsamurai.storyly.exoplayer2.common.C.SELECTION_FLAG_FORCED, com.appsamurai.storyly.exoplayer2.common.C.SELECTION_FLAG_AUTOSELECT}" />
    </annotation>
  </item>
  <item name="com.appsamurai.storyly.exoplayer2.core.trackselection.DefaultTrackSelector.Parameters.Builder com.appsamurai.storyly.exoplayer2.core.trackselection.DefaultTrackSelector.Parameters.Builder setIgnoredTextSelectionFlags(int) 0">
    <annotation name="androidx.annotation.IntDef">
      <val name="flag" val="true" />
      <val name="value" val="{com.appsamurai.storyly.exoplayer2.common.C.SELECTION_FLAG_DEFAULT, com.appsamurai.storyly.exoplayer2.common.C.SELECTION_FLAG_FORCED, com.appsamurai.storyly.exoplayer2.common.C.SELECTION_FLAG_AUTOSELECT}" />
    </annotation>
  </item>
  <item name="com.appsamurai.storyly.exoplayer2.core.trackselection.DefaultTrackSelector.Parameters.Builder com.appsamurai.storyly.exoplayer2.core.trackselection.DefaultTrackSelector.Parameters.Builder setPreferredAudioRoleFlags(int) 0">
    <annotation name="androidx.annotation.IntDef">
      <val name="flag" val="true" />
      <val name="value" val="{com.appsamurai.storyly.exoplayer2.common.C.ROLE_FLAG_MAIN, com.appsamurai.storyly.exoplayer2.common.C.ROLE_FLAG_ALTERNATE, com.appsamurai.storyly.exoplayer2.common.C.ROLE_FLAG_SUPPLEMENTARY, com.appsamurai.storyly.exoplayer2.common.C.ROLE_FLAG_COMMENTARY, com.appsamurai.storyly.exoplayer2.common.C.ROLE_FLAG_DUB, com.appsamurai.storyly.exoplayer2.common.C.ROLE_FLAG_EMERGENCY, com.appsamurai.storyly.exoplayer2.common.C.ROLE_FLAG_CAPTION, com.appsamurai.storyly.exoplayer2.common.C.ROLE_FLAG_SUBTITLE, com.appsamurai.storyly.exoplayer2.common.C.ROLE_FLAG_SIGN, com.appsamurai.storyly.exoplayer2.common.C.ROLE_FLAG_DESCRIBES_VIDEO, com.appsamurai.storyly.exoplayer2.common.C.ROLE_FLAG_DESCRIBES_MUSIC_AND_SOUND, com.appsamurai.storyly.exoplayer2.common.C.ROLE_FLAG_ENHANCED_DIALOG_INTELLIGIBILITY, com.appsamurai.storyly.exoplayer2.common.C.ROLE_FLAG_TRANSCRIBES_DIALOG, com.appsamurai.storyly.exoplayer2.common.C.ROLE_FLAG_EASY_TO_READ, com.appsamurai.storyly.exoplayer2.common.C.ROLE_FLAG_TRICK_PLAY}" />
    </annotation>
  </item>
  <item name="com.appsamurai.storyly.exoplayer2.core.trackselection.DefaultTrackSelector.Parameters.Builder com.appsamurai.storyly.exoplayer2.core.trackselection.DefaultTrackSelector.Parameters.Builder setPreferredTextRoleFlags(int) 0">
    <annotation name="androidx.annotation.IntDef">
      <val name="flag" val="true" />
      <val name="value" val="{com.appsamurai.storyly.exoplayer2.common.C.ROLE_FLAG_MAIN, com.appsamurai.storyly.exoplayer2.common.C.ROLE_FLAG_ALTERNATE, com.appsamurai.storyly.exoplayer2.common.C.ROLE_FLAG_SUPPLEMENTARY, com.appsamurai.storyly.exoplayer2.common.C.ROLE_FLAG_COMMENTARY, com.appsamurai.storyly.exoplayer2.common.C.ROLE_FLAG_DUB, com.appsamurai.storyly.exoplayer2.common.C.ROLE_FLAG_EMERGENCY, com.appsamurai.storyly.exoplayer2.common.C.ROLE_FLAG_CAPTION, com.appsamurai.storyly.exoplayer2.common.C.ROLE_FLAG_SUBTITLE, com.appsamurai.storyly.exoplayer2.common.C.ROLE_FLAG_SIGN, com.appsamurai.storyly.exoplayer2.common.C.ROLE_FLAG_DESCRIBES_VIDEO, com.appsamurai.storyly.exoplayer2.common.C.ROLE_FLAG_DESCRIBES_MUSIC_AND_SOUND, com.appsamurai.storyly.exoplayer2.common.C.ROLE_FLAG_ENHANCED_DIALOG_INTELLIGIBILITY, com.appsamurai.storyly.exoplayer2.common.C.ROLE_FLAG_TRANSCRIBES_DIALOG, com.appsamurai.storyly.exoplayer2.common.C.ROLE_FLAG_EASY_TO_READ, com.appsamurai.storyly.exoplayer2.common.C.ROLE_FLAG_TRICK_PLAY}" />
    </annotation>
  </item>
  <item name="com.appsamurai.storyly.exoplayer2.core.trackselection.DefaultTrackSelector.Parameters.Builder com.appsamurai.storyly.exoplayer2.core.trackselection.DefaultTrackSelector.Parameters.Builder setPreferredVideoRoleFlags(int) 0">
    <annotation name="androidx.annotation.IntDef">
      <val name="flag" val="true" />
      <val name="value" val="{com.appsamurai.storyly.exoplayer2.common.C.ROLE_FLAG_MAIN, com.appsamurai.storyly.exoplayer2.common.C.ROLE_FLAG_ALTERNATE, com.appsamurai.storyly.exoplayer2.common.C.ROLE_FLAG_SUPPLEMENTARY, com.appsamurai.storyly.exoplayer2.common.C.ROLE_FLAG_COMMENTARY, com.appsamurai.storyly.exoplayer2.common.C.ROLE_FLAG_DUB, com.appsamurai.storyly.exoplayer2.common.C.ROLE_FLAG_EMERGENCY, com.appsamurai.storyly.exoplayer2.common.C.ROLE_FLAG_CAPTION, com.appsamurai.storyly.exoplayer2.common.C.ROLE_FLAG_SUBTITLE, com.appsamurai.storyly.exoplayer2.common.C.ROLE_FLAG_SIGN, com.appsamurai.storyly.exoplayer2.common.C.ROLE_FLAG_DESCRIBES_VIDEO, com.appsamurai.storyly.exoplayer2.common.C.ROLE_FLAG_DESCRIBES_MUSIC_AND_SOUND, com.appsamurai.storyly.exoplayer2.common.C.ROLE_FLAG_ENHANCED_DIALOG_INTELLIGIBILITY, com.appsamurai.storyly.exoplayer2.common.C.ROLE_FLAG_TRANSCRIBES_DIALOG, com.appsamurai.storyly.exoplayer2.common.C.ROLE_FLAG_EASY_TO_READ, com.appsamurai.storyly.exoplayer2.common.C.ROLE_FLAG_TRICK_PLAY}" />
    </annotation>
  </item>
  <item name="com.appsamurai.storyly.exoplayer2.core.trackselection.DefaultTrackSelector.Parameters.Builder com.appsamurai.storyly.exoplayer2.core.trackselection.DefaultTrackSelector.Parameters.Builder setTrackTypeDisabled(int, boolean) 0">
    <annotation name="androidx.annotation.IntDef">
      <val name="open" val="true" />
      <val name="value" val="{com.appsamurai.storyly.exoplayer2.common.C.TRACK_TYPE_UNKNOWN, com.appsamurai.storyly.exoplayer2.common.C.TRACK_TYPE_DEFAULT, com.appsamurai.storyly.exoplayer2.common.C.TRACK_TYPE_AUDIO, com.appsamurai.storyly.exoplayer2.common.C.TRACK_TYPE_VIDEO, com.appsamurai.storyly.exoplayer2.common.C.TRACK_TYPE_TEXT, com.appsamurai.storyly.exoplayer2.common.C.TRACK_TYPE_IMAGE, com.appsamurai.storyly.exoplayer2.common.C.TRACK_TYPE_METADATA, com.appsamurai.storyly.exoplayer2.common.C.TRACK_TYPE_CAMERA_MOTION, com.appsamurai.storyly.exoplayer2.common.C.TRACK_TYPE_NONE}" />
    </annotation>
  </item>
  <item name="com.appsamurai.storyly.exoplayer2.core.trackselection.DefaultTrackSelector.ParametersBuilder com.appsamurai.storyly.exoplayer2.core.trackselection.DefaultTrackSelector.ParametersBuilder clearOverridesOfType(int) 0">
    <annotation name="androidx.annotation.IntDef">
      <val name="open" val="true" />
      <val name="value" val="{com.appsamurai.storyly.exoplayer2.common.C.TRACK_TYPE_UNKNOWN, com.appsamurai.storyly.exoplayer2.common.C.TRACK_TYPE_DEFAULT, com.appsamurai.storyly.exoplayer2.common.C.TRACK_TYPE_AUDIO, com.appsamurai.storyly.exoplayer2.common.C.TRACK_TYPE_VIDEO, com.appsamurai.storyly.exoplayer2.common.C.TRACK_TYPE_TEXT, com.appsamurai.storyly.exoplayer2.common.C.TRACK_TYPE_IMAGE, com.appsamurai.storyly.exoplayer2.common.C.TRACK_TYPE_METADATA, com.appsamurai.storyly.exoplayer2.common.C.TRACK_TYPE_CAMERA_MOTION, com.appsamurai.storyly.exoplayer2.common.C.TRACK_TYPE_NONE}" />
    </annotation>
  </item>
  <item name="com.appsamurai.storyly.exoplayer2.core.trackselection.DefaultTrackSelector.ParametersBuilder com.appsamurai.storyly.exoplayer2.core.trackselection.DefaultTrackSelector.ParametersBuilder setDisabledTextTrackSelectionFlags(int) 0">
    <annotation name="androidx.annotation.IntDef">
      <val name="flag" val="true" />
      <val name="value" val="{com.appsamurai.storyly.exoplayer2.common.C.SELECTION_FLAG_DEFAULT, com.appsamurai.storyly.exoplayer2.common.C.SELECTION_FLAG_FORCED, com.appsamurai.storyly.exoplayer2.common.C.SELECTION_FLAG_AUTOSELECT}" />
    </annotation>
  </item>
  <item name="com.appsamurai.storyly.exoplayer2.core.trackselection.DefaultTrackSelector.ParametersBuilder com.appsamurai.storyly.exoplayer2.core.trackselection.DefaultTrackSelector.ParametersBuilder setIgnoredTextSelectionFlags(int) 0">
    <annotation name="androidx.annotation.IntDef">
      <val name="flag" val="true" />
      <val name="value" val="{com.appsamurai.storyly.exoplayer2.common.C.SELECTION_FLAG_DEFAULT, com.appsamurai.storyly.exoplayer2.common.C.SELECTION_FLAG_FORCED, com.appsamurai.storyly.exoplayer2.common.C.SELECTION_FLAG_AUTOSELECT}" />
    </annotation>
  </item>
  <item name="com.appsamurai.storyly.exoplayer2.core.trackselection.DefaultTrackSelector.ParametersBuilder com.appsamurai.storyly.exoplayer2.core.trackselection.DefaultTrackSelector.ParametersBuilder setPreferredAudioRoleFlags(int) 0">
    <annotation name="androidx.annotation.IntDef">
      <val name="flag" val="true" />
      <val name="value" val="{com.appsamurai.storyly.exoplayer2.common.C.ROLE_FLAG_MAIN, com.appsamurai.storyly.exoplayer2.common.C.ROLE_FLAG_ALTERNATE, com.appsamurai.storyly.exoplayer2.common.C.ROLE_FLAG_SUPPLEMENTARY, com.appsamurai.storyly.exoplayer2.common.C.ROLE_FLAG_COMMENTARY, com.appsamurai.storyly.exoplayer2.common.C.ROLE_FLAG_DUB, com.appsamurai.storyly.exoplayer2.common.C.ROLE_FLAG_EMERGENCY, com.appsamurai.storyly.exoplayer2.common.C.ROLE_FLAG_CAPTION, com.appsamurai.storyly.exoplayer2.common.C.ROLE_FLAG_SUBTITLE, com.appsamurai.storyly.exoplayer2.common.C.ROLE_FLAG_SIGN, com.appsamurai.storyly.exoplayer2.common.C.ROLE_FLAG_DESCRIBES_VIDEO, com.appsamurai.storyly.exoplayer2.common.C.ROLE_FLAG_DESCRIBES_MUSIC_AND_SOUND, com.appsamurai.storyly.exoplayer2.common.C.ROLE_FLAG_ENHANCED_DIALOG_INTELLIGIBILITY, com.appsamurai.storyly.exoplayer2.common.C.ROLE_FLAG_TRANSCRIBES_DIALOG, com.appsamurai.storyly.exoplayer2.common.C.ROLE_FLAG_EASY_TO_READ, com.appsamurai.storyly.exoplayer2.common.C.ROLE_FLAG_TRICK_PLAY}" />
    </annotation>
  </item>
  <item name="com.appsamurai.storyly.exoplayer2.core.trackselection.DefaultTrackSelector.ParametersBuilder com.appsamurai.storyly.exoplayer2.core.trackselection.DefaultTrackSelector.ParametersBuilder setPreferredTextRoleFlags(int) 0">
    <annotation name="androidx.annotation.IntDef">
      <val name="flag" val="true" />
      <val name="value" val="{com.appsamurai.storyly.exoplayer2.common.C.ROLE_FLAG_MAIN, com.appsamurai.storyly.exoplayer2.common.C.ROLE_FLAG_ALTERNATE, com.appsamurai.storyly.exoplayer2.common.C.ROLE_FLAG_SUPPLEMENTARY, com.appsamurai.storyly.exoplayer2.common.C.ROLE_FLAG_COMMENTARY, com.appsamurai.storyly.exoplayer2.common.C.ROLE_FLAG_DUB, com.appsamurai.storyly.exoplayer2.common.C.ROLE_FLAG_EMERGENCY, com.appsamurai.storyly.exoplayer2.common.C.ROLE_FLAG_CAPTION, com.appsamurai.storyly.exoplayer2.common.C.ROLE_FLAG_SUBTITLE, com.appsamurai.storyly.exoplayer2.common.C.ROLE_FLAG_SIGN, com.appsamurai.storyly.exoplayer2.common.C.ROLE_FLAG_DESCRIBES_VIDEO, com.appsamurai.storyly.exoplayer2.common.C.ROLE_FLAG_DESCRIBES_MUSIC_AND_SOUND, com.appsamurai.storyly.exoplayer2.common.C.ROLE_FLAG_ENHANCED_DIALOG_INTELLIGIBILITY, com.appsamurai.storyly.exoplayer2.common.C.ROLE_FLAG_TRANSCRIBES_DIALOG, com.appsamurai.storyly.exoplayer2.common.C.ROLE_FLAG_EASY_TO_READ, com.appsamurai.storyly.exoplayer2.common.C.ROLE_FLAG_TRICK_PLAY}" />
    </annotation>
  </item>
  <item name="com.appsamurai.storyly.exoplayer2.core.trackselection.DefaultTrackSelector.ParametersBuilder com.appsamurai.storyly.exoplayer2.core.trackselection.DefaultTrackSelector.ParametersBuilder setPreferredVideoRoleFlags(int) 0">
    <annotation name="androidx.annotation.IntDef">
      <val name="flag" val="true" />
      <val name="value" val="{com.appsamurai.storyly.exoplayer2.common.C.ROLE_FLAG_MAIN, com.appsamurai.storyly.exoplayer2.common.C.ROLE_FLAG_ALTERNATE, com.appsamurai.storyly.exoplayer2.common.C.ROLE_FLAG_SUPPLEMENTARY, com.appsamurai.storyly.exoplayer2.common.C.ROLE_FLAG_COMMENTARY, com.appsamurai.storyly.exoplayer2.common.C.ROLE_FLAG_DUB, com.appsamurai.storyly.exoplayer2.common.C.ROLE_FLAG_EMERGENCY, com.appsamurai.storyly.exoplayer2.common.C.ROLE_FLAG_CAPTION, com.appsamurai.storyly.exoplayer2.common.C.ROLE_FLAG_SUBTITLE, com.appsamurai.storyly.exoplayer2.common.C.ROLE_FLAG_SIGN, com.appsamurai.storyly.exoplayer2.common.C.ROLE_FLAG_DESCRIBES_VIDEO, com.appsamurai.storyly.exoplayer2.common.C.ROLE_FLAG_DESCRIBES_MUSIC_AND_SOUND, com.appsamurai.storyly.exoplayer2.common.C.ROLE_FLAG_ENHANCED_DIALOG_INTELLIGIBILITY, com.appsamurai.storyly.exoplayer2.common.C.ROLE_FLAG_TRANSCRIBES_DIALOG, com.appsamurai.storyly.exoplayer2.common.C.ROLE_FLAG_EASY_TO_READ, com.appsamurai.storyly.exoplayer2.common.C.ROLE_FLAG_TRICK_PLAY}" />
    </annotation>
  </item>
  <item name="com.appsamurai.storyly.exoplayer2.core.trackselection.DefaultTrackSelector.ParametersBuilder com.appsamurai.storyly.exoplayer2.core.trackselection.DefaultTrackSelector.ParametersBuilder setTrackTypeDisabled(int, boolean) 0">
    <annotation name="androidx.annotation.IntDef">
      <val name="open" val="true" />
      <val name="value" val="{com.appsamurai.storyly.exoplayer2.common.C.TRACK_TYPE_UNKNOWN, com.appsamurai.storyly.exoplayer2.common.C.TRACK_TYPE_DEFAULT, com.appsamurai.storyly.exoplayer2.common.C.TRACK_TYPE_AUDIO, com.appsamurai.storyly.exoplayer2.common.C.TRACK_TYPE_VIDEO, com.appsamurai.storyly.exoplayer2.common.C.TRACK_TYPE_TEXT, com.appsamurai.storyly.exoplayer2.common.C.TRACK_TYPE_IMAGE, com.appsamurai.storyly.exoplayer2.common.C.TRACK_TYPE_METADATA, com.appsamurai.storyly.exoplayer2.common.C.TRACK_TYPE_CAMERA_MOTION, com.appsamurai.storyly.exoplayer2.common.C.TRACK_TYPE_NONE}" />
    </annotation>
  </item>
  <item name="com.appsamurai.storyly.exoplayer2.core.trackselection.DefaultTrackSelector.SelectionOverride SelectionOverride(int, int[], int) 2">
    <annotation name="androidx.annotation.IntDef">
      <val name="open" val="true" />
      <val name="value" val="{com.appsamurai.storyly.exoplayer2.core.trackselection.TrackSelection.TYPE_UNSET}" />
    </annotation>
  </item>
  <item name="com.appsamurai.storyly.exoplayer2.core.trackselection.DefaultTrackSelector.SelectionOverride java.lang.String keyForField(int) 0">
    <annotation name="androidx.annotation.IntDef">
      <val name="value" val="{com.appsamurai.storyly.exoplayer2.core.trackselection.DefaultTrackSelector.SelectionOverride.FIELD_GROUP_INDEX, com.appsamurai.storyly.exoplayer2.core.trackselection.DefaultTrackSelector.SelectionOverride.FIELD_TRACKS, com.appsamurai.storyly.exoplayer2.core.trackselection.DefaultTrackSelector.SelectionOverride.FIELD_TRACK_TYPE}" />
    </annotation>
  </item>
  <item name="com.appsamurai.storyly.exoplayer2.core.trackselection.DefaultTrackSelector.SelectionOverride type">
    <annotation name="androidx.annotation.IntDef">
      <val name="open" val="true" />
      <val name="value" val="{com.appsamurai.storyly.exoplayer2.core.trackselection.TrackSelection.TYPE_UNSET}" />
    </annotation>
  </item>
  <item name="com.appsamurai.storyly.exoplayer2.core.trackselection.DefaultTrackSelector.TextTrackInfo TextTrackInfo(int, com.appsamurai.storyly.exoplayer2.common.source.TrackGroup, int, com.appsamurai.storyly.exoplayer2.core.trackselection.DefaultTrackSelector.Parameters, int, java.lang.String) 4">
  </item>
  <item name="com.appsamurai.storyly.exoplayer2.core.trackselection.DefaultTrackSelector.TextTrackInfo com.google.common.collect.ImmutableList&lt;com.appsamurai.storyly.exoplayer2.core.trackselection.DefaultTrackSelector.TextTrackInfo&gt; createForTrackGroup(int, com.appsamurai.storyly.exoplayer2.common.source.TrackGroup, com.appsamurai.storyly.exoplayer2.core.trackselection.DefaultTrackSelector.Parameters, int[], java.lang.String) 3">
  </item>
  <item name="com.appsamurai.storyly.exoplayer2.core.trackselection.DefaultTrackSelector.TextTrackInfo int getSelectionEligibility()">
    <annotation name="androidx.annotation.IntDef">
      <val name="value" val="{com.appsamurai.storyly.exoplayer2.core.trackselection.DefaultTrackSelector.SELECTION_ELIGIBILITY_NO, com.appsamurai.storyly.exoplayer2.core.trackselection.DefaultTrackSelector.SELECTION_ELIGIBILITY_FIXED, com.appsamurai.storyly.exoplayer2.core.trackselection.DefaultTrackSelector.SELECTION_ELIGIBILITY_ADAPTIVE}" />
    </annotation>
  </item>
  <item name="com.appsamurai.storyly.exoplayer2.core.trackselection.DefaultTrackSelector.TextTrackInfo selectionEligibility">
    <annotation name="androidx.annotation.IntDef">
      <val name="value" val="{com.appsamurai.storyly.exoplayer2.core.trackselection.DefaultTrackSelector.SELECTION_ELIGIBILITY_NO, com.appsamurai.storyly.exoplayer2.core.trackselection.DefaultTrackSelector.SELECTION_ELIGIBILITY_FIXED, com.appsamurai.storyly.exoplayer2.core.trackselection.DefaultTrackSelector.SELECTION_ELIGIBILITY_ADAPTIVE}" />
    </annotation>
  </item>
  <item name="com.appsamurai.storyly.exoplayer2.core.trackselection.DefaultTrackSelector.TrackInfo int getSelectionEligibility()">
    <annotation name="androidx.annotation.IntDef">
      <val name="value" val="{com.appsamurai.storyly.exoplayer2.core.trackselection.DefaultTrackSelector.SELECTION_ELIGIBILITY_NO, com.appsamurai.storyly.exoplayer2.core.trackselection.DefaultTrackSelector.SELECTION_ELIGIBILITY_FIXED, com.appsamurai.storyly.exoplayer2.core.trackselection.DefaultTrackSelector.SELECTION_ELIGIBILITY_ADAPTIVE}" />
    </annotation>
  </item>
  <item name="com.appsamurai.storyly.exoplayer2.core.trackselection.DefaultTrackSelector.TrackInfo.Factory java.util.List&lt;T&gt; create(int, com.appsamurai.storyly.exoplayer2.common.source.TrackGroup, int[]) 2">
  </item>
  <item name="com.appsamurai.storyly.exoplayer2.core.trackselection.DefaultTrackSelector.VideoTrackInfo VideoTrackInfo(int, com.appsamurai.storyly.exoplayer2.common.source.TrackGroup, int, com.appsamurai.storyly.exoplayer2.core.trackselection.DefaultTrackSelector.Parameters, int, int, boolean) 4">
  </item>
  <item name="com.appsamurai.storyly.exoplayer2.core.trackselection.DefaultTrackSelector.VideoTrackInfo VideoTrackInfo(int, com.appsamurai.storyly.exoplayer2.common.source.TrackGroup, int, com.appsamurai.storyly.exoplayer2.core.trackselection.DefaultTrackSelector.Parameters, int, int, boolean) 5">
    <annotation name="androidx.annotation.IntDef">
      <val name="value" val="{com.appsamurai.storyly.exoplayer2.core.RendererCapabilities.ADAPTIVE_SEAMLESS, com.appsamurai.storyly.exoplayer2.core.RendererCapabilities.ADAPTIVE_NOT_SEAMLESS, com.appsamurai.storyly.exoplayer2.core.RendererCapabilities.ADAPTIVE_NOT_SUPPORTED}" />
    </annotation>
  </item>
  <item name="com.appsamurai.storyly.exoplayer2.core.trackselection.DefaultTrackSelector.VideoTrackInfo com.google.common.collect.ImmutableList&lt;com.appsamurai.storyly.exoplayer2.core.trackselection.DefaultTrackSelector.VideoTrackInfo&gt; createForTrackGroup(int, com.appsamurai.storyly.exoplayer2.common.source.TrackGroup, com.appsamurai.storyly.exoplayer2.core.trackselection.DefaultTrackSelector.Parameters, int[], int) 3">
  </item>
  <item name="com.appsamurai.storyly.exoplayer2.core.trackselection.DefaultTrackSelector.VideoTrackInfo com.google.common.collect.ImmutableList&lt;com.appsamurai.storyly.exoplayer2.core.trackselection.DefaultTrackSelector.VideoTrackInfo&gt; createForTrackGroup(int, com.appsamurai.storyly.exoplayer2.common.source.TrackGroup, com.appsamurai.storyly.exoplayer2.core.trackselection.DefaultTrackSelector.Parameters, int[], int) 4">
    <annotation name="androidx.annotation.IntDef">
      <val name="value" val="{com.appsamurai.storyly.exoplayer2.core.RendererCapabilities.ADAPTIVE_SEAMLESS, com.appsamurai.storyly.exoplayer2.core.RendererCapabilities.ADAPTIVE_NOT_SEAMLESS, com.appsamurai.storyly.exoplayer2.core.RendererCapabilities.ADAPTIVE_NOT_SUPPORTED}" />
    </annotation>
  </item>
  <item name="com.appsamurai.storyly.exoplayer2.core.trackselection.DefaultTrackSelector.VideoTrackInfo int evaluateSelectionEligibility(int, int)">
    <annotation name="androidx.annotation.IntDef">
      <val name="value" val="{com.appsamurai.storyly.exoplayer2.core.trackselection.DefaultTrackSelector.SELECTION_ELIGIBILITY_NO, com.appsamurai.storyly.exoplayer2.core.trackselection.DefaultTrackSelector.SELECTION_ELIGIBILITY_FIXED, com.appsamurai.storyly.exoplayer2.core.trackselection.DefaultTrackSelector.SELECTION_ELIGIBILITY_ADAPTIVE}" />
    </annotation>
  </item>
  <item name="com.appsamurai.storyly.exoplayer2.core.trackselection.DefaultTrackSelector.VideoTrackInfo int evaluateSelectionEligibility(int, int) 0">
  </item>
  <item name="com.appsamurai.storyly.exoplayer2.core.trackselection.DefaultTrackSelector.VideoTrackInfo int evaluateSelectionEligibility(int, int) 1">
    <annotation name="androidx.annotation.IntDef">
      <val name="value" val="{com.appsamurai.storyly.exoplayer2.core.RendererCapabilities.ADAPTIVE_SEAMLESS, com.appsamurai.storyly.exoplayer2.core.RendererCapabilities.ADAPTIVE_NOT_SEAMLESS, com.appsamurai.storyly.exoplayer2.core.RendererCapabilities.ADAPTIVE_NOT_SUPPORTED}" />
    </annotation>
  </item>
  <item name="com.appsamurai.storyly.exoplayer2.core.trackselection.DefaultTrackSelector.VideoTrackInfo int getSelectionEligibility()">
    <annotation name="androidx.annotation.IntDef">
      <val name="value" val="{com.appsamurai.storyly.exoplayer2.core.trackselection.DefaultTrackSelector.SELECTION_ELIGIBILITY_NO, com.appsamurai.storyly.exoplayer2.core.trackselection.DefaultTrackSelector.SELECTION_ELIGIBILITY_FIXED, com.appsamurai.storyly.exoplayer2.core.trackselection.DefaultTrackSelector.SELECTION_ELIGIBILITY_ADAPTIVE}" />
    </annotation>
  </item>
  <item name="com.appsamurai.storyly.exoplayer2.core.trackselection.DefaultTrackSelector.VideoTrackInfo selectionEligibility">
    <annotation name="androidx.annotation.IntDef">
      <val name="value" val="{com.appsamurai.storyly.exoplayer2.core.trackselection.DefaultTrackSelector.SELECTION_ELIGIBILITY_NO, com.appsamurai.storyly.exoplayer2.core.trackselection.DefaultTrackSelector.SELECTION_ELIGIBILITY_FIXED, com.appsamurai.storyly.exoplayer2.core.trackselection.DefaultTrackSelector.SELECTION_ELIGIBILITY_ADAPTIVE}" />
    </annotation>
  </item>
  <item name="com.appsamurai.storyly.exoplayer2.core.trackselection.ExoTrackSelection int getSelectionReason()">
    <annotation name="androidx.annotation.IntDef">
      <val name="open" val="true" />
      <val name="value" val="{com.appsamurai.storyly.exoplayer2.common.C.SELECTION_REASON_UNKNOWN, com.appsamurai.storyly.exoplayer2.common.C.SELECTION_REASON_INITIAL, com.appsamurai.storyly.exoplayer2.common.C.SELECTION_REASON_MANUAL, com.appsamurai.storyly.exoplayer2.common.C.SELECTION_REASON_ADAPTIVE, com.appsamurai.storyly.exoplayer2.common.C.SELECTION_REASON_TRICK_PLAY}" />
    </annotation>
  </item>
  <item name="com.appsamurai.storyly.exoplayer2.core.trackselection.ExoTrackSelection.Definition Definition(com.appsamurai.storyly.exoplayer2.common.source.TrackGroup, int[], int) 2">
    <annotation name="androidx.annotation.IntDef">
      <val name="open" val="true" />
      <val name="value" val="{com.appsamurai.storyly.exoplayer2.core.trackselection.TrackSelection.TYPE_UNSET}" />
    </annotation>
  </item>
  <item name="com.appsamurai.storyly.exoplayer2.core.trackselection.ExoTrackSelection.Definition type">
    <annotation name="androidx.annotation.IntDef">
      <val name="open" val="true" />
      <val name="value" val="{com.appsamurai.storyly.exoplayer2.core.trackselection.TrackSelection.TYPE_UNSET}" />
    </annotation>
  </item>
  <item name="com.appsamurai.storyly.exoplayer2.core.trackselection.FixedTrackSelection FixedTrackSelection(com.appsamurai.storyly.exoplayer2.common.source.TrackGroup, int, int) 2">
    <annotation name="androidx.annotation.IntDef">
      <val name="open" val="true" />
      <val name="value" val="{com.appsamurai.storyly.exoplayer2.core.trackselection.TrackSelection.TYPE_UNSET}" />
    </annotation>
  </item>
  <item name="com.appsamurai.storyly.exoplayer2.core.trackselection.FixedTrackSelection FixedTrackSelection(com.appsamurai.storyly.exoplayer2.common.source.TrackGroup, int, int, int, java.lang.Object) 2">
    <annotation name="androidx.annotation.IntDef">
      <val name="open" val="true" />
      <val name="value" val="{com.appsamurai.storyly.exoplayer2.core.trackselection.TrackSelection.TYPE_UNSET}" />
    </annotation>
  </item>
  <item name="com.appsamurai.storyly.exoplayer2.core.trackselection.FixedTrackSelection FixedTrackSelection(com.appsamurai.storyly.exoplayer2.common.source.TrackGroup, int, int, int, java.lang.Object) 3">
    <annotation name="androidx.annotation.IntDef">
      <val name="open" val="true" />
      <val name="value" val="{com.appsamurai.storyly.exoplayer2.common.C.SELECTION_REASON_UNKNOWN, com.appsamurai.storyly.exoplayer2.common.C.SELECTION_REASON_INITIAL, com.appsamurai.storyly.exoplayer2.common.C.SELECTION_REASON_MANUAL, com.appsamurai.storyly.exoplayer2.common.C.SELECTION_REASON_ADAPTIVE, com.appsamurai.storyly.exoplayer2.common.C.SELECTION_REASON_TRICK_PLAY}" />
    </annotation>
  </item>
  <item name="com.appsamurai.storyly.exoplayer2.core.trackselection.FixedTrackSelection int getSelectionReason()">
    <annotation name="androidx.annotation.IntDef">
      <val name="open" val="true" />
      <val name="value" val="{com.appsamurai.storyly.exoplayer2.common.C.SELECTION_REASON_UNKNOWN, com.appsamurai.storyly.exoplayer2.common.C.SELECTION_REASON_INITIAL, com.appsamurai.storyly.exoplayer2.common.C.SELECTION_REASON_MANUAL, com.appsamurai.storyly.exoplayer2.common.C.SELECTION_REASON_ADAPTIVE, com.appsamurai.storyly.exoplayer2.common.C.SELECTION_REASON_TRICK_PLAY}" />
    </annotation>
  </item>
  <item name="com.appsamurai.storyly.exoplayer2.core.trackselection.FixedTrackSelection reason">
    <annotation name="androidx.annotation.IntDef">
      <val name="open" val="true" />
      <val name="value" val="{com.appsamurai.storyly.exoplayer2.common.C.SELECTION_REASON_UNKNOWN, com.appsamurai.storyly.exoplayer2.common.C.SELECTION_REASON_INITIAL, com.appsamurai.storyly.exoplayer2.common.C.SELECTION_REASON_MANUAL, com.appsamurai.storyly.exoplayer2.common.C.SELECTION_REASON_ADAPTIVE, com.appsamurai.storyly.exoplayer2.common.C.SELECTION_REASON_TRICK_PLAY}" />
    </annotation>
  </item>
  <item name="com.appsamurai.storyly.exoplayer2.core.trackselection.MappingTrackSelector android.util.Pair&lt;com.appsamurai.storyly.exoplayer2.core.RendererConfiguration[],com.appsamurai.storyly.exoplayer2.core.trackselection.ExoTrackSelection[]&gt; selectTracks(com.appsamurai.storyly.exoplayer2.core.trackselection.MappingTrackSelector.MappedTrackInfo, int[][][], int[], com.appsamurai.storyly.exoplayer2.core.source.MediaSource.MediaPeriodId, com.appsamurai.storyly.exoplayer2.common.Timeline) 1">
  </item>
  <item name="com.appsamurai.storyly.exoplayer2.core.trackselection.MappingTrackSelector android.util.Pair&lt;com.appsamurai.storyly.exoplayer2.core.RendererConfiguration[],com.appsamurai.storyly.exoplayer2.core.trackselection.ExoTrackSelection[]&gt; selectTracks(com.appsamurai.storyly.exoplayer2.core.trackselection.MappingTrackSelector.MappedTrackInfo, int[][][], int[], com.appsamurai.storyly.exoplayer2.core.source.MediaSource.MediaPeriodId, com.appsamurai.storyly.exoplayer2.common.Timeline) 2">
    <annotation name="androidx.annotation.IntDef">
      <val name="value" val="{com.appsamurai.storyly.exoplayer2.core.RendererCapabilities.ADAPTIVE_SEAMLESS, com.appsamurai.storyly.exoplayer2.core.RendererCapabilities.ADAPTIVE_NOT_SEAMLESS, com.appsamurai.storyly.exoplayer2.core.RendererCapabilities.ADAPTIVE_NOT_SUPPORTED}" />
    </annotation>
  </item>
  <item name="com.appsamurai.storyly.exoplayer2.core.trackselection.MappingTrackSelector int[] getFormatSupport(com.appsamurai.storyly.exoplayer2.core.RendererCapabilities, com.appsamurai.storyly.exoplayer2.common.source.TrackGroup)">
  </item>
  <item name="com.appsamurai.storyly.exoplayer2.core.trackselection.MappingTrackSelector int[] getMixedMimeTypeAdaptationSupports(com.appsamurai.storyly.exoplayer2.core.RendererCapabilities[])">
    <annotation name="androidx.annotation.IntDef">
      <val name="value" val="{com.appsamurai.storyly.exoplayer2.core.RendererCapabilities.ADAPTIVE_SEAMLESS, com.appsamurai.storyly.exoplayer2.core.RendererCapabilities.ADAPTIVE_NOT_SEAMLESS, com.appsamurai.storyly.exoplayer2.core.RendererCapabilities.ADAPTIVE_NOT_SUPPORTED}" />
    </annotation>
  </item>
  <item name="com.appsamurai.storyly.exoplayer2.core.trackselection.MappingTrackSelector.MappedTrackInfo MappedTrackInfo(java.lang.String[], int[], com.appsamurai.storyly.exoplayer2.core.source.TrackGroupArray[], int[], int[][][], com.appsamurai.storyly.exoplayer2.core.source.TrackGroupArray) 1">
    <annotation name="androidx.annotation.IntDef">
      <val name="open" val="true" />
      <val name="value" val="{com.appsamurai.storyly.exoplayer2.common.C.TRACK_TYPE_UNKNOWN, com.appsamurai.storyly.exoplayer2.common.C.TRACK_TYPE_DEFAULT, com.appsamurai.storyly.exoplayer2.common.C.TRACK_TYPE_AUDIO, com.appsamurai.storyly.exoplayer2.common.C.TRACK_TYPE_VIDEO, com.appsamurai.storyly.exoplayer2.common.C.TRACK_TYPE_TEXT, com.appsamurai.storyly.exoplayer2.common.C.TRACK_TYPE_IMAGE, com.appsamurai.storyly.exoplayer2.common.C.TRACK_TYPE_METADATA, com.appsamurai.storyly.exoplayer2.common.C.TRACK_TYPE_CAMERA_MOTION, com.appsamurai.storyly.exoplayer2.common.C.TRACK_TYPE_NONE}" />
    </annotation>
  </item>
  <item name="com.appsamurai.storyly.exoplayer2.core.trackselection.MappingTrackSelector.MappedTrackInfo MappedTrackInfo(java.lang.String[], int[], com.appsamurai.storyly.exoplayer2.core.source.TrackGroupArray[], int[], int[][][], com.appsamurai.storyly.exoplayer2.core.source.TrackGroupArray) 3">
    <annotation name="androidx.annotation.IntDef">
      <val name="value" val="{com.appsamurai.storyly.exoplayer2.core.RendererCapabilities.ADAPTIVE_SEAMLESS, com.appsamurai.storyly.exoplayer2.core.RendererCapabilities.ADAPTIVE_NOT_SEAMLESS, com.appsamurai.storyly.exoplayer2.core.RendererCapabilities.ADAPTIVE_NOT_SUPPORTED}" />
    </annotation>
  </item>
  <item name="com.appsamurai.storyly.exoplayer2.core.trackselection.MappingTrackSelector.MappedTrackInfo MappedTrackInfo(java.lang.String[], int[], com.appsamurai.storyly.exoplayer2.core.source.TrackGroupArray[], int[], int[][][], com.appsamurai.storyly.exoplayer2.core.source.TrackGroupArray) 4">
  </item>
  <item name="com.appsamurai.storyly.exoplayer2.core.trackselection.MappingTrackSelector.MappedTrackInfo int getAdaptiveSupport(int, int, boolean)">
    <annotation name="androidx.annotation.IntDef">
      <val name="value" val="{com.appsamurai.storyly.exoplayer2.core.RendererCapabilities.ADAPTIVE_SEAMLESS, com.appsamurai.storyly.exoplayer2.core.RendererCapabilities.ADAPTIVE_NOT_SEAMLESS, com.appsamurai.storyly.exoplayer2.core.RendererCapabilities.ADAPTIVE_NOT_SUPPORTED}" />
    </annotation>
  </item>
  <item name="com.appsamurai.storyly.exoplayer2.core.trackselection.MappingTrackSelector.MappedTrackInfo int getAdaptiveSupport(int, int, int[])">
    <annotation name="androidx.annotation.IntDef">
      <val name="value" val="{com.appsamurai.storyly.exoplayer2.core.RendererCapabilities.ADAPTIVE_SEAMLESS, com.appsamurai.storyly.exoplayer2.core.RendererCapabilities.ADAPTIVE_NOT_SEAMLESS, com.appsamurai.storyly.exoplayer2.core.RendererCapabilities.ADAPTIVE_NOT_SUPPORTED}" />
    </annotation>
  </item>
  <item name="com.appsamurai.storyly.exoplayer2.core.trackselection.MappingTrackSelector.MappedTrackInfo int getCapabilities(int, int, int)">
  </item>
  <item name="com.appsamurai.storyly.exoplayer2.core.trackselection.MappingTrackSelector.MappedTrackInfo int getRendererSupport(int)">
    <annotation name="androidx.annotation.IntDef">
      <val name="value" val="{com.appsamurai.storyly.exoplayer2.core.trackselection.MappingTrackSelector.MappedTrackInfo.RENDERER_SUPPORT_NO_TRACKS, com.appsamurai.storyly.exoplayer2.core.trackselection.MappingTrackSelector.MappedTrackInfo.RENDERER_SUPPORT_UNSUPPORTED_TRACKS, com.appsamurai.storyly.exoplayer2.core.trackselection.MappingTrackSelector.MappedTrackInfo.RENDERER_SUPPORT_EXCEEDS_CAPABILITIES_TRACKS, com.appsamurai.storyly.exoplayer2.core.trackselection.MappingTrackSelector.MappedTrackInfo.RENDERER_SUPPORT_PLAYABLE_TRACKS}" />
    </annotation>
  </item>
  <item name="com.appsamurai.storyly.exoplayer2.core.trackselection.MappingTrackSelector.MappedTrackInfo int getRendererType(int)">
    <annotation name="androidx.annotation.IntDef">
      <val name="open" val="true" />
      <val name="value" val="{com.appsamurai.storyly.exoplayer2.common.C.TRACK_TYPE_UNKNOWN, com.appsamurai.storyly.exoplayer2.common.C.TRACK_TYPE_DEFAULT, com.appsamurai.storyly.exoplayer2.common.C.TRACK_TYPE_AUDIO, com.appsamurai.storyly.exoplayer2.common.C.TRACK_TYPE_VIDEO, com.appsamurai.storyly.exoplayer2.common.C.TRACK_TYPE_TEXT, com.appsamurai.storyly.exoplayer2.common.C.TRACK_TYPE_IMAGE, com.appsamurai.storyly.exoplayer2.common.C.TRACK_TYPE_METADATA, com.appsamurai.storyly.exoplayer2.common.C.TRACK_TYPE_CAMERA_MOTION, com.appsamurai.storyly.exoplayer2.common.C.TRACK_TYPE_NONE}" />
    </annotation>
  </item>
  <item name="com.appsamurai.storyly.exoplayer2.core.trackselection.MappingTrackSelector.MappedTrackInfo int getTrackSupport(int, int, int)">
    <annotation name="androidx.annotation.IntDef">
      <val name="value" val="{com.appsamurai.storyly.exoplayer2.common.C.FORMAT_HANDLED, com.appsamurai.storyly.exoplayer2.common.C.FORMAT_EXCEEDS_CAPABILITIES, com.appsamurai.storyly.exoplayer2.common.C.FORMAT_UNSUPPORTED_DRM, com.appsamurai.storyly.exoplayer2.common.C.FORMAT_UNSUPPORTED_SUBTYPE, com.appsamurai.storyly.exoplayer2.common.C.FORMAT_UNSUPPORTED_TYPE}" />
    </annotation>
  </item>
  <item name="com.appsamurai.storyly.exoplayer2.core.trackselection.MappingTrackSelector.MappedTrackInfo int getTypeSupport(int)">
    <annotation name="androidx.annotation.IntDef">
      <val name="value" val="{com.appsamurai.storyly.exoplayer2.core.trackselection.MappingTrackSelector.MappedTrackInfo.RENDERER_SUPPORT_NO_TRACKS, com.appsamurai.storyly.exoplayer2.core.trackselection.MappingTrackSelector.MappedTrackInfo.RENDERER_SUPPORT_UNSUPPORTED_TRACKS, com.appsamurai.storyly.exoplayer2.core.trackselection.MappingTrackSelector.MappedTrackInfo.RENDERER_SUPPORT_EXCEEDS_CAPABILITIES_TRACKS, com.appsamurai.storyly.exoplayer2.core.trackselection.MappingTrackSelector.MappedTrackInfo.RENDERER_SUPPORT_PLAYABLE_TRACKS}" />
    </annotation>
  </item>
  <item name="com.appsamurai.storyly.exoplayer2.core.trackselection.MappingTrackSelector.MappedTrackInfo int getTypeSupport(int) 0">
    <annotation name="androidx.annotation.IntDef">
      <val name="open" val="true" />
      <val name="value" val="{com.appsamurai.storyly.exoplayer2.common.C.TRACK_TYPE_UNKNOWN, com.appsamurai.storyly.exoplayer2.common.C.TRACK_TYPE_DEFAULT, com.appsamurai.storyly.exoplayer2.common.C.TRACK_TYPE_AUDIO, com.appsamurai.storyly.exoplayer2.common.C.TRACK_TYPE_VIDEO, com.appsamurai.storyly.exoplayer2.common.C.TRACK_TYPE_TEXT, com.appsamurai.storyly.exoplayer2.common.C.TRACK_TYPE_IMAGE, com.appsamurai.storyly.exoplayer2.common.C.TRACK_TYPE_METADATA, com.appsamurai.storyly.exoplayer2.common.C.TRACK_TYPE_CAMERA_MOTION, com.appsamurai.storyly.exoplayer2.common.C.TRACK_TYPE_NONE}" />
    </annotation>
  </item>
  <item name="com.appsamurai.storyly.exoplayer2.core.trackselection.MappingTrackSelector.MappedTrackInfo rendererFormatSupports">
  </item>
  <item name="com.appsamurai.storyly.exoplayer2.core.trackselection.MappingTrackSelector.MappedTrackInfo rendererMixedMimeTypeAdaptiveSupports">
    <annotation name="androidx.annotation.IntDef">
      <val name="value" val="{com.appsamurai.storyly.exoplayer2.core.RendererCapabilities.ADAPTIVE_SEAMLESS, com.appsamurai.storyly.exoplayer2.core.RendererCapabilities.ADAPTIVE_NOT_SEAMLESS, com.appsamurai.storyly.exoplayer2.core.RendererCapabilities.ADAPTIVE_NOT_SUPPORTED}" />
    </annotation>
  </item>
  <item name="com.appsamurai.storyly.exoplayer2.core.trackselection.MappingTrackSelector.MappedTrackInfo rendererTrackTypes">
    <annotation name="androidx.annotation.IntDef">
      <val name="open" val="true" />
      <val name="value" val="{com.appsamurai.storyly.exoplayer2.common.C.TRACK_TYPE_UNKNOWN, com.appsamurai.storyly.exoplayer2.common.C.TRACK_TYPE_DEFAULT, com.appsamurai.storyly.exoplayer2.common.C.TRACK_TYPE_AUDIO, com.appsamurai.storyly.exoplayer2.common.C.TRACK_TYPE_VIDEO, com.appsamurai.storyly.exoplayer2.common.C.TRACK_TYPE_TEXT, com.appsamurai.storyly.exoplayer2.common.C.TRACK_TYPE_IMAGE, com.appsamurai.storyly.exoplayer2.common.C.TRACK_TYPE_METADATA, com.appsamurai.storyly.exoplayer2.common.C.TRACK_TYPE_CAMERA_MOTION, com.appsamurai.storyly.exoplayer2.common.C.TRACK_TYPE_NONE}" />
    </annotation>
  </item>
  <item name="com.appsamurai.storyly.exoplayer2.core.trackselection.MappingTrackSelector.MappedTrackInfo.RendererSupport">
    <annotation name="androidx.annotation.IntDef">
      <val name="value" val="{com.appsamurai.storyly.exoplayer2.core.trackselection.MappingTrackSelector.MappedTrackInfo.RENDERER_SUPPORT_NO_TRACKS, com.appsamurai.storyly.exoplayer2.core.trackselection.MappingTrackSelector.MappedTrackInfo.RENDERER_SUPPORT_UNSUPPORTED_TRACKS, com.appsamurai.storyly.exoplayer2.core.trackselection.MappingTrackSelector.MappedTrackInfo.RENDERER_SUPPORT_EXCEEDS_CAPABILITIES_TRACKS, com.appsamurai.storyly.exoplayer2.core.trackselection.MappingTrackSelector.MappedTrackInfo.RENDERER_SUPPORT_PLAYABLE_TRACKS}" />
    </annotation>
  </item>
  <item name="com.appsamurai.storyly.exoplayer2.core.trackselection.TrackSelection int getType()">
    <annotation name="androidx.annotation.IntDef">
      <val name="open" val="true" />
      <val name="value" val="{com.appsamurai.storyly.exoplayer2.core.trackselection.TrackSelection.TYPE_UNSET}" />
    </annotation>
  </item>
  <item name="com.appsamurai.storyly.exoplayer2.core.trackselection.TrackSelection.Type">
    <annotation name="androidx.annotation.IntDef">
      <val name="open" val="true" />
      <val name="value" val="{com.appsamurai.storyly.exoplayer2.core.trackselection.TrackSelection.TYPE_UNSET}" />
    </annotation>
  </item>
</root>

