<?xml version="1.0" encoding="UTF-8"?>
<root>
  <item name="com.appsamurai.storyly.exoplayer2.extractor.extractor.BinarySearchSeeker.TimestampSearchResult TimestampSearchResult(int, long, long) 0">
    <annotation name="androidx.annotation.IntDef">
      <val name="value" val="{com.appsamurai.storyly.exoplayer2.extractor.extractor.BinarySearchSeeker.TimestampSearchResult.TYPE_TARGET_TIMESTAMP_FOUND, com.appsamurai.storyly.exoplayer2.extractor.extractor.BinarySearchSeeker.TimestampSearchResult.TYPE_POSITION_OVERESTIMATED, com.appsamurai.storyly.exoplayer2.extractor.extractor.BinarySearchSeeker.TimestampSearchResult.TYPE_POSITION_UNDERESTIMATED, com.appsamurai.storyly.exoplayer2.extractor.extractor.BinarySearchSeeker.TimestampSearchResult.TYPE_NO_TIMESTAMP}" />
    </annotation>
  </item>
  <item name="com.appsamurai.storyly.exoplayer2.extractor.extractor.BinarySearchSeeker.TimestampSearchResult type">
    <annotation name="androidx.annotation.IntDef">
      <val name="value" val="{com.appsamurai.storyly.exoplayer2.extractor.extractor.BinarySearchSeeker.TimestampSearchResult.TYPE_TARGET_TIMESTAMP_FOUND, com.appsamurai.storyly.exoplayer2.extractor.extractor.BinarySearchSeeker.TimestampSearchResult.TYPE_POSITION_OVERESTIMATED, com.appsamurai.storyly.exoplayer2.extractor.extractor.BinarySearchSeeker.TimestampSearchResult.TYPE_POSITION_UNDERESTIMATED, com.appsamurai.storyly.exoplayer2.extractor.extractor.BinarySearchSeeker.TimestampSearchResult.TYPE_NO_TIMESTAMP}" />
    </annotation>
  </item>
  <item name="com.appsamurai.storyly.exoplayer2.extractor.extractor.DefaultExtractorsFactory adtsFlags">
    <annotation name="androidx.annotation.IntDef">
      <val name="flag" val="true" />
      <val name="value" val="{com.appsamurai.storyly.exoplayer2.extractor.extractor.ts.AdtsExtractor.FLAG_ENABLE_CONSTANT_BITRATE_SEEKING, com.appsamurai.storyly.exoplayer2.extractor.extractor.ts.AdtsExtractor.FLAG_ENABLE_CONSTANT_BITRATE_SEEKING_ALWAYS}" />
    </annotation>
  </item>
  <item name="com.appsamurai.storyly.exoplayer2.extractor.extractor.DefaultExtractorsFactory amrFlags">
    <annotation name="androidx.annotation.IntDef">
      <val name="flag" val="true" />
      <val name="value" val="{com.appsamurai.storyly.exoplayer2.extractor.extractor.amr.AmrExtractor.FLAG_ENABLE_CONSTANT_BITRATE_SEEKING, com.appsamurai.storyly.exoplayer2.extractor.extractor.amr.AmrExtractor.FLAG_ENABLE_CONSTANT_BITRATE_SEEKING_ALWAYS}" />
    </annotation>
  </item>
  <item name="com.appsamurai.storyly.exoplayer2.extractor.extractor.DefaultExtractorsFactory com.appsamurai.storyly.exoplayer2.extractor.extractor.DefaultExtractorsFactory setAdtsExtractorFlags(int) 0">
    <annotation name="androidx.annotation.IntDef">
      <val name="flag" val="true" />
      <val name="value" val="{com.appsamurai.storyly.exoplayer2.extractor.extractor.ts.AdtsExtractor.FLAG_ENABLE_CONSTANT_BITRATE_SEEKING, com.appsamurai.storyly.exoplayer2.extractor.extractor.ts.AdtsExtractor.FLAG_ENABLE_CONSTANT_BITRATE_SEEKING_ALWAYS}" />
    </annotation>
  </item>
  <item name="com.appsamurai.storyly.exoplayer2.extractor.extractor.DefaultExtractorsFactory com.appsamurai.storyly.exoplayer2.extractor.extractor.DefaultExtractorsFactory setAmrExtractorFlags(int) 0">
    <annotation name="androidx.annotation.IntDef">
      <val name="flag" val="true" />
      <val name="value" val="{com.appsamurai.storyly.exoplayer2.extractor.extractor.amr.AmrExtractor.FLAG_ENABLE_CONSTANT_BITRATE_SEEKING, com.appsamurai.storyly.exoplayer2.extractor.extractor.amr.AmrExtractor.FLAG_ENABLE_CONSTANT_BITRATE_SEEKING_ALWAYS}" />
    </annotation>
  </item>
  <item name="com.appsamurai.storyly.exoplayer2.extractor.extractor.DefaultExtractorsFactory com.appsamurai.storyly.exoplayer2.extractor.extractor.DefaultExtractorsFactory setFlacExtractorFlags(int) 0">
    <annotation name="androidx.annotation.IntDef">
      <val name="flag" val="true" />
      <val name="value" val="{com.appsamurai.storyly.exoplayer2.extractor.extractor.flac.FlacExtractor.FLAG_DISABLE_ID3_METADATA}" />
    </annotation>
  </item>
  <item name="com.appsamurai.storyly.exoplayer2.extractor.extractor.DefaultExtractorsFactory com.appsamurai.storyly.exoplayer2.extractor.extractor.DefaultExtractorsFactory setFragmentedMp4ExtractorFlags(int) 0">
    <annotation name="androidx.annotation.IntDef">
      <val name="flag" val="true" />
      <val name="value" val="{com.appsamurai.storyly.exoplayer2.extractor.extractor.mp4.FragmentedMp4Extractor.FLAG_WORKAROUND_EVERY_VIDEO_FRAME_IS_SYNC_FRAME, com.appsamurai.storyly.exoplayer2.extractor.extractor.mp4.FragmentedMp4Extractor.FLAG_WORKAROUND_IGNORE_TFDT_BOX, com.appsamurai.storyly.exoplayer2.extractor.extractor.mp4.FragmentedMp4Extractor.FLAG_ENABLE_EMSG_TRACK, com.appsamurai.storyly.exoplayer2.extractor.extractor.mp4.FragmentedMp4Extractor.FLAG_WORKAROUND_IGNORE_EDIT_LISTS}" />
    </annotation>
  </item>
  <item name="com.appsamurai.storyly.exoplayer2.extractor.extractor.DefaultExtractorsFactory com.appsamurai.storyly.exoplayer2.extractor.extractor.DefaultExtractorsFactory setMatroskaExtractorFlags(int) 0">
    <annotation name="androidx.annotation.IntDef">
      <val name="flag" val="true" />
      <val name="value" val="{com.appsamurai.storyly.exoplayer2.extractor.extractor.mkv.MatroskaExtractor.FLAG_DISABLE_SEEK_FOR_CUES}" />
    </annotation>
  </item>
  <item name="com.appsamurai.storyly.exoplayer2.extractor.extractor.DefaultExtractorsFactory com.appsamurai.storyly.exoplayer2.extractor.extractor.DefaultExtractorsFactory setMp3ExtractorFlags(int) 0">
    <annotation name="androidx.annotation.IntDef">
      <val name="flag" val="true" />
      <val name="value" val="{com.appsamurai.storyly.exoplayer2.extractor.extractor.mp3.Mp3Extractor.FLAG_ENABLE_CONSTANT_BITRATE_SEEKING, com.appsamurai.storyly.exoplayer2.extractor.extractor.mp3.Mp3Extractor.FLAG_ENABLE_CONSTANT_BITRATE_SEEKING_ALWAYS, com.appsamurai.storyly.exoplayer2.extractor.extractor.mp3.Mp3Extractor.FLAG_ENABLE_INDEX_SEEKING, com.appsamurai.storyly.exoplayer2.extractor.extractor.mp3.Mp3Extractor.FLAG_DISABLE_ID3_METADATA}" />
    </annotation>
  </item>
  <item name="com.appsamurai.storyly.exoplayer2.extractor.extractor.DefaultExtractorsFactory com.appsamurai.storyly.exoplayer2.extractor.extractor.DefaultExtractorsFactory setMp4ExtractorFlags(int) 0">
    <annotation name="androidx.annotation.IntDef">
      <val name="flag" val="true" />
      <val name="value" val="{com.appsamurai.storyly.exoplayer2.extractor.extractor.mp4.Mp4Extractor.FLAG_WORKAROUND_IGNORE_EDIT_LISTS, com.appsamurai.storyly.exoplayer2.extractor.extractor.mp4.Mp4Extractor.FLAG_READ_MOTION_PHOTO_METADATA, com.appsamurai.storyly.exoplayer2.extractor.extractor.mp4.Mp4Extractor.FLAG_READ_SEF_DATA}" />
    </annotation>
  </item>
  <item name="com.appsamurai.storyly.exoplayer2.extractor.extractor.DefaultExtractorsFactory com.appsamurai.storyly.exoplayer2.extractor.extractor.DefaultExtractorsFactory setTsExtractorFlags(int) 0">
    <annotation name="androidx.annotation.IntDef">
      <val name="flag" val="true" />
      <val name="value" val="{com.appsamurai.storyly.exoplayer2.extractor.extractor.ts.DefaultTsPayloadReaderFactory.FLAG_ALLOW_NON_IDR_KEYFRAMES, com.appsamurai.storyly.exoplayer2.extractor.extractor.ts.DefaultTsPayloadReaderFactory.FLAG_IGNORE_AAC_STREAM, com.appsamurai.storyly.exoplayer2.extractor.extractor.ts.DefaultTsPayloadReaderFactory.FLAG_IGNORE_H264_STREAM, com.appsamurai.storyly.exoplayer2.extractor.extractor.ts.DefaultTsPayloadReaderFactory.FLAG_DETECT_ACCESS_UNITS, com.appsamurai.storyly.exoplayer2.extractor.extractor.ts.DefaultTsPayloadReaderFactory.FLAG_IGNORE_SPLICE_INFO_STREAM, com.appsamurai.storyly.exoplayer2.extractor.extractor.ts.DefaultTsPayloadReaderFactory.FLAG_OVERRIDE_CAPTION_DESCRIPTORS, com.appsamurai.storyly.exoplayer2.extractor.extractor.ts.DefaultTsPayloadReaderFactory.FLAG_ENABLE_HDMV_DTS_AUDIO_STREAMS}" />
    </annotation>
  </item>
  <item name="com.appsamurai.storyly.exoplayer2.extractor.extractor.DefaultExtractorsFactory com.appsamurai.storyly.exoplayer2.extractor.extractor.DefaultExtractorsFactory setTsExtractorMode(int) 0">
    <annotation name="androidx.annotation.IntDef">
      <val name="value" val="{com.appsamurai.storyly.exoplayer2.extractor.extractor.ts.TsExtractor.MODE_MULTI_PMT, com.appsamurai.storyly.exoplayer2.extractor.extractor.ts.TsExtractor.MODE_SINGLE_PMT, com.appsamurai.storyly.exoplayer2.extractor.extractor.ts.TsExtractor.MODE_HLS}" />
    </annotation>
  </item>
  <item name="com.appsamurai.storyly.exoplayer2.extractor.extractor.DefaultExtractorsFactory flacFlags">
    <annotation name="androidx.annotation.IntDef">
      <val name="flag" val="true" />
      <val name="value" val="{com.appsamurai.storyly.exoplayer2.extractor.extractor.flac.FlacExtractor.FLAG_DISABLE_ID3_METADATA}" />
    </annotation>
  </item>
  <item name="com.appsamurai.storyly.exoplayer2.extractor.extractor.DefaultExtractorsFactory fragmentedMp4Flags">
    <annotation name="androidx.annotation.IntDef">
      <val name="flag" val="true" />
      <val name="value" val="{com.appsamurai.storyly.exoplayer2.extractor.extractor.mp4.FragmentedMp4Extractor.FLAG_WORKAROUND_EVERY_VIDEO_FRAME_IS_SYNC_FRAME, com.appsamurai.storyly.exoplayer2.extractor.extractor.mp4.FragmentedMp4Extractor.FLAG_WORKAROUND_IGNORE_TFDT_BOX, com.appsamurai.storyly.exoplayer2.extractor.extractor.mp4.FragmentedMp4Extractor.FLAG_ENABLE_EMSG_TRACK, com.appsamurai.storyly.exoplayer2.extractor.extractor.mp4.FragmentedMp4Extractor.FLAG_WORKAROUND_IGNORE_EDIT_LISTS}" />
    </annotation>
  </item>
  <item name="com.appsamurai.storyly.exoplayer2.extractor.extractor.DefaultExtractorsFactory matroskaFlags">
    <annotation name="androidx.annotation.IntDef">
      <val name="flag" val="true" />
      <val name="value" val="{com.appsamurai.storyly.exoplayer2.extractor.extractor.mkv.MatroskaExtractor.FLAG_DISABLE_SEEK_FOR_CUES}" />
    </annotation>
  </item>
  <item name="com.appsamurai.storyly.exoplayer2.extractor.extractor.DefaultExtractorsFactory mp3Flags">
    <annotation name="androidx.annotation.IntDef">
      <val name="flag" val="true" />
      <val name="value" val="{com.appsamurai.storyly.exoplayer2.extractor.extractor.mp3.Mp3Extractor.FLAG_ENABLE_CONSTANT_BITRATE_SEEKING, com.appsamurai.storyly.exoplayer2.extractor.extractor.mp3.Mp3Extractor.FLAG_ENABLE_CONSTANT_BITRATE_SEEKING_ALWAYS, com.appsamurai.storyly.exoplayer2.extractor.extractor.mp3.Mp3Extractor.FLAG_ENABLE_INDEX_SEEKING, com.appsamurai.storyly.exoplayer2.extractor.extractor.mp3.Mp3Extractor.FLAG_DISABLE_ID3_METADATA}" />
    </annotation>
  </item>
  <item name="com.appsamurai.storyly.exoplayer2.extractor.extractor.DefaultExtractorsFactory mp4Flags">
    <annotation name="androidx.annotation.IntDef">
      <val name="flag" val="true" />
      <val name="value" val="{com.appsamurai.storyly.exoplayer2.extractor.extractor.mp4.Mp4Extractor.FLAG_WORKAROUND_IGNORE_EDIT_LISTS, com.appsamurai.storyly.exoplayer2.extractor.extractor.mp4.Mp4Extractor.FLAG_READ_MOTION_PHOTO_METADATA, com.appsamurai.storyly.exoplayer2.extractor.extractor.mp4.Mp4Extractor.FLAG_READ_SEF_DATA}" />
    </annotation>
  </item>
  <item name="com.appsamurai.storyly.exoplayer2.extractor.extractor.DefaultExtractorsFactory tsFlags">
    <annotation name="androidx.annotation.IntDef">
      <val name="flag" val="true" />
      <val name="value" val="{com.appsamurai.storyly.exoplayer2.extractor.extractor.ts.DefaultTsPayloadReaderFactory.FLAG_ALLOW_NON_IDR_KEYFRAMES, com.appsamurai.storyly.exoplayer2.extractor.extractor.ts.DefaultTsPayloadReaderFactory.FLAG_IGNORE_AAC_STREAM, com.appsamurai.storyly.exoplayer2.extractor.extractor.ts.DefaultTsPayloadReaderFactory.FLAG_IGNORE_H264_STREAM, com.appsamurai.storyly.exoplayer2.extractor.extractor.ts.DefaultTsPayloadReaderFactory.FLAG_DETECT_ACCESS_UNITS, com.appsamurai.storyly.exoplayer2.extractor.extractor.ts.DefaultTsPayloadReaderFactory.FLAG_IGNORE_SPLICE_INFO_STREAM, com.appsamurai.storyly.exoplayer2.extractor.extractor.ts.DefaultTsPayloadReaderFactory.FLAG_OVERRIDE_CAPTION_DESCRIPTORS, com.appsamurai.storyly.exoplayer2.extractor.extractor.ts.DefaultTsPayloadReaderFactory.FLAG_ENABLE_HDMV_DTS_AUDIO_STREAMS}" />
    </annotation>
  </item>
  <item name="com.appsamurai.storyly.exoplayer2.extractor.extractor.DefaultExtractorsFactory tsMode">
    <annotation name="androidx.annotation.IntDef">
      <val name="value" val="{com.appsamurai.storyly.exoplayer2.extractor.extractor.ts.TsExtractor.MODE_MULTI_PMT, com.appsamurai.storyly.exoplayer2.extractor.extractor.ts.TsExtractor.MODE_SINGLE_PMT, com.appsamurai.storyly.exoplayer2.extractor.extractor.ts.TsExtractor.MODE_HLS}" />
    </annotation>
  </item>
  <item name="com.appsamurai.storyly.exoplayer2.extractor.extractor.DefaultExtractorsFactory void addExtractorsForFileType(int, java.util.List&lt;com.appsamurai.storyly.exoplayer2.extractor.extractor.Extractor&gt;) 0">
    <annotation name="androidx.annotation.IntDef">
      <val name="value" val="{com.appsamurai.storyly.exoplayer2.common.util.FileTypes.UNKNOWN, com.appsamurai.storyly.exoplayer2.common.util.FileTypes.AC3, com.appsamurai.storyly.exoplayer2.common.util.FileTypes.AC4, com.appsamurai.storyly.exoplayer2.common.util.FileTypes.ADTS, com.appsamurai.storyly.exoplayer2.common.util.FileTypes.AMR, com.appsamurai.storyly.exoplayer2.common.util.FileTypes.FLAC, com.appsamurai.storyly.exoplayer2.common.util.FileTypes.FLV, com.appsamurai.storyly.exoplayer2.common.util.FileTypes.MATROSKA, com.appsamurai.storyly.exoplayer2.common.util.FileTypes.MP3, com.appsamurai.storyly.exoplayer2.common.util.FileTypes.MP4, com.appsamurai.storyly.exoplayer2.common.util.FileTypes.OGG, com.appsamurai.storyly.exoplayer2.common.util.FileTypes.PS, com.appsamurai.storyly.exoplayer2.common.util.FileTypes.TS, com.appsamurai.storyly.exoplayer2.common.util.FileTypes.WAV, com.appsamurai.storyly.exoplayer2.common.util.FileTypes.WEBVTT, com.appsamurai.storyly.exoplayer2.common.util.FileTypes.JPEG, com.appsamurai.storyly.exoplayer2.common.util.FileTypes.MIDI, com.appsamurai.storyly.exoplayer2.common.util.FileTypes.AVI}" />
    </annotation>
  </item>
  <item name="com.appsamurai.storyly.exoplayer2.extractor.extractor.DummyTrackOutput int sampleData(com.appsamurai.storyly.exoplayer2.common.upstream.DataReader, int, boolean, int) 3">
    <annotation name="androidx.annotation.IntDef">
      <val name="value" val="{com.appsamurai.storyly.exoplayer2.extractor.extractor.TrackOutput.SAMPLE_DATA_PART_MAIN, com.appsamurai.storyly.exoplayer2.extractor.extractor.TrackOutput.SAMPLE_DATA_PART_ENCRYPTION, com.appsamurai.storyly.exoplayer2.extractor.extractor.TrackOutput.SAMPLE_DATA_PART_SUPPLEMENTAL}" />
    </annotation>
  </item>
  <item name="com.appsamurai.storyly.exoplayer2.extractor.extractor.DummyTrackOutput void sampleData(com.appsamurai.storyly.exoplayer2.common.util.ParsableByteArray, int, int) 2">
    <annotation name="androidx.annotation.IntDef">
      <val name="value" val="{com.appsamurai.storyly.exoplayer2.extractor.extractor.TrackOutput.SAMPLE_DATA_PART_MAIN, com.appsamurai.storyly.exoplayer2.extractor.extractor.TrackOutput.SAMPLE_DATA_PART_ENCRYPTION, com.appsamurai.storyly.exoplayer2.extractor.extractor.TrackOutput.SAMPLE_DATA_PART_SUPPLEMENTAL}" />
    </annotation>
  </item>
  <item name="com.appsamurai.storyly.exoplayer2.extractor.extractor.DummyTrackOutput void sampleMetadata(long, int, int, int, com.appsamurai.storyly.exoplayer2.extractor.extractor.TrackOutput.CryptoData) 1">
    <annotation name="androidx.annotation.IntDef">
      <val name="flag" val="true" />
      <val name="value" val="{com.appsamurai.storyly.exoplayer2.common.C.BUFFER_FLAG_KEY_FRAME, com.appsamurai.storyly.exoplayer2.common.C.BUFFER_FLAG_END_OF_STREAM, com.appsamurai.storyly.exoplayer2.common.C.BUFFER_FLAG_FIRST_SAMPLE, com.appsamurai.storyly.exoplayer2.common.C.BUFFER_FLAG_HAS_SUPPLEMENTAL_DATA, com.appsamurai.storyly.exoplayer2.common.C.BUFFER_FLAG_LAST_SAMPLE, com.appsamurai.storyly.exoplayer2.common.C.BUFFER_FLAG_ENCRYPTED, com.appsamurai.storyly.exoplayer2.common.C.BUFFER_FLAG_DECODE_ONLY}" />
    </annotation>
  </item>
  <item name="com.appsamurai.storyly.exoplayer2.extractor.extractor.Extractor int read(com.appsamurai.storyly.exoplayer2.extractor.extractor.ExtractorInput, com.appsamurai.storyly.exoplayer2.extractor.extractor.PositionHolder)">
    <annotation name="androidx.annotation.IntDef">
      <val name="value" val="{com.appsamurai.storyly.exoplayer2.extractor.extractor.Extractor.RESULT_CONTINUE, com.appsamurai.storyly.exoplayer2.extractor.extractor.Extractor.RESULT_SEEK, com.appsamurai.storyly.exoplayer2.extractor.extractor.Extractor.RESULT_END_OF_INPUT}" />
    </annotation>
  </item>
  <item name="com.appsamurai.storyly.exoplayer2.extractor.extractor.Extractor.ReadResult">
    <annotation name="androidx.annotation.IntDef">
      <val name="value" val="{com.appsamurai.storyly.exoplayer2.extractor.extractor.Extractor.RESULT_CONTINUE, com.appsamurai.storyly.exoplayer2.extractor.extractor.Extractor.RESULT_SEEK, com.appsamurai.storyly.exoplayer2.extractor.extractor.Extractor.RESULT_END_OF_INPUT}" />
    </annotation>
  </item>
  <item name="com.appsamurai.storyly.exoplayer2.extractor.extractor.ExtractorOutput com.appsamurai.storyly.exoplayer2.extractor.extractor.TrackOutput track(int, int) 1">
    <annotation name="androidx.annotation.IntDef">
      <val name="open" val="true" />
      <val name="value" val="{com.appsamurai.storyly.exoplayer2.common.C.TRACK_TYPE_UNKNOWN, com.appsamurai.storyly.exoplayer2.common.C.TRACK_TYPE_DEFAULT, com.appsamurai.storyly.exoplayer2.common.C.TRACK_TYPE_AUDIO, com.appsamurai.storyly.exoplayer2.common.C.TRACK_TYPE_VIDEO, com.appsamurai.storyly.exoplayer2.common.C.TRACK_TYPE_TEXT, com.appsamurai.storyly.exoplayer2.common.C.TRACK_TYPE_IMAGE, com.appsamurai.storyly.exoplayer2.common.C.TRACK_TYPE_METADATA, com.appsamurai.storyly.exoplayer2.common.C.TRACK_TYPE_CAMERA_MOTION, com.appsamurai.storyly.exoplayer2.common.C.TRACK_TYPE_NONE}" />
    </annotation>
  </item>
  <item name="com.appsamurai.storyly.exoplayer2.extractor.extractor.TrackOutput int sampleData(com.appsamurai.storyly.exoplayer2.common.upstream.DataReader, int, boolean, int) 3">
    <annotation name="androidx.annotation.IntDef">
      <val name="value" val="{com.appsamurai.storyly.exoplayer2.extractor.extractor.TrackOutput.SAMPLE_DATA_PART_MAIN, com.appsamurai.storyly.exoplayer2.extractor.extractor.TrackOutput.SAMPLE_DATA_PART_ENCRYPTION, com.appsamurai.storyly.exoplayer2.extractor.extractor.TrackOutput.SAMPLE_DATA_PART_SUPPLEMENTAL}" />
    </annotation>
  </item>
  <item name="com.appsamurai.storyly.exoplayer2.extractor.extractor.TrackOutput void sampleData(com.appsamurai.storyly.exoplayer2.common.util.ParsableByteArray, int, int) 2">
    <annotation name="androidx.annotation.IntDef">
      <val name="value" val="{com.appsamurai.storyly.exoplayer2.extractor.extractor.TrackOutput.SAMPLE_DATA_PART_MAIN, com.appsamurai.storyly.exoplayer2.extractor.extractor.TrackOutput.SAMPLE_DATA_PART_ENCRYPTION, com.appsamurai.storyly.exoplayer2.extractor.extractor.TrackOutput.SAMPLE_DATA_PART_SUPPLEMENTAL}" />
    </annotation>
  </item>
  <item name="com.appsamurai.storyly.exoplayer2.extractor.extractor.TrackOutput void sampleMetadata(long, int, int, int, com.appsamurai.storyly.exoplayer2.extractor.extractor.TrackOutput.CryptoData) 1">
    <annotation name="androidx.annotation.IntDef">
      <val name="flag" val="true" />
      <val name="value" val="{com.appsamurai.storyly.exoplayer2.common.C.BUFFER_FLAG_KEY_FRAME, com.appsamurai.storyly.exoplayer2.common.C.BUFFER_FLAG_END_OF_STREAM, com.appsamurai.storyly.exoplayer2.common.C.BUFFER_FLAG_FIRST_SAMPLE, com.appsamurai.storyly.exoplayer2.common.C.BUFFER_FLAG_HAS_SUPPLEMENTAL_DATA, com.appsamurai.storyly.exoplayer2.common.C.BUFFER_FLAG_LAST_SAMPLE, com.appsamurai.storyly.exoplayer2.common.C.BUFFER_FLAG_ENCRYPTED, com.appsamurai.storyly.exoplayer2.common.C.BUFFER_FLAG_DECODE_ONLY}" />
    </annotation>
  </item>
  <item name="com.appsamurai.storyly.exoplayer2.extractor.extractor.TrackOutput.CryptoData CryptoData(int, byte[], int, int) 0">
    <annotation name="androidx.annotation.IntDef">
      <val name="value" val="{com.appsamurai.storyly.exoplayer2.common.C.CRYPTO_MODE_UNENCRYPTED, com.appsamurai.storyly.exoplayer2.common.C.CRYPTO_MODE_AES_CTR, com.appsamurai.storyly.exoplayer2.common.C.CRYPTO_MODE_AES_CBC}" />
    </annotation>
  </item>
  <item name="com.appsamurai.storyly.exoplayer2.extractor.extractor.TrackOutput.CryptoData cryptoMode">
    <annotation name="androidx.annotation.IntDef">
      <val name="value" val="{com.appsamurai.storyly.exoplayer2.common.C.CRYPTO_MODE_UNENCRYPTED, com.appsamurai.storyly.exoplayer2.common.C.CRYPTO_MODE_AES_CTR, com.appsamurai.storyly.exoplayer2.common.C.CRYPTO_MODE_AES_CBC}" />
    </annotation>
  </item>
  <item name="com.appsamurai.storyly.exoplayer2.extractor.extractor.TrackOutput.SampleDataPart">
    <annotation name="androidx.annotation.IntDef">
      <val name="value" val="{com.appsamurai.storyly.exoplayer2.extractor.extractor.TrackOutput.SAMPLE_DATA_PART_MAIN, com.appsamurai.storyly.exoplayer2.extractor.extractor.TrackOutput.SAMPLE_DATA_PART_ENCRYPTION, com.appsamurai.storyly.exoplayer2.extractor.extractor.TrackOutput.SAMPLE_DATA_PART_SUPPLEMENTAL}" />
    </annotation>
  </item>
  <item name="com.appsamurai.storyly.exoplayer2.extractor.extractor.TrueHdSampleRechunker chunkFlags">
    <annotation name="androidx.annotation.IntDef">
      <val name="flag" val="true" />
      <val name="value" val="{com.appsamurai.storyly.exoplayer2.common.C.BUFFER_FLAG_KEY_FRAME, com.appsamurai.storyly.exoplayer2.common.C.BUFFER_FLAG_END_OF_STREAM, com.appsamurai.storyly.exoplayer2.common.C.BUFFER_FLAG_FIRST_SAMPLE, com.appsamurai.storyly.exoplayer2.common.C.BUFFER_FLAG_HAS_SUPPLEMENTAL_DATA, com.appsamurai.storyly.exoplayer2.common.C.BUFFER_FLAG_LAST_SAMPLE, com.appsamurai.storyly.exoplayer2.common.C.BUFFER_FLAG_ENCRYPTED, com.appsamurai.storyly.exoplayer2.common.C.BUFFER_FLAG_DECODE_ONLY}" />
    </annotation>
  </item>
  <item name="com.appsamurai.storyly.exoplayer2.extractor.extractor.TrueHdSampleRechunker void sampleMetadata(com.appsamurai.storyly.exoplayer2.extractor.extractor.TrackOutput, long, int, int, int, com.appsamurai.storyly.exoplayer2.extractor.extractor.TrackOutput.CryptoData) 2">
    <annotation name="androidx.annotation.IntDef">
      <val name="flag" val="true" />
      <val name="value" val="{com.appsamurai.storyly.exoplayer2.common.C.BUFFER_FLAG_KEY_FRAME, com.appsamurai.storyly.exoplayer2.common.C.BUFFER_FLAG_END_OF_STREAM, com.appsamurai.storyly.exoplayer2.common.C.BUFFER_FLAG_FIRST_SAMPLE, com.appsamurai.storyly.exoplayer2.common.C.BUFFER_FLAG_HAS_SUPPLEMENTAL_DATA, com.appsamurai.storyly.exoplayer2.common.C.BUFFER_FLAG_LAST_SAMPLE, com.appsamurai.storyly.exoplayer2.common.C.BUFFER_FLAG_ENCRYPTED, com.appsamurai.storyly.exoplayer2.common.C.BUFFER_FLAG_DECODE_ONLY}" />
    </annotation>
  </item>
</root>

