<?xml version="1.0" encoding="UTF-8"?>
<root>
  <item name="com.appsamurai.storyly.exoplayer2.common.ui.AdOverlayInfo AdOverlayInfo(android.view.View, int) 1">
    <annotation name="androidx.annotation.IntDef">
      <val name="value" val="{com.appsamurai.storyly.exoplayer2.common.ui.AdOverlayInfo.PURPOSE_CONTROLS, com.appsamurai.storyly.exoplayer2.common.ui.AdOverlayInfo.PURPOSE_CLOSE_AD, com.appsamurai.storyly.exoplayer2.common.ui.AdOverlayInfo.PURPOSE_OTHER, com.appsamurai.storyly.exoplayer2.common.ui.AdOverlayInfo.PURPOSE_NOT_VISIBLE}" />
    </annotation>
  </item>
  <item name="com.appsamurai.storyly.exoplayer2.common.ui.AdOverlayInfo AdOverlayInfo(android.view.View, int, java.lang.String) 1">
    <annotation name="androidx.annotation.IntDef">
      <val name="value" val="{com.appsamurai.storyly.exoplayer2.common.ui.AdOverlayInfo.PURPOSE_CONTROLS, com.appsamurai.storyly.exoplayer2.common.ui.AdOverlayInfo.PURPOSE_CLOSE_AD, com.appsamurai.storyly.exoplayer2.common.ui.AdOverlayInfo.PURPOSE_OTHER, com.appsamurai.storyly.exoplayer2.common.ui.AdOverlayInfo.PURPOSE_NOT_VISIBLE}" />
    </annotation>
  </item>
  <item name="com.appsamurai.storyly.exoplayer2.common.ui.AdOverlayInfo purpose">
    <annotation name="androidx.annotation.IntDef">
      <val name="value" val="{com.appsamurai.storyly.exoplayer2.common.ui.AdOverlayInfo.PURPOSE_CONTROLS, com.appsamurai.storyly.exoplayer2.common.ui.AdOverlayInfo.PURPOSE_CLOSE_AD, com.appsamurai.storyly.exoplayer2.common.ui.AdOverlayInfo.PURPOSE_OTHER, com.appsamurai.storyly.exoplayer2.common.ui.AdOverlayInfo.PURPOSE_NOT_VISIBLE}" />
    </annotation>
  </item>
  <item name="com.appsamurai.storyly.exoplayer2.common.ui.AdOverlayInfo.Builder Builder(android.view.View, int) 1">
    <annotation name="androidx.annotation.IntDef">
      <val name="value" val="{com.appsamurai.storyly.exoplayer2.common.ui.AdOverlayInfo.PURPOSE_CONTROLS, com.appsamurai.storyly.exoplayer2.common.ui.AdOverlayInfo.PURPOSE_CLOSE_AD, com.appsamurai.storyly.exoplayer2.common.ui.AdOverlayInfo.PURPOSE_OTHER, com.appsamurai.storyly.exoplayer2.common.ui.AdOverlayInfo.PURPOSE_NOT_VISIBLE}" />
    </annotation>
  </item>
  <item name="com.appsamurai.storyly.exoplayer2.common.ui.AdOverlayInfo.Builder purpose">
    <annotation name="androidx.annotation.IntDef">
      <val name="value" val="{com.appsamurai.storyly.exoplayer2.common.ui.AdOverlayInfo.PURPOSE_CONTROLS, com.appsamurai.storyly.exoplayer2.common.ui.AdOverlayInfo.PURPOSE_CLOSE_AD, com.appsamurai.storyly.exoplayer2.common.ui.AdOverlayInfo.PURPOSE_OTHER, com.appsamurai.storyly.exoplayer2.common.ui.AdOverlayInfo.PURPOSE_NOT_VISIBLE}" />
    </annotation>
  </item>
  <item name="com.appsamurai.storyly.exoplayer2.common.ui.AdOverlayInfo.Purpose">
    <annotation name="androidx.annotation.IntDef">
      <val name="value" val="{com.appsamurai.storyly.exoplayer2.common.ui.AdOverlayInfo.PURPOSE_CONTROLS, com.appsamurai.storyly.exoplayer2.common.ui.AdOverlayInfo.PURPOSE_CLOSE_AD, com.appsamurai.storyly.exoplayer2.common.ui.AdOverlayInfo.PURPOSE_OTHER, com.appsamurai.storyly.exoplayer2.common.ui.AdOverlayInfo.PURPOSE_NOT_VISIBLE}" />
    </annotation>
  </item>
</root>

