<?xml version="1.0" encoding="UTF-8"?>
<root>
  <item name="com.appsamurai.storyly.exoplayer2.common.trackselection.TrackSelectionOverride int getType()">
    <annotation name="androidx.annotation.IntDef">
      <val name="open" val="true" />
      <val name="value" val="{com.appsamurai.storyly.exoplayer2.common.C.TRACK_TYPE_UNKNOWN, com.appsamurai.storyly.exoplayer2.common.C.TRACK_TYPE_DEFAULT, com.appsamurai.storyly.exoplayer2.common.C.TRACK_TYPE_AUDIO, com.appsamurai.storyly.exoplayer2.common.C.TRACK_TYPE_VIDEO, com.appsamurai.storyly.exoplayer2.common.C.TRACK_TYPE_TEXT, com.appsamurai.storyly.exoplayer2.common.C.TRACK_TYPE_IMAGE, com.appsamurai.storyly.exoplayer2.common.C.TRACK_TYPE_METADATA, com.appsamurai.storyly.exoplayer2.common.C.TRACK_TYPE_CAMERA_MOTION, com.appsamurai.storyly.exoplayer2.common.C.TRACK_TYPE_NONE}" />
    </annotation>
  </item>
  <item name="com.appsamurai.storyly.exoplayer2.common.trackselection.TrackSelectionOverride java.lang.String keyForField(int) 0">
    <annotation name="androidx.annotation.IntDef">
      <val name="value" val="{com.appsamurai.storyly.exoplayer2.common.trackselection.TrackSelectionOverride.FIELD_TRACK_GROUP, com.appsamurai.storyly.exoplayer2.common.trackselection.TrackSelectionOverride.FIELD_TRACKS}" />
    </annotation>
  </item>
  <item name="com.appsamurai.storyly.exoplayer2.common.trackselection.TrackSelectionParameters ignoredTextSelectionFlags">
    <annotation name="androidx.annotation.IntDef">
      <val name="flag" val="true" />
      <val name="value" val="{com.appsamurai.storyly.exoplayer2.common.C.SELECTION_FLAG_DEFAULT, com.appsamurai.storyly.exoplayer2.common.C.SELECTION_FLAG_FORCED, com.appsamurai.storyly.exoplayer2.common.C.SELECTION_FLAG_AUTOSELECT}" />
    </annotation>
  </item>
  <item name="com.appsamurai.storyly.exoplayer2.common.trackselection.TrackSelectionParameters preferredAudioRoleFlags">
    <annotation name="androidx.annotation.IntDef">
      <val name="flag" val="true" />
      <val name="value" val="{com.appsamurai.storyly.exoplayer2.common.C.ROLE_FLAG_MAIN, com.appsamurai.storyly.exoplayer2.common.C.ROLE_FLAG_ALTERNATE, com.appsamurai.storyly.exoplayer2.common.C.ROLE_FLAG_SUPPLEMENTARY, com.appsamurai.storyly.exoplayer2.common.C.ROLE_FLAG_COMMENTARY, com.appsamurai.storyly.exoplayer2.common.C.ROLE_FLAG_DUB, com.appsamurai.storyly.exoplayer2.common.C.ROLE_FLAG_EMERGENCY, com.appsamurai.storyly.exoplayer2.common.C.ROLE_FLAG_CAPTION, com.appsamurai.storyly.exoplayer2.common.C.ROLE_FLAG_SUBTITLE, com.appsamurai.storyly.exoplayer2.common.C.ROLE_FLAG_SIGN, com.appsamurai.storyly.exoplayer2.common.C.ROLE_FLAG_DESCRIBES_VIDEO, com.appsamurai.storyly.exoplayer2.common.C.ROLE_FLAG_DESCRIBES_MUSIC_AND_SOUND, com.appsamurai.storyly.exoplayer2.common.C.ROLE_FLAG_ENHANCED_DIALOG_INTELLIGIBILITY, com.appsamurai.storyly.exoplayer2.common.C.ROLE_FLAG_TRANSCRIBES_DIALOG, com.appsamurai.storyly.exoplayer2.common.C.ROLE_FLAG_EASY_TO_READ, com.appsamurai.storyly.exoplayer2.common.C.ROLE_FLAG_TRICK_PLAY}" />
    </annotation>
  </item>
  <item name="com.appsamurai.storyly.exoplayer2.common.trackselection.TrackSelectionParameters preferredTextRoleFlags">
    <annotation name="androidx.annotation.IntDef">
      <val name="flag" val="true" />
      <val name="value" val="{com.appsamurai.storyly.exoplayer2.common.C.ROLE_FLAG_MAIN, com.appsamurai.storyly.exoplayer2.common.C.ROLE_FLAG_ALTERNATE, com.appsamurai.storyly.exoplayer2.common.C.ROLE_FLAG_SUPPLEMENTARY, com.appsamurai.storyly.exoplayer2.common.C.ROLE_FLAG_COMMENTARY, com.appsamurai.storyly.exoplayer2.common.C.ROLE_FLAG_DUB, com.appsamurai.storyly.exoplayer2.common.C.ROLE_FLAG_EMERGENCY, com.appsamurai.storyly.exoplayer2.common.C.ROLE_FLAG_CAPTION, com.appsamurai.storyly.exoplayer2.common.C.ROLE_FLAG_SUBTITLE, com.appsamurai.storyly.exoplayer2.common.C.ROLE_FLAG_SIGN, com.appsamurai.storyly.exoplayer2.common.C.ROLE_FLAG_DESCRIBES_VIDEO, com.appsamurai.storyly.exoplayer2.common.C.ROLE_FLAG_DESCRIBES_MUSIC_AND_SOUND, com.appsamurai.storyly.exoplayer2.common.C.ROLE_FLAG_ENHANCED_DIALOG_INTELLIGIBILITY, com.appsamurai.storyly.exoplayer2.common.C.ROLE_FLAG_TRANSCRIBES_DIALOG, com.appsamurai.storyly.exoplayer2.common.C.ROLE_FLAG_EASY_TO_READ, com.appsamurai.storyly.exoplayer2.common.C.ROLE_FLAG_TRICK_PLAY}" />
    </annotation>
  </item>
  <item name="com.appsamurai.storyly.exoplayer2.common.trackselection.TrackSelectionParameters preferredVideoRoleFlags">
    <annotation name="androidx.annotation.IntDef">
      <val name="flag" val="true" />
      <val name="value" val="{com.appsamurai.storyly.exoplayer2.common.C.ROLE_FLAG_MAIN, com.appsamurai.storyly.exoplayer2.common.C.ROLE_FLAG_ALTERNATE, com.appsamurai.storyly.exoplayer2.common.C.ROLE_FLAG_SUPPLEMENTARY, com.appsamurai.storyly.exoplayer2.common.C.ROLE_FLAG_COMMENTARY, com.appsamurai.storyly.exoplayer2.common.C.ROLE_FLAG_DUB, com.appsamurai.storyly.exoplayer2.common.C.ROLE_FLAG_EMERGENCY, com.appsamurai.storyly.exoplayer2.common.C.ROLE_FLAG_CAPTION, com.appsamurai.storyly.exoplayer2.common.C.ROLE_FLAG_SUBTITLE, com.appsamurai.storyly.exoplayer2.common.C.ROLE_FLAG_SIGN, com.appsamurai.storyly.exoplayer2.common.C.ROLE_FLAG_DESCRIBES_VIDEO, com.appsamurai.storyly.exoplayer2.common.C.ROLE_FLAG_DESCRIBES_MUSIC_AND_SOUND, com.appsamurai.storyly.exoplayer2.common.C.ROLE_FLAG_ENHANCED_DIALOG_INTELLIGIBILITY, com.appsamurai.storyly.exoplayer2.common.C.ROLE_FLAG_TRANSCRIBES_DIALOG, com.appsamurai.storyly.exoplayer2.common.C.ROLE_FLAG_EASY_TO_READ, com.appsamurai.storyly.exoplayer2.common.C.ROLE_FLAG_TRICK_PLAY}" />
    </annotation>
  </item>
  <item name="com.appsamurai.storyly.exoplayer2.common.trackselection.TrackSelectionParameters.Builder com.appsamurai.storyly.exoplayer2.common.trackselection.TrackSelectionParameters.Builder clearOverridesOfType(int) 0">
    <annotation name="androidx.annotation.IntDef">
      <val name="open" val="true" />
      <val name="value" val="{com.appsamurai.storyly.exoplayer2.common.C.TRACK_TYPE_UNKNOWN, com.appsamurai.storyly.exoplayer2.common.C.TRACK_TYPE_DEFAULT, com.appsamurai.storyly.exoplayer2.common.C.TRACK_TYPE_AUDIO, com.appsamurai.storyly.exoplayer2.common.C.TRACK_TYPE_VIDEO, com.appsamurai.storyly.exoplayer2.common.C.TRACK_TYPE_TEXT, com.appsamurai.storyly.exoplayer2.common.C.TRACK_TYPE_IMAGE, com.appsamurai.storyly.exoplayer2.common.C.TRACK_TYPE_METADATA, com.appsamurai.storyly.exoplayer2.common.C.TRACK_TYPE_CAMERA_MOTION, com.appsamurai.storyly.exoplayer2.common.C.TRACK_TYPE_NONE}" />
    </annotation>
  </item>
  <item name="com.appsamurai.storyly.exoplayer2.common.trackselection.TrackSelectionParameters.Builder com.appsamurai.storyly.exoplayer2.common.trackselection.TrackSelectionParameters.Builder setIgnoredTextSelectionFlags(int) 0">
    <annotation name="androidx.annotation.IntDef">
      <val name="flag" val="true" />
      <val name="value" val="{com.appsamurai.storyly.exoplayer2.common.C.SELECTION_FLAG_DEFAULT, com.appsamurai.storyly.exoplayer2.common.C.SELECTION_FLAG_FORCED, com.appsamurai.storyly.exoplayer2.common.C.SELECTION_FLAG_AUTOSELECT}" />
    </annotation>
  </item>
  <item name="com.appsamurai.storyly.exoplayer2.common.trackselection.TrackSelectionParameters.Builder com.appsamurai.storyly.exoplayer2.common.trackselection.TrackSelectionParameters.Builder setPreferredAudioRoleFlags(int) 0">
    <annotation name="androidx.annotation.IntDef">
      <val name="flag" val="true" />
      <val name="value" val="{com.appsamurai.storyly.exoplayer2.common.C.ROLE_FLAG_MAIN, com.appsamurai.storyly.exoplayer2.common.C.ROLE_FLAG_ALTERNATE, com.appsamurai.storyly.exoplayer2.common.C.ROLE_FLAG_SUPPLEMENTARY, com.appsamurai.storyly.exoplayer2.common.C.ROLE_FLAG_COMMENTARY, com.appsamurai.storyly.exoplayer2.common.C.ROLE_FLAG_DUB, com.appsamurai.storyly.exoplayer2.common.C.ROLE_FLAG_EMERGENCY, com.appsamurai.storyly.exoplayer2.common.C.ROLE_FLAG_CAPTION, com.appsamurai.storyly.exoplayer2.common.C.ROLE_FLAG_SUBTITLE, com.appsamurai.storyly.exoplayer2.common.C.ROLE_FLAG_SIGN, com.appsamurai.storyly.exoplayer2.common.C.ROLE_FLAG_DESCRIBES_VIDEO, com.appsamurai.storyly.exoplayer2.common.C.ROLE_FLAG_DESCRIBES_MUSIC_AND_SOUND, com.appsamurai.storyly.exoplayer2.common.C.ROLE_FLAG_ENHANCED_DIALOG_INTELLIGIBILITY, com.appsamurai.storyly.exoplayer2.common.C.ROLE_FLAG_TRANSCRIBES_DIALOG, com.appsamurai.storyly.exoplayer2.common.C.ROLE_FLAG_EASY_TO_READ, com.appsamurai.storyly.exoplayer2.common.C.ROLE_FLAG_TRICK_PLAY}" />
    </annotation>
  </item>
  <item name="com.appsamurai.storyly.exoplayer2.common.trackselection.TrackSelectionParameters.Builder com.appsamurai.storyly.exoplayer2.common.trackselection.TrackSelectionParameters.Builder setPreferredTextRoleFlags(int) 0">
    <annotation name="androidx.annotation.IntDef">
      <val name="flag" val="true" />
      <val name="value" val="{com.appsamurai.storyly.exoplayer2.common.C.ROLE_FLAG_MAIN, com.appsamurai.storyly.exoplayer2.common.C.ROLE_FLAG_ALTERNATE, com.appsamurai.storyly.exoplayer2.common.C.ROLE_FLAG_SUPPLEMENTARY, com.appsamurai.storyly.exoplayer2.common.C.ROLE_FLAG_COMMENTARY, com.appsamurai.storyly.exoplayer2.common.C.ROLE_FLAG_DUB, com.appsamurai.storyly.exoplayer2.common.C.ROLE_FLAG_EMERGENCY, com.appsamurai.storyly.exoplayer2.common.C.ROLE_FLAG_CAPTION, com.appsamurai.storyly.exoplayer2.common.C.ROLE_FLAG_SUBTITLE, com.appsamurai.storyly.exoplayer2.common.C.ROLE_FLAG_SIGN, com.appsamurai.storyly.exoplayer2.common.C.ROLE_FLAG_DESCRIBES_VIDEO, com.appsamurai.storyly.exoplayer2.common.C.ROLE_FLAG_DESCRIBES_MUSIC_AND_SOUND, com.appsamurai.storyly.exoplayer2.common.C.ROLE_FLAG_ENHANCED_DIALOG_INTELLIGIBILITY, com.appsamurai.storyly.exoplayer2.common.C.ROLE_FLAG_TRANSCRIBES_DIALOG, com.appsamurai.storyly.exoplayer2.common.C.ROLE_FLAG_EASY_TO_READ, com.appsamurai.storyly.exoplayer2.common.C.ROLE_FLAG_TRICK_PLAY}" />
    </annotation>
  </item>
  <item name="com.appsamurai.storyly.exoplayer2.common.trackselection.TrackSelectionParameters.Builder com.appsamurai.storyly.exoplayer2.common.trackselection.TrackSelectionParameters.Builder setPreferredVideoRoleFlags(int) 0">
    <annotation name="androidx.annotation.IntDef">
      <val name="flag" val="true" />
      <val name="value" val="{com.appsamurai.storyly.exoplayer2.common.C.ROLE_FLAG_MAIN, com.appsamurai.storyly.exoplayer2.common.C.ROLE_FLAG_ALTERNATE, com.appsamurai.storyly.exoplayer2.common.C.ROLE_FLAG_SUPPLEMENTARY, com.appsamurai.storyly.exoplayer2.common.C.ROLE_FLAG_COMMENTARY, com.appsamurai.storyly.exoplayer2.common.C.ROLE_FLAG_DUB, com.appsamurai.storyly.exoplayer2.common.C.ROLE_FLAG_EMERGENCY, com.appsamurai.storyly.exoplayer2.common.C.ROLE_FLAG_CAPTION, com.appsamurai.storyly.exoplayer2.common.C.ROLE_FLAG_SUBTITLE, com.appsamurai.storyly.exoplayer2.common.C.ROLE_FLAG_SIGN, com.appsamurai.storyly.exoplayer2.common.C.ROLE_FLAG_DESCRIBES_VIDEO, com.appsamurai.storyly.exoplayer2.common.C.ROLE_FLAG_DESCRIBES_MUSIC_AND_SOUND, com.appsamurai.storyly.exoplayer2.common.C.ROLE_FLAG_ENHANCED_DIALOG_INTELLIGIBILITY, com.appsamurai.storyly.exoplayer2.common.C.ROLE_FLAG_TRANSCRIBES_DIALOG, com.appsamurai.storyly.exoplayer2.common.C.ROLE_FLAG_EASY_TO_READ, com.appsamurai.storyly.exoplayer2.common.C.ROLE_FLAG_TRICK_PLAY}" />
    </annotation>
  </item>
  <item name="com.appsamurai.storyly.exoplayer2.common.trackselection.TrackSelectionParameters.Builder com.appsamurai.storyly.exoplayer2.common.trackselection.TrackSelectionParameters.Builder setTrackTypeDisabled(int, boolean) 0">
    <annotation name="androidx.annotation.IntDef">
      <val name="open" val="true" />
      <val name="value" val="{com.appsamurai.storyly.exoplayer2.common.C.TRACK_TYPE_UNKNOWN, com.appsamurai.storyly.exoplayer2.common.C.TRACK_TYPE_DEFAULT, com.appsamurai.storyly.exoplayer2.common.C.TRACK_TYPE_AUDIO, com.appsamurai.storyly.exoplayer2.common.C.TRACK_TYPE_VIDEO, com.appsamurai.storyly.exoplayer2.common.C.TRACK_TYPE_TEXT, com.appsamurai.storyly.exoplayer2.common.C.TRACK_TYPE_IMAGE, com.appsamurai.storyly.exoplayer2.common.C.TRACK_TYPE_METADATA, com.appsamurai.storyly.exoplayer2.common.C.TRACK_TYPE_CAMERA_MOTION, com.appsamurai.storyly.exoplayer2.common.C.TRACK_TYPE_NONE}" />
    </annotation>
  </item>
  <item name="com.appsamurai.storyly.exoplayer2.common.trackselection.TrackSelectionParameters.Builder ignoredTextSelectionFlags">
    <annotation name="androidx.annotation.IntDef">
      <val name="flag" val="true" />
      <val name="value" val="{com.appsamurai.storyly.exoplayer2.common.C.SELECTION_FLAG_DEFAULT, com.appsamurai.storyly.exoplayer2.common.C.SELECTION_FLAG_FORCED, com.appsamurai.storyly.exoplayer2.common.C.SELECTION_FLAG_AUTOSELECT}" />
    </annotation>
  </item>
  <item name="com.appsamurai.storyly.exoplayer2.common.trackselection.TrackSelectionParameters.Builder preferredAudioRoleFlags">
    <annotation name="androidx.annotation.IntDef">
      <val name="flag" val="true" />
      <val name="value" val="{com.appsamurai.storyly.exoplayer2.common.C.ROLE_FLAG_MAIN, com.appsamurai.storyly.exoplayer2.common.C.ROLE_FLAG_ALTERNATE, com.appsamurai.storyly.exoplayer2.common.C.ROLE_FLAG_SUPPLEMENTARY, com.appsamurai.storyly.exoplayer2.common.C.ROLE_FLAG_COMMENTARY, com.appsamurai.storyly.exoplayer2.common.C.ROLE_FLAG_DUB, com.appsamurai.storyly.exoplayer2.common.C.ROLE_FLAG_EMERGENCY, com.appsamurai.storyly.exoplayer2.common.C.ROLE_FLAG_CAPTION, com.appsamurai.storyly.exoplayer2.common.C.ROLE_FLAG_SUBTITLE, com.appsamurai.storyly.exoplayer2.common.C.ROLE_FLAG_SIGN, com.appsamurai.storyly.exoplayer2.common.C.ROLE_FLAG_DESCRIBES_VIDEO, com.appsamurai.storyly.exoplayer2.common.C.ROLE_FLAG_DESCRIBES_MUSIC_AND_SOUND, com.appsamurai.storyly.exoplayer2.common.C.ROLE_FLAG_ENHANCED_DIALOG_INTELLIGIBILITY, com.appsamurai.storyly.exoplayer2.common.C.ROLE_FLAG_TRANSCRIBES_DIALOG, com.appsamurai.storyly.exoplayer2.common.C.ROLE_FLAG_EASY_TO_READ, com.appsamurai.storyly.exoplayer2.common.C.ROLE_FLAG_TRICK_PLAY}" />
    </annotation>
  </item>
  <item name="com.appsamurai.storyly.exoplayer2.common.trackselection.TrackSelectionParameters.Builder preferredTextRoleFlags">
    <annotation name="androidx.annotation.IntDef">
      <val name="flag" val="true" />
      <val name="value" val="{com.appsamurai.storyly.exoplayer2.common.C.ROLE_FLAG_MAIN, com.appsamurai.storyly.exoplayer2.common.C.ROLE_FLAG_ALTERNATE, com.appsamurai.storyly.exoplayer2.common.C.ROLE_FLAG_SUPPLEMENTARY, com.appsamurai.storyly.exoplayer2.common.C.ROLE_FLAG_COMMENTARY, com.appsamurai.storyly.exoplayer2.common.C.ROLE_FLAG_DUB, com.appsamurai.storyly.exoplayer2.common.C.ROLE_FLAG_EMERGENCY, com.appsamurai.storyly.exoplayer2.common.C.ROLE_FLAG_CAPTION, com.appsamurai.storyly.exoplayer2.common.C.ROLE_FLAG_SUBTITLE, com.appsamurai.storyly.exoplayer2.common.C.ROLE_FLAG_SIGN, com.appsamurai.storyly.exoplayer2.common.C.ROLE_FLAG_DESCRIBES_VIDEO, com.appsamurai.storyly.exoplayer2.common.C.ROLE_FLAG_DESCRIBES_MUSIC_AND_SOUND, com.appsamurai.storyly.exoplayer2.common.C.ROLE_FLAG_ENHANCED_DIALOG_INTELLIGIBILITY, com.appsamurai.storyly.exoplayer2.common.C.ROLE_FLAG_TRANSCRIBES_DIALOG, com.appsamurai.storyly.exoplayer2.common.C.ROLE_FLAG_EASY_TO_READ, com.appsamurai.storyly.exoplayer2.common.C.ROLE_FLAG_TRICK_PLAY}" />
    </annotation>
  </item>
  <item name="com.appsamurai.storyly.exoplayer2.common.trackselection.TrackSelectionParameters.Builder preferredVideoRoleFlags">
    <annotation name="androidx.annotation.IntDef">
      <val name="flag" val="true" />
      <val name="value" val="{com.appsamurai.storyly.exoplayer2.common.C.ROLE_FLAG_MAIN, com.appsamurai.storyly.exoplayer2.common.C.ROLE_FLAG_ALTERNATE, com.appsamurai.storyly.exoplayer2.common.C.ROLE_FLAG_SUPPLEMENTARY, com.appsamurai.storyly.exoplayer2.common.C.ROLE_FLAG_COMMENTARY, com.appsamurai.storyly.exoplayer2.common.C.ROLE_FLAG_DUB, com.appsamurai.storyly.exoplayer2.common.C.ROLE_FLAG_EMERGENCY, com.appsamurai.storyly.exoplayer2.common.C.ROLE_FLAG_CAPTION, com.appsamurai.storyly.exoplayer2.common.C.ROLE_FLAG_SUBTITLE, com.appsamurai.storyly.exoplayer2.common.C.ROLE_FLAG_SIGN, com.appsamurai.storyly.exoplayer2.common.C.ROLE_FLAG_DESCRIBES_VIDEO, com.appsamurai.storyly.exoplayer2.common.C.ROLE_FLAG_DESCRIBES_MUSIC_AND_SOUND, com.appsamurai.storyly.exoplayer2.common.C.ROLE_FLAG_ENHANCED_DIALOG_INTELLIGIBILITY, com.appsamurai.storyly.exoplayer2.common.C.ROLE_FLAG_TRANSCRIBES_DIALOG, com.appsamurai.storyly.exoplayer2.common.C.ROLE_FLAG_EASY_TO_READ, com.appsamurai.storyly.exoplayer2.common.C.ROLE_FLAG_TRICK_PLAY}" />
    </annotation>
  </item>
</root>

