<?xml version="1.0" encoding="UTF-8"?>
<root>
  <item name="com.appsamurai.storyly.exoplayer2.core.source.ClippingMediaPeriod.ClippingSampleStream int readData(com.appsamurai.storyly.exoplayer2.core.FormatHolder, com.appsamurai.storyly.exoplayer2.decoder.DecoderInputBuffer, int) 2">
    <annotation name="androidx.annotation.IntDef">
      <val name="flag" val="true" />
      <val name="value" val="{com.appsamurai.storyly.exoplayer2.core.source.SampleStream.FLAG_PEEK, com.appsamurai.storyly.exoplayer2.core.source.SampleStream.FLAG_REQUIRE_FORMAT, com.appsamurai.storyly.exoplayer2.core.source.SampleStream.FLAG_OMIT_SAMPLE_DATA}" />
    </annotation>
  </item>
  <item name="com.appsamurai.storyly.exoplayer2.core.source.ClippingMediaSource.IllegalClippingException IllegalClippingException(int) 0">
    <annotation name="androidx.annotation.IntDef">
      <val name="value" val="{com.appsamurai.storyly.exoplayer2.core.source.ClippingMediaSource.IllegalClippingException.REASON_INVALID_PERIOD_COUNT, com.appsamurai.storyly.exoplayer2.core.source.ClippingMediaSource.IllegalClippingException.REASON_NOT_SEEKABLE_TO_START, com.appsamurai.storyly.exoplayer2.core.source.ClippingMediaSource.IllegalClippingException.REASON_START_EXCEEDS_END}" />
    </annotation>
  </item>
  <item name="com.appsamurai.storyly.exoplayer2.core.source.ClippingMediaSource.IllegalClippingException java.lang.String getReasonDescription(int) 0">
    <annotation name="androidx.annotation.IntDef">
      <val name="value" val="{com.appsamurai.storyly.exoplayer2.core.source.ClippingMediaSource.IllegalClippingException.REASON_INVALID_PERIOD_COUNT, com.appsamurai.storyly.exoplayer2.core.source.ClippingMediaSource.IllegalClippingException.REASON_NOT_SEEKABLE_TO_START, com.appsamurai.storyly.exoplayer2.core.source.ClippingMediaSource.IllegalClippingException.REASON_START_EXCEEDS_END}" />
    </annotation>
  </item>
  <item name="com.appsamurai.storyly.exoplayer2.core.source.ClippingMediaSource.IllegalClippingException reason">
    <annotation name="androidx.annotation.IntDef">
      <val name="value" val="{com.appsamurai.storyly.exoplayer2.core.source.ClippingMediaSource.IllegalClippingException.REASON_INVALID_PERIOD_COUNT, com.appsamurai.storyly.exoplayer2.core.source.ClippingMediaSource.IllegalClippingException.REASON_NOT_SEEKABLE_TO_START, com.appsamurai.storyly.exoplayer2.core.source.ClippingMediaSource.IllegalClippingException.REASON_START_EXCEEDS_END}" />
    </annotation>
  </item>
  <item name="com.appsamurai.storyly.exoplayer2.core.source.ClippingMediaSource.IllegalClippingException.Reason">
    <annotation name="androidx.annotation.IntDef">
      <val name="value" val="{com.appsamurai.storyly.exoplayer2.core.source.ClippingMediaSource.IllegalClippingException.REASON_INVALID_PERIOD_COUNT, com.appsamurai.storyly.exoplayer2.core.source.ClippingMediaSource.IllegalClippingException.REASON_NOT_SEEKABLE_TO_START, com.appsamurai.storyly.exoplayer2.core.source.ClippingMediaSource.IllegalClippingException.REASON_START_EXCEEDS_END}" />
    </annotation>
  </item>
  <item name="com.appsamurai.storyly.exoplayer2.core.source.CompositeMediaSource.ForwardingEventListener void onDrmSessionAcquired(int, com.appsamurai.storyly.exoplayer2.core.source.MediaSource.MediaPeriodId, int) 2">
    <annotation name="androidx.annotation.IntDef">
      <val name="value" val="{com.appsamurai.storyly.exoplayer2.core.drm.DrmSession.STATE_RELEASED, com.appsamurai.storyly.exoplayer2.core.drm.DrmSession.STATE_ERROR, com.appsamurai.storyly.exoplayer2.core.drm.DrmSession.STATE_OPENING, com.appsamurai.storyly.exoplayer2.core.drm.DrmSession.STATE_OPENED, com.appsamurai.storyly.exoplayer2.core.drm.DrmSession.STATE_OPENED_WITH_KEYS}" />
    </annotation>
  </item>
  <item name="com.appsamurai.storyly.exoplayer2.core.source.DefaultMediaSourceFactory.DelegateFactoryLoader com.appsamurai.storyly.exoplayer2.core.source.MediaSource.Factory getMediaSourceFactory(int) 0">
    <annotation name="androidx.annotation.IntDef">
      <val name="value" val="{com.appsamurai.storyly.exoplayer2.common.C.CONTENT_TYPE_DASH, com.appsamurai.storyly.exoplayer2.common.C.CONTENT_TYPE_SS, com.appsamurai.storyly.exoplayer2.common.C.CONTENT_TYPE_HLS, com.appsamurai.storyly.exoplayer2.common.C.CONTENT_TYPE_RTSP, com.appsamurai.storyly.exoplayer2.common.C.CONTENT_TYPE_OTHER}" />
    </annotation>
  </item>
  <item name="com.appsamurai.storyly.exoplayer2.core.source.DefaultMediaSourceFactory.DelegateFactoryLoader com.google.common.base.Supplier&lt;com.appsamurai.storyly.exoplayer2.core.source.MediaSource.Factory&gt; maybeLoadSupplier(int) 0">
    <annotation name="androidx.annotation.IntDef">
      <val name="value" val="{com.appsamurai.storyly.exoplayer2.common.C.CONTENT_TYPE_DASH, com.appsamurai.storyly.exoplayer2.common.C.CONTENT_TYPE_SS, com.appsamurai.storyly.exoplayer2.common.C.CONTENT_TYPE_HLS, com.appsamurai.storyly.exoplayer2.common.C.CONTENT_TYPE_RTSP, com.appsamurai.storyly.exoplayer2.common.C.CONTENT_TYPE_OTHER}" />
    </annotation>
  </item>
  <item name="com.appsamurai.storyly.exoplayer2.core.source.DefaultMediaSourceFactory.DelegateFactoryLoader int[] getSupportedTypes()">
    <annotation name="androidx.annotation.IntDef">
      <val name="value" val="{com.appsamurai.storyly.exoplayer2.common.C.CONTENT_TYPE_DASH, com.appsamurai.storyly.exoplayer2.common.C.CONTENT_TYPE_SS, com.appsamurai.storyly.exoplayer2.common.C.CONTENT_TYPE_HLS, com.appsamurai.storyly.exoplayer2.common.C.CONTENT_TYPE_RTSP, com.appsamurai.storyly.exoplayer2.common.C.CONTENT_TYPE_OTHER}" />
    </annotation>
  </item>
  <item name="com.appsamurai.storyly.exoplayer2.core.source.EmptySampleStream int readData(com.appsamurai.storyly.exoplayer2.core.FormatHolder, com.appsamurai.storyly.exoplayer2.decoder.DecoderInputBuffer, int) 2">
    <annotation name="androidx.annotation.IntDef">
      <val name="flag" val="true" />
      <val name="value" val="{com.appsamurai.storyly.exoplayer2.core.source.SampleStream.FLAG_PEEK, com.appsamurai.storyly.exoplayer2.core.source.SampleStream.FLAG_REQUIRE_FORMAT, com.appsamurai.storyly.exoplayer2.core.source.SampleStream.FLAG_OMIT_SAMPLE_DATA}" />
    </annotation>
  </item>
  <item name="com.appsamurai.storyly.exoplayer2.core.source.ForwardingTimeline int getNextWindowIndex(int, int, boolean) 1">
    <annotation name="androidx.annotation.IntDef">
      <val name="value" val="{com.appsamurai.storyly.exoplayer2.common.Player.REPEAT_MODE_OFF, com.appsamurai.storyly.exoplayer2.common.Player.REPEAT_MODE_ONE, com.appsamurai.storyly.exoplayer2.common.Player.REPEAT_MODE_ALL}" />
    </annotation>
  </item>
  <item name="com.appsamurai.storyly.exoplayer2.core.source.ForwardingTimeline int getPreviousWindowIndex(int, int, boolean) 1">
    <annotation name="androidx.annotation.IntDef">
      <val name="value" val="{com.appsamurai.storyly.exoplayer2.common.Player.REPEAT_MODE_OFF, com.appsamurai.storyly.exoplayer2.common.Player.REPEAT_MODE_ONE, com.appsamurai.storyly.exoplayer2.common.Player.REPEAT_MODE_ALL}" />
    </annotation>
  </item>
  <item name="com.appsamurai.storyly.exoplayer2.core.source.LoopingMediaSource.InfinitelyLoopingTimeline int getNextWindowIndex(int, int, boolean) 1">
    <annotation name="androidx.annotation.IntDef">
      <val name="value" val="{com.appsamurai.storyly.exoplayer2.common.Player.REPEAT_MODE_OFF, com.appsamurai.storyly.exoplayer2.common.Player.REPEAT_MODE_ONE, com.appsamurai.storyly.exoplayer2.common.Player.REPEAT_MODE_ALL}" />
    </annotation>
  </item>
  <item name="com.appsamurai.storyly.exoplayer2.core.source.LoopingMediaSource.InfinitelyLoopingTimeline int getPreviousWindowIndex(int, int, boolean) 1">
    <annotation name="androidx.annotation.IntDef">
      <val name="value" val="{com.appsamurai.storyly.exoplayer2.common.Player.REPEAT_MODE_OFF, com.appsamurai.storyly.exoplayer2.common.Player.REPEAT_MODE_ONE, com.appsamurai.storyly.exoplayer2.common.Player.REPEAT_MODE_ALL}" />
    </annotation>
  </item>
  <item name="com.appsamurai.storyly.exoplayer2.core.source.MediaLoadData MediaLoadData(int) 0">
    <annotation name="androidx.annotation.IntDef">
      <val name="open" val="true" />
      <val name="value" val="{com.appsamurai.storyly.exoplayer2.common.C.DATA_TYPE_UNKNOWN, com.appsamurai.storyly.exoplayer2.common.C.DATA_TYPE_MEDIA, com.appsamurai.storyly.exoplayer2.common.C.DATA_TYPE_MEDIA_INITIALIZATION, com.appsamurai.storyly.exoplayer2.common.C.DATA_TYPE_DRM, com.appsamurai.storyly.exoplayer2.common.C.DATA_TYPE_MANIFEST, com.appsamurai.storyly.exoplayer2.common.C.DATA_TYPE_TIME_SYNCHRONIZATION, com.appsamurai.storyly.exoplayer2.common.C.DATA_TYPE_AD, com.appsamurai.storyly.exoplayer2.common.C.DATA_TYPE_MEDIA_PROGRESSIVE_LIVE}" />
    </annotation>
  </item>
  <item name="com.appsamurai.storyly.exoplayer2.core.source.MediaLoadData MediaLoadData(int, int, com.appsamurai.storyly.exoplayer2.common.Format, int, java.lang.Object, long, long) 0">
    <annotation name="androidx.annotation.IntDef">
      <val name="open" val="true" />
      <val name="value" val="{com.appsamurai.storyly.exoplayer2.common.C.DATA_TYPE_UNKNOWN, com.appsamurai.storyly.exoplayer2.common.C.DATA_TYPE_MEDIA, com.appsamurai.storyly.exoplayer2.common.C.DATA_TYPE_MEDIA_INITIALIZATION, com.appsamurai.storyly.exoplayer2.common.C.DATA_TYPE_DRM, com.appsamurai.storyly.exoplayer2.common.C.DATA_TYPE_MANIFEST, com.appsamurai.storyly.exoplayer2.common.C.DATA_TYPE_TIME_SYNCHRONIZATION, com.appsamurai.storyly.exoplayer2.common.C.DATA_TYPE_AD, com.appsamurai.storyly.exoplayer2.common.C.DATA_TYPE_MEDIA_PROGRESSIVE_LIVE}" />
    </annotation>
  </item>
  <item name="com.appsamurai.storyly.exoplayer2.core.source.MediaLoadData MediaLoadData(int, int, com.appsamurai.storyly.exoplayer2.common.Format, int, java.lang.Object, long, long) 1">
    <annotation name="androidx.annotation.IntDef">
      <val name="open" val="true" />
      <val name="value" val="{com.appsamurai.storyly.exoplayer2.common.C.TRACK_TYPE_UNKNOWN, com.appsamurai.storyly.exoplayer2.common.C.TRACK_TYPE_DEFAULT, com.appsamurai.storyly.exoplayer2.common.C.TRACK_TYPE_AUDIO, com.appsamurai.storyly.exoplayer2.common.C.TRACK_TYPE_VIDEO, com.appsamurai.storyly.exoplayer2.common.C.TRACK_TYPE_TEXT, com.appsamurai.storyly.exoplayer2.common.C.TRACK_TYPE_IMAGE, com.appsamurai.storyly.exoplayer2.common.C.TRACK_TYPE_METADATA, com.appsamurai.storyly.exoplayer2.common.C.TRACK_TYPE_CAMERA_MOTION, com.appsamurai.storyly.exoplayer2.common.C.TRACK_TYPE_NONE}" />
    </annotation>
  </item>
  <item name="com.appsamurai.storyly.exoplayer2.core.source.MediaLoadData MediaLoadData(int, int, com.appsamurai.storyly.exoplayer2.common.Format, int, java.lang.Object, long, long) 3">
    <annotation name="androidx.annotation.IntDef">
      <val name="open" val="true" />
      <val name="value" val="{com.appsamurai.storyly.exoplayer2.common.C.SELECTION_REASON_UNKNOWN, com.appsamurai.storyly.exoplayer2.common.C.SELECTION_REASON_INITIAL, com.appsamurai.storyly.exoplayer2.common.C.SELECTION_REASON_MANUAL, com.appsamurai.storyly.exoplayer2.common.C.SELECTION_REASON_ADAPTIVE, com.appsamurai.storyly.exoplayer2.common.C.SELECTION_REASON_TRICK_PLAY}" />
    </annotation>
  </item>
  <item name="com.appsamurai.storyly.exoplayer2.core.source.MediaLoadData dataType">
    <annotation name="androidx.annotation.IntDef">
      <val name="open" val="true" />
      <val name="value" val="{com.appsamurai.storyly.exoplayer2.common.C.DATA_TYPE_UNKNOWN, com.appsamurai.storyly.exoplayer2.common.C.DATA_TYPE_MEDIA, com.appsamurai.storyly.exoplayer2.common.C.DATA_TYPE_MEDIA_INITIALIZATION, com.appsamurai.storyly.exoplayer2.common.C.DATA_TYPE_DRM, com.appsamurai.storyly.exoplayer2.common.C.DATA_TYPE_MANIFEST, com.appsamurai.storyly.exoplayer2.common.C.DATA_TYPE_TIME_SYNCHRONIZATION, com.appsamurai.storyly.exoplayer2.common.C.DATA_TYPE_AD, com.appsamurai.storyly.exoplayer2.common.C.DATA_TYPE_MEDIA_PROGRESSIVE_LIVE}" />
    </annotation>
  </item>
  <item name="com.appsamurai.storyly.exoplayer2.core.source.MediaLoadData trackSelectionReason">
    <annotation name="androidx.annotation.IntDef">
      <val name="open" val="true" />
      <val name="value" val="{com.appsamurai.storyly.exoplayer2.common.C.SELECTION_REASON_UNKNOWN, com.appsamurai.storyly.exoplayer2.common.C.SELECTION_REASON_INITIAL, com.appsamurai.storyly.exoplayer2.common.C.SELECTION_REASON_MANUAL, com.appsamurai.storyly.exoplayer2.common.C.SELECTION_REASON_ADAPTIVE, com.appsamurai.storyly.exoplayer2.common.C.SELECTION_REASON_TRICK_PLAY}" />
    </annotation>
  </item>
  <item name="com.appsamurai.storyly.exoplayer2.core.source.MediaLoadData trackType">
    <annotation name="androidx.annotation.IntDef">
      <val name="open" val="true" />
      <val name="value" val="{com.appsamurai.storyly.exoplayer2.common.C.TRACK_TYPE_UNKNOWN, com.appsamurai.storyly.exoplayer2.common.C.TRACK_TYPE_DEFAULT, com.appsamurai.storyly.exoplayer2.common.C.TRACK_TYPE_AUDIO, com.appsamurai.storyly.exoplayer2.common.C.TRACK_TYPE_VIDEO, com.appsamurai.storyly.exoplayer2.common.C.TRACK_TYPE_TEXT, com.appsamurai.storyly.exoplayer2.common.C.TRACK_TYPE_IMAGE, com.appsamurai.storyly.exoplayer2.common.C.TRACK_TYPE_METADATA, com.appsamurai.storyly.exoplayer2.common.C.TRACK_TYPE_CAMERA_MOTION, com.appsamurai.storyly.exoplayer2.common.C.TRACK_TYPE_NONE}" />
    </annotation>
  </item>
  <item name="com.appsamurai.storyly.exoplayer2.core.source.MediaSource.Factory int[] getSupportedTypes()">
    <annotation name="androidx.annotation.IntDef">
      <val name="value" val="{com.appsamurai.storyly.exoplayer2.common.C.CONTENT_TYPE_DASH, com.appsamurai.storyly.exoplayer2.common.C.CONTENT_TYPE_SS, com.appsamurai.storyly.exoplayer2.common.C.CONTENT_TYPE_HLS, com.appsamurai.storyly.exoplayer2.common.C.CONTENT_TYPE_RTSP, com.appsamurai.storyly.exoplayer2.common.C.CONTENT_TYPE_OTHER}" />
    </annotation>
  </item>
  <item name="com.appsamurai.storyly.exoplayer2.core.source.MediaSourceEventListener.EventDispatcher void downstreamFormatChanged(int, com.appsamurai.storyly.exoplayer2.common.Format, int, java.lang.Object, long) 0">
    <annotation name="androidx.annotation.IntDef">
      <val name="open" val="true" />
      <val name="value" val="{com.appsamurai.storyly.exoplayer2.common.C.TRACK_TYPE_UNKNOWN, com.appsamurai.storyly.exoplayer2.common.C.TRACK_TYPE_DEFAULT, com.appsamurai.storyly.exoplayer2.common.C.TRACK_TYPE_AUDIO, com.appsamurai.storyly.exoplayer2.common.C.TRACK_TYPE_VIDEO, com.appsamurai.storyly.exoplayer2.common.C.TRACK_TYPE_TEXT, com.appsamurai.storyly.exoplayer2.common.C.TRACK_TYPE_IMAGE, com.appsamurai.storyly.exoplayer2.common.C.TRACK_TYPE_METADATA, com.appsamurai.storyly.exoplayer2.common.C.TRACK_TYPE_CAMERA_MOTION, com.appsamurai.storyly.exoplayer2.common.C.TRACK_TYPE_NONE}" />
    </annotation>
  </item>
  <item name="com.appsamurai.storyly.exoplayer2.core.source.MediaSourceEventListener.EventDispatcher void downstreamFormatChanged(int, com.appsamurai.storyly.exoplayer2.common.Format, int, java.lang.Object, long) 2">
    <annotation name="androidx.annotation.IntDef">
      <val name="open" val="true" />
      <val name="value" val="{com.appsamurai.storyly.exoplayer2.common.C.SELECTION_REASON_UNKNOWN, com.appsamurai.storyly.exoplayer2.common.C.SELECTION_REASON_INITIAL, com.appsamurai.storyly.exoplayer2.common.C.SELECTION_REASON_MANUAL, com.appsamurai.storyly.exoplayer2.common.C.SELECTION_REASON_ADAPTIVE, com.appsamurai.storyly.exoplayer2.common.C.SELECTION_REASON_TRICK_PLAY}" />
    </annotation>
  </item>
  <item name="com.appsamurai.storyly.exoplayer2.core.source.MediaSourceEventListener.EventDispatcher void loadCanceled(com.appsamurai.storyly.exoplayer2.core.source.LoadEventInfo, int) 1">
    <annotation name="androidx.annotation.IntDef">
      <val name="open" val="true" />
      <val name="value" val="{com.appsamurai.storyly.exoplayer2.common.C.DATA_TYPE_UNKNOWN, com.appsamurai.storyly.exoplayer2.common.C.DATA_TYPE_MEDIA, com.appsamurai.storyly.exoplayer2.common.C.DATA_TYPE_MEDIA_INITIALIZATION, com.appsamurai.storyly.exoplayer2.common.C.DATA_TYPE_DRM, com.appsamurai.storyly.exoplayer2.common.C.DATA_TYPE_MANIFEST, com.appsamurai.storyly.exoplayer2.common.C.DATA_TYPE_TIME_SYNCHRONIZATION, com.appsamurai.storyly.exoplayer2.common.C.DATA_TYPE_AD, com.appsamurai.storyly.exoplayer2.common.C.DATA_TYPE_MEDIA_PROGRESSIVE_LIVE}" />
    </annotation>
  </item>
  <item name="com.appsamurai.storyly.exoplayer2.core.source.MediaSourceEventListener.EventDispatcher void loadCanceled(com.appsamurai.storyly.exoplayer2.core.source.LoadEventInfo, int, int, com.appsamurai.storyly.exoplayer2.common.Format, int, java.lang.Object, long, long) 1">
    <annotation name="androidx.annotation.IntDef">
      <val name="open" val="true" />
      <val name="value" val="{com.appsamurai.storyly.exoplayer2.common.C.DATA_TYPE_UNKNOWN, com.appsamurai.storyly.exoplayer2.common.C.DATA_TYPE_MEDIA, com.appsamurai.storyly.exoplayer2.common.C.DATA_TYPE_MEDIA_INITIALIZATION, com.appsamurai.storyly.exoplayer2.common.C.DATA_TYPE_DRM, com.appsamurai.storyly.exoplayer2.common.C.DATA_TYPE_MANIFEST, com.appsamurai.storyly.exoplayer2.common.C.DATA_TYPE_TIME_SYNCHRONIZATION, com.appsamurai.storyly.exoplayer2.common.C.DATA_TYPE_AD, com.appsamurai.storyly.exoplayer2.common.C.DATA_TYPE_MEDIA_PROGRESSIVE_LIVE}" />
    </annotation>
  </item>
  <item name="com.appsamurai.storyly.exoplayer2.core.source.MediaSourceEventListener.EventDispatcher void loadCanceled(com.appsamurai.storyly.exoplayer2.core.source.LoadEventInfo, int, int, com.appsamurai.storyly.exoplayer2.common.Format, int, java.lang.Object, long, long) 2">
    <annotation name="androidx.annotation.IntDef">
      <val name="open" val="true" />
      <val name="value" val="{com.appsamurai.storyly.exoplayer2.common.C.TRACK_TYPE_UNKNOWN, com.appsamurai.storyly.exoplayer2.common.C.TRACK_TYPE_DEFAULT, com.appsamurai.storyly.exoplayer2.common.C.TRACK_TYPE_AUDIO, com.appsamurai.storyly.exoplayer2.common.C.TRACK_TYPE_VIDEO, com.appsamurai.storyly.exoplayer2.common.C.TRACK_TYPE_TEXT, com.appsamurai.storyly.exoplayer2.common.C.TRACK_TYPE_IMAGE, com.appsamurai.storyly.exoplayer2.common.C.TRACK_TYPE_METADATA, com.appsamurai.storyly.exoplayer2.common.C.TRACK_TYPE_CAMERA_MOTION, com.appsamurai.storyly.exoplayer2.common.C.TRACK_TYPE_NONE}" />
    </annotation>
  </item>
  <item name="com.appsamurai.storyly.exoplayer2.core.source.MediaSourceEventListener.EventDispatcher void loadCanceled(com.appsamurai.storyly.exoplayer2.core.source.LoadEventInfo, int, int, com.appsamurai.storyly.exoplayer2.common.Format, int, java.lang.Object, long, long) 4">
    <annotation name="androidx.annotation.IntDef">
      <val name="open" val="true" />
      <val name="value" val="{com.appsamurai.storyly.exoplayer2.common.C.SELECTION_REASON_UNKNOWN, com.appsamurai.storyly.exoplayer2.common.C.SELECTION_REASON_INITIAL, com.appsamurai.storyly.exoplayer2.common.C.SELECTION_REASON_MANUAL, com.appsamurai.storyly.exoplayer2.common.C.SELECTION_REASON_ADAPTIVE, com.appsamurai.storyly.exoplayer2.common.C.SELECTION_REASON_TRICK_PLAY}" />
    </annotation>
  </item>
  <item name="com.appsamurai.storyly.exoplayer2.core.source.MediaSourceEventListener.EventDispatcher void loadCompleted(com.appsamurai.storyly.exoplayer2.core.source.LoadEventInfo, int) 1">
    <annotation name="androidx.annotation.IntDef">
      <val name="open" val="true" />
      <val name="value" val="{com.appsamurai.storyly.exoplayer2.common.C.DATA_TYPE_UNKNOWN, com.appsamurai.storyly.exoplayer2.common.C.DATA_TYPE_MEDIA, com.appsamurai.storyly.exoplayer2.common.C.DATA_TYPE_MEDIA_INITIALIZATION, com.appsamurai.storyly.exoplayer2.common.C.DATA_TYPE_DRM, com.appsamurai.storyly.exoplayer2.common.C.DATA_TYPE_MANIFEST, com.appsamurai.storyly.exoplayer2.common.C.DATA_TYPE_TIME_SYNCHRONIZATION, com.appsamurai.storyly.exoplayer2.common.C.DATA_TYPE_AD, com.appsamurai.storyly.exoplayer2.common.C.DATA_TYPE_MEDIA_PROGRESSIVE_LIVE}" />
    </annotation>
  </item>
  <item name="com.appsamurai.storyly.exoplayer2.core.source.MediaSourceEventListener.EventDispatcher void loadCompleted(com.appsamurai.storyly.exoplayer2.core.source.LoadEventInfo, int, int, com.appsamurai.storyly.exoplayer2.common.Format, int, java.lang.Object, long, long) 1">
    <annotation name="androidx.annotation.IntDef">
      <val name="open" val="true" />
      <val name="value" val="{com.appsamurai.storyly.exoplayer2.common.C.DATA_TYPE_UNKNOWN, com.appsamurai.storyly.exoplayer2.common.C.DATA_TYPE_MEDIA, com.appsamurai.storyly.exoplayer2.common.C.DATA_TYPE_MEDIA_INITIALIZATION, com.appsamurai.storyly.exoplayer2.common.C.DATA_TYPE_DRM, com.appsamurai.storyly.exoplayer2.common.C.DATA_TYPE_MANIFEST, com.appsamurai.storyly.exoplayer2.common.C.DATA_TYPE_TIME_SYNCHRONIZATION, com.appsamurai.storyly.exoplayer2.common.C.DATA_TYPE_AD, com.appsamurai.storyly.exoplayer2.common.C.DATA_TYPE_MEDIA_PROGRESSIVE_LIVE}" />
    </annotation>
  </item>
  <item name="com.appsamurai.storyly.exoplayer2.core.source.MediaSourceEventListener.EventDispatcher void loadCompleted(com.appsamurai.storyly.exoplayer2.core.source.LoadEventInfo, int, int, com.appsamurai.storyly.exoplayer2.common.Format, int, java.lang.Object, long, long) 2">
    <annotation name="androidx.annotation.IntDef">
      <val name="open" val="true" />
      <val name="value" val="{com.appsamurai.storyly.exoplayer2.common.C.TRACK_TYPE_UNKNOWN, com.appsamurai.storyly.exoplayer2.common.C.TRACK_TYPE_DEFAULT, com.appsamurai.storyly.exoplayer2.common.C.TRACK_TYPE_AUDIO, com.appsamurai.storyly.exoplayer2.common.C.TRACK_TYPE_VIDEO, com.appsamurai.storyly.exoplayer2.common.C.TRACK_TYPE_TEXT, com.appsamurai.storyly.exoplayer2.common.C.TRACK_TYPE_IMAGE, com.appsamurai.storyly.exoplayer2.common.C.TRACK_TYPE_METADATA, com.appsamurai.storyly.exoplayer2.common.C.TRACK_TYPE_CAMERA_MOTION, com.appsamurai.storyly.exoplayer2.common.C.TRACK_TYPE_NONE}" />
    </annotation>
  </item>
  <item name="com.appsamurai.storyly.exoplayer2.core.source.MediaSourceEventListener.EventDispatcher void loadCompleted(com.appsamurai.storyly.exoplayer2.core.source.LoadEventInfo, int, int, com.appsamurai.storyly.exoplayer2.common.Format, int, java.lang.Object, long, long) 4">
    <annotation name="androidx.annotation.IntDef">
      <val name="open" val="true" />
      <val name="value" val="{com.appsamurai.storyly.exoplayer2.common.C.SELECTION_REASON_UNKNOWN, com.appsamurai.storyly.exoplayer2.common.C.SELECTION_REASON_INITIAL, com.appsamurai.storyly.exoplayer2.common.C.SELECTION_REASON_MANUAL, com.appsamurai.storyly.exoplayer2.common.C.SELECTION_REASON_ADAPTIVE, com.appsamurai.storyly.exoplayer2.common.C.SELECTION_REASON_TRICK_PLAY}" />
    </annotation>
  </item>
  <item name="com.appsamurai.storyly.exoplayer2.core.source.MediaSourceEventListener.EventDispatcher void loadError(com.appsamurai.storyly.exoplayer2.core.source.LoadEventInfo, int, int, com.appsamurai.storyly.exoplayer2.common.Format, int, java.lang.Object, long, long, java.io.IOException, boolean) 1">
    <annotation name="androidx.annotation.IntDef">
      <val name="open" val="true" />
      <val name="value" val="{com.appsamurai.storyly.exoplayer2.common.C.DATA_TYPE_UNKNOWN, com.appsamurai.storyly.exoplayer2.common.C.DATA_TYPE_MEDIA, com.appsamurai.storyly.exoplayer2.common.C.DATA_TYPE_MEDIA_INITIALIZATION, com.appsamurai.storyly.exoplayer2.common.C.DATA_TYPE_DRM, com.appsamurai.storyly.exoplayer2.common.C.DATA_TYPE_MANIFEST, com.appsamurai.storyly.exoplayer2.common.C.DATA_TYPE_TIME_SYNCHRONIZATION, com.appsamurai.storyly.exoplayer2.common.C.DATA_TYPE_AD, com.appsamurai.storyly.exoplayer2.common.C.DATA_TYPE_MEDIA_PROGRESSIVE_LIVE}" />
    </annotation>
  </item>
  <item name="com.appsamurai.storyly.exoplayer2.core.source.MediaSourceEventListener.EventDispatcher void loadError(com.appsamurai.storyly.exoplayer2.core.source.LoadEventInfo, int, int, com.appsamurai.storyly.exoplayer2.common.Format, int, java.lang.Object, long, long, java.io.IOException, boolean) 2">
    <annotation name="androidx.annotation.IntDef">
      <val name="open" val="true" />
      <val name="value" val="{com.appsamurai.storyly.exoplayer2.common.C.TRACK_TYPE_UNKNOWN, com.appsamurai.storyly.exoplayer2.common.C.TRACK_TYPE_DEFAULT, com.appsamurai.storyly.exoplayer2.common.C.TRACK_TYPE_AUDIO, com.appsamurai.storyly.exoplayer2.common.C.TRACK_TYPE_VIDEO, com.appsamurai.storyly.exoplayer2.common.C.TRACK_TYPE_TEXT, com.appsamurai.storyly.exoplayer2.common.C.TRACK_TYPE_IMAGE, com.appsamurai.storyly.exoplayer2.common.C.TRACK_TYPE_METADATA, com.appsamurai.storyly.exoplayer2.common.C.TRACK_TYPE_CAMERA_MOTION, com.appsamurai.storyly.exoplayer2.common.C.TRACK_TYPE_NONE}" />
    </annotation>
  </item>
  <item name="com.appsamurai.storyly.exoplayer2.core.source.MediaSourceEventListener.EventDispatcher void loadError(com.appsamurai.storyly.exoplayer2.core.source.LoadEventInfo, int, int, com.appsamurai.storyly.exoplayer2.common.Format, int, java.lang.Object, long, long, java.io.IOException, boolean) 4">
    <annotation name="androidx.annotation.IntDef">
      <val name="open" val="true" />
      <val name="value" val="{com.appsamurai.storyly.exoplayer2.common.C.SELECTION_REASON_UNKNOWN, com.appsamurai.storyly.exoplayer2.common.C.SELECTION_REASON_INITIAL, com.appsamurai.storyly.exoplayer2.common.C.SELECTION_REASON_MANUAL, com.appsamurai.storyly.exoplayer2.common.C.SELECTION_REASON_ADAPTIVE, com.appsamurai.storyly.exoplayer2.common.C.SELECTION_REASON_TRICK_PLAY}" />
    </annotation>
  </item>
  <item name="com.appsamurai.storyly.exoplayer2.core.source.MediaSourceEventListener.EventDispatcher void loadError(com.appsamurai.storyly.exoplayer2.core.source.LoadEventInfo, int, java.io.IOException, boolean) 1">
    <annotation name="androidx.annotation.IntDef">
      <val name="open" val="true" />
      <val name="value" val="{com.appsamurai.storyly.exoplayer2.common.C.DATA_TYPE_UNKNOWN, com.appsamurai.storyly.exoplayer2.common.C.DATA_TYPE_MEDIA, com.appsamurai.storyly.exoplayer2.common.C.DATA_TYPE_MEDIA_INITIALIZATION, com.appsamurai.storyly.exoplayer2.common.C.DATA_TYPE_DRM, com.appsamurai.storyly.exoplayer2.common.C.DATA_TYPE_MANIFEST, com.appsamurai.storyly.exoplayer2.common.C.DATA_TYPE_TIME_SYNCHRONIZATION, com.appsamurai.storyly.exoplayer2.common.C.DATA_TYPE_AD, com.appsamurai.storyly.exoplayer2.common.C.DATA_TYPE_MEDIA_PROGRESSIVE_LIVE}" />
    </annotation>
  </item>
  <item name="com.appsamurai.storyly.exoplayer2.core.source.MediaSourceEventListener.EventDispatcher void loadStarted(com.appsamurai.storyly.exoplayer2.core.source.LoadEventInfo, int) 1">
    <annotation name="androidx.annotation.IntDef">
      <val name="open" val="true" />
      <val name="value" val="{com.appsamurai.storyly.exoplayer2.common.C.DATA_TYPE_UNKNOWN, com.appsamurai.storyly.exoplayer2.common.C.DATA_TYPE_MEDIA, com.appsamurai.storyly.exoplayer2.common.C.DATA_TYPE_MEDIA_INITIALIZATION, com.appsamurai.storyly.exoplayer2.common.C.DATA_TYPE_DRM, com.appsamurai.storyly.exoplayer2.common.C.DATA_TYPE_MANIFEST, com.appsamurai.storyly.exoplayer2.common.C.DATA_TYPE_TIME_SYNCHRONIZATION, com.appsamurai.storyly.exoplayer2.common.C.DATA_TYPE_AD, com.appsamurai.storyly.exoplayer2.common.C.DATA_TYPE_MEDIA_PROGRESSIVE_LIVE}" />
    </annotation>
  </item>
  <item name="com.appsamurai.storyly.exoplayer2.core.source.MediaSourceEventListener.EventDispatcher void loadStarted(com.appsamurai.storyly.exoplayer2.core.source.LoadEventInfo, int, int, com.appsamurai.storyly.exoplayer2.common.Format, int, java.lang.Object, long, long) 1">
    <annotation name="androidx.annotation.IntDef">
      <val name="open" val="true" />
      <val name="value" val="{com.appsamurai.storyly.exoplayer2.common.C.DATA_TYPE_UNKNOWN, com.appsamurai.storyly.exoplayer2.common.C.DATA_TYPE_MEDIA, com.appsamurai.storyly.exoplayer2.common.C.DATA_TYPE_MEDIA_INITIALIZATION, com.appsamurai.storyly.exoplayer2.common.C.DATA_TYPE_DRM, com.appsamurai.storyly.exoplayer2.common.C.DATA_TYPE_MANIFEST, com.appsamurai.storyly.exoplayer2.common.C.DATA_TYPE_TIME_SYNCHRONIZATION, com.appsamurai.storyly.exoplayer2.common.C.DATA_TYPE_AD, com.appsamurai.storyly.exoplayer2.common.C.DATA_TYPE_MEDIA_PROGRESSIVE_LIVE}" />
    </annotation>
  </item>
  <item name="com.appsamurai.storyly.exoplayer2.core.source.MediaSourceEventListener.EventDispatcher void loadStarted(com.appsamurai.storyly.exoplayer2.core.source.LoadEventInfo, int, int, com.appsamurai.storyly.exoplayer2.common.Format, int, java.lang.Object, long, long) 2">
    <annotation name="androidx.annotation.IntDef">
      <val name="open" val="true" />
      <val name="value" val="{com.appsamurai.storyly.exoplayer2.common.C.TRACK_TYPE_UNKNOWN, com.appsamurai.storyly.exoplayer2.common.C.TRACK_TYPE_DEFAULT, com.appsamurai.storyly.exoplayer2.common.C.TRACK_TYPE_AUDIO, com.appsamurai.storyly.exoplayer2.common.C.TRACK_TYPE_VIDEO, com.appsamurai.storyly.exoplayer2.common.C.TRACK_TYPE_TEXT, com.appsamurai.storyly.exoplayer2.common.C.TRACK_TYPE_IMAGE, com.appsamurai.storyly.exoplayer2.common.C.TRACK_TYPE_METADATA, com.appsamurai.storyly.exoplayer2.common.C.TRACK_TYPE_CAMERA_MOTION, com.appsamurai.storyly.exoplayer2.common.C.TRACK_TYPE_NONE}" />
    </annotation>
  </item>
  <item name="com.appsamurai.storyly.exoplayer2.core.source.MediaSourceEventListener.EventDispatcher void loadStarted(com.appsamurai.storyly.exoplayer2.core.source.LoadEventInfo, int, int, com.appsamurai.storyly.exoplayer2.common.Format, int, java.lang.Object, long, long) 4">
    <annotation name="androidx.annotation.IntDef">
      <val name="open" val="true" />
      <val name="value" val="{com.appsamurai.storyly.exoplayer2.common.C.SELECTION_REASON_UNKNOWN, com.appsamurai.storyly.exoplayer2.common.C.SELECTION_REASON_INITIAL, com.appsamurai.storyly.exoplayer2.common.C.SELECTION_REASON_MANUAL, com.appsamurai.storyly.exoplayer2.common.C.SELECTION_REASON_ADAPTIVE, com.appsamurai.storyly.exoplayer2.common.C.SELECTION_REASON_TRICK_PLAY}" />
    </annotation>
  </item>
  <item name="com.appsamurai.storyly.exoplayer2.core.source.MergingMediaPeriod.ForwardingTrackSelection int getSelectionReason()">
    <annotation name="androidx.annotation.IntDef">
      <val name="open" val="true" />
      <val name="value" val="{com.appsamurai.storyly.exoplayer2.common.C.SELECTION_REASON_UNKNOWN, com.appsamurai.storyly.exoplayer2.common.C.SELECTION_REASON_INITIAL, com.appsamurai.storyly.exoplayer2.common.C.SELECTION_REASON_MANUAL, com.appsamurai.storyly.exoplayer2.common.C.SELECTION_REASON_ADAPTIVE, com.appsamurai.storyly.exoplayer2.common.C.SELECTION_REASON_TRICK_PLAY}" />
    </annotation>
  </item>
  <item name="com.appsamurai.storyly.exoplayer2.core.source.MergingMediaPeriod.ForwardingTrackSelection int getType()">
    <annotation name="androidx.annotation.IntDef">
      <val name="open" val="true" />
      <val name="value" val="{com.appsamurai.storyly.exoplayer2.core.trackselection.TrackSelection.TYPE_UNSET}" />
    </annotation>
  </item>
  <item name="com.appsamurai.storyly.exoplayer2.core.source.MergingMediaPeriod.TimeOffsetSampleStream int readData(com.appsamurai.storyly.exoplayer2.core.FormatHolder, com.appsamurai.storyly.exoplayer2.decoder.DecoderInputBuffer, int) 2">
    <annotation name="androidx.annotation.IntDef">
      <val name="flag" val="true" />
      <val name="value" val="{com.appsamurai.storyly.exoplayer2.core.source.SampleStream.FLAG_PEEK, com.appsamurai.storyly.exoplayer2.core.source.SampleStream.FLAG_REQUIRE_FORMAT, com.appsamurai.storyly.exoplayer2.core.source.SampleStream.FLAG_OMIT_SAMPLE_DATA}" />
    </annotation>
  </item>
  <item name="com.appsamurai.storyly.exoplayer2.core.source.MergingMediaSource.IllegalMergeException IllegalMergeException(int) 0">
    <annotation name="androidx.annotation.IntDef">
      <val name="value" val="{com.appsamurai.storyly.exoplayer2.core.source.MergingMediaSource.IllegalMergeException.REASON_PERIOD_COUNT_MISMATCH}" />
    </annotation>
  </item>
  <item name="com.appsamurai.storyly.exoplayer2.core.source.MergingMediaSource.IllegalMergeException reason">
    <annotation name="androidx.annotation.IntDef">
      <val name="value" val="{com.appsamurai.storyly.exoplayer2.core.source.MergingMediaSource.IllegalMergeException.REASON_PERIOD_COUNT_MISMATCH}" />
    </annotation>
  </item>
  <item name="com.appsamurai.storyly.exoplayer2.core.source.MergingMediaSource.IllegalMergeException.Reason">
    <annotation name="androidx.annotation.IntDef">
      <val name="value" val="{com.appsamurai.storyly.exoplayer2.core.source.MergingMediaSource.IllegalMergeException.REASON_PERIOD_COUNT_MISMATCH}" />
    </annotation>
  </item>
  <item name="com.appsamurai.storyly.exoplayer2.core.source.ProgressiveMediaPeriod dataType">
    <annotation name="androidx.annotation.IntDef">
      <val name="open" val="true" />
      <val name="value" val="{com.appsamurai.storyly.exoplayer2.common.C.DATA_TYPE_UNKNOWN, com.appsamurai.storyly.exoplayer2.common.C.DATA_TYPE_MEDIA, com.appsamurai.storyly.exoplayer2.common.C.DATA_TYPE_MEDIA_INITIALIZATION, com.appsamurai.storyly.exoplayer2.common.C.DATA_TYPE_DRM, com.appsamurai.storyly.exoplayer2.common.C.DATA_TYPE_MANIFEST, com.appsamurai.storyly.exoplayer2.common.C.DATA_TYPE_TIME_SYNCHRONIZATION, com.appsamurai.storyly.exoplayer2.common.C.DATA_TYPE_AD, com.appsamurai.storyly.exoplayer2.common.C.DATA_TYPE_MEDIA_PROGRESSIVE_LIVE}" />
    </annotation>
  </item>
  <item name="com.appsamurai.storyly.exoplayer2.core.source.ProgressiveMediaPeriod int readData(int, com.appsamurai.storyly.exoplayer2.core.FormatHolder, com.appsamurai.storyly.exoplayer2.decoder.DecoderInputBuffer, int) 3">
    <annotation name="androidx.annotation.IntDef">
      <val name="flag" val="true" />
      <val name="value" val="{com.appsamurai.storyly.exoplayer2.core.source.SampleStream.FLAG_PEEK, com.appsamurai.storyly.exoplayer2.core.source.SampleStream.FLAG_REQUIRE_FORMAT, com.appsamurai.storyly.exoplayer2.core.source.SampleStream.FLAG_OMIT_SAMPLE_DATA}" />
    </annotation>
  </item>
  <item name="com.appsamurai.storyly.exoplayer2.core.source.ProgressiveMediaPeriod.SampleStreamImpl int readData(com.appsamurai.storyly.exoplayer2.core.FormatHolder, com.appsamurai.storyly.exoplayer2.decoder.DecoderInputBuffer, int) 2">
    <annotation name="androidx.annotation.IntDef">
      <val name="flag" val="true" />
      <val name="value" val="{com.appsamurai.storyly.exoplayer2.core.source.SampleStream.FLAG_PEEK, com.appsamurai.storyly.exoplayer2.core.source.SampleStream.FLAG_REQUIRE_FORMAT, com.appsamurai.storyly.exoplayer2.core.source.SampleStream.FLAG_OMIT_SAMPLE_DATA}" />
    </annotation>
  </item>
  <item name="com.appsamurai.storyly.exoplayer2.core.source.SampleQueue int read(com.appsamurai.storyly.exoplayer2.core.FormatHolder, com.appsamurai.storyly.exoplayer2.decoder.DecoderInputBuffer, int, boolean) 2">
    <annotation name="androidx.annotation.IntDef">
      <val name="flag" val="true" />
      <val name="value" val="{com.appsamurai.storyly.exoplayer2.core.source.SampleStream.FLAG_PEEK, com.appsamurai.storyly.exoplayer2.core.source.SampleStream.FLAG_REQUIRE_FORMAT, com.appsamurai.storyly.exoplayer2.core.source.SampleStream.FLAG_OMIT_SAMPLE_DATA}" />
    </annotation>
  </item>
  <item name="com.appsamurai.storyly.exoplayer2.core.source.SampleQueue int sampleData(com.appsamurai.storyly.exoplayer2.common.upstream.DataReader, int, boolean, int) 3">
    <annotation name="androidx.annotation.IntDef">
      <val name="value" val="{com.appsamurai.storyly.exoplayer2.extractor.extractor.TrackOutput.SAMPLE_DATA_PART_MAIN, com.appsamurai.storyly.exoplayer2.extractor.extractor.TrackOutput.SAMPLE_DATA_PART_ENCRYPTION, com.appsamurai.storyly.exoplayer2.extractor.extractor.TrackOutput.SAMPLE_DATA_PART_SUPPLEMENTAL}" />
    </annotation>
  </item>
  <item name="com.appsamurai.storyly.exoplayer2.core.source.SampleQueue void commitSample(long, int, long, int, com.appsamurai.storyly.exoplayer2.extractor.extractor.TrackOutput.CryptoData) 1">
    <annotation name="androidx.annotation.IntDef">
      <val name="flag" val="true" />
      <val name="value" val="{com.appsamurai.storyly.exoplayer2.common.C.BUFFER_FLAG_KEY_FRAME, com.appsamurai.storyly.exoplayer2.common.C.BUFFER_FLAG_END_OF_STREAM, com.appsamurai.storyly.exoplayer2.common.C.BUFFER_FLAG_FIRST_SAMPLE, com.appsamurai.storyly.exoplayer2.common.C.BUFFER_FLAG_HAS_SUPPLEMENTAL_DATA, com.appsamurai.storyly.exoplayer2.common.C.BUFFER_FLAG_LAST_SAMPLE, com.appsamurai.storyly.exoplayer2.common.C.BUFFER_FLAG_ENCRYPTED, com.appsamurai.storyly.exoplayer2.common.C.BUFFER_FLAG_DECODE_ONLY}" />
    </annotation>
  </item>
  <item name="com.appsamurai.storyly.exoplayer2.core.source.SampleQueue void sampleData(com.appsamurai.storyly.exoplayer2.common.util.ParsableByteArray, int, int) 2">
    <annotation name="androidx.annotation.IntDef">
      <val name="value" val="{com.appsamurai.storyly.exoplayer2.extractor.extractor.TrackOutput.SAMPLE_DATA_PART_MAIN, com.appsamurai.storyly.exoplayer2.extractor.extractor.TrackOutput.SAMPLE_DATA_PART_ENCRYPTION, com.appsamurai.storyly.exoplayer2.extractor.extractor.TrackOutput.SAMPLE_DATA_PART_SUPPLEMENTAL}" />
    </annotation>
  </item>
  <item name="com.appsamurai.storyly.exoplayer2.core.source.SampleQueue void sampleMetadata(long, int, int, int, com.appsamurai.storyly.exoplayer2.extractor.extractor.TrackOutput.CryptoData) 1">
    <annotation name="androidx.annotation.IntDef">
      <val name="flag" val="true" />
      <val name="value" val="{com.appsamurai.storyly.exoplayer2.common.C.BUFFER_FLAG_KEY_FRAME, com.appsamurai.storyly.exoplayer2.common.C.BUFFER_FLAG_END_OF_STREAM, com.appsamurai.storyly.exoplayer2.common.C.BUFFER_FLAG_FIRST_SAMPLE, com.appsamurai.storyly.exoplayer2.common.C.BUFFER_FLAG_HAS_SUPPLEMENTAL_DATA, com.appsamurai.storyly.exoplayer2.common.C.BUFFER_FLAG_LAST_SAMPLE, com.appsamurai.storyly.exoplayer2.common.C.BUFFER_FLAG_ENCRYPTED, com.appsamurai.storyly.exoplayer2.common.C.BUFFER_FLAG_DECODE_ONLY}" />
    </annotation>
  </item>
  <item name="com.appsamurai.storyly.exoplayer2.core.source.SampleStream int readData(com.appsamurai.storyly.exoplayer2.core.FormatHolder, com.appsamurai.storyly.exoplayer2.decoder.DecoderInputBuffer, int)">
    <annotation name="androidx.annotation.IntDef">
      <val name="value" val="{com.appsamurai.storyly.exoplayer2.common.C.RESULT_NOTHING_READ, com.appsamurai.storyly.exoplayer2.common.C.RESULT_FORMAT_READ, com.appsamurai.storyly.exoplayer2.common.C.RESULT_BUFFER_READ}" />
    </annotation>
  </item>
  <item name="com.appsamurai.storyly.exoplayer2.core.source.SampleStream int readData(com.appsamurai.storyly.exoplayer2.core.FormatHolder, com.appsamurai.storyly.exoplayer2.decoder.DecoderInputBuffer, int) 2">
    <annotation name="androidx.annotation.IntDef">
      <val name="flag" val="true" />
      <val name="value" val="{com.appsamurai.storyly.exoplayer2.core.source.SampleStream.FLAG_PEEK, com.appsamurai.storyly.exoplayer2.core.source.SampleStream.FLAG_REQUIRE_FORMAT, com.appsamurai.storyly.exoplayer2.core.source.SampleStream.FLAG_OMIT_SAMPLE_DATA}" />
    </annotation>
  </item>
  <item name="com.appsamurai.storyly.exoplayer2.core.source.SampleStream.ReadDataResult">
    <annotation name="androidx.annotation.IntDef">
      <val name="value" val="{com.appsamurai.storyly.exoplayer2.common.C.RESULT_NOTHING_READ, com.appsamurai.storyly.exoplayer2.common.C.RESULT_FORMAT_READ, com.appsamurai.storyly.exoplayer2.common.C.RESULT_BUFFER_READ}" />
    </annotation>
  </item>
  <item name="com.appsamurai.storyly.exoplayer2.core.source.SampleStream.ReadFlags">
    <annotation name="androidx.annotation.IntDef">
      <val name="flag" val="true" />
      <val name="value" val="{com.appsamurai.storyly.exoplayer2.core.source.SampleStream.FLAG_PEEK, com.appsamurai.storyly.exoplayer2.core.source.SampleStream.FLAG_REQUIRE_FORMAT, com.appsamurai.storyly.exoplayer2.core.source.SampleStream.FLAG_OMIT_SAMPLE_DATA}" />
    </annotation>
  </item>
  <item name="com.appsamurai.storyly.exoplayer2.core.source.SilenceMediaSource PCM_ENCODING">
    <annotation name="androidx.annotation.IntDef">
      <val name="value" val="{com.appsamurai.storyly.exoplayer2.common.Format.NO_VALUE, com.appsamurai.storyly.exoplayer2.common.C.ENCODING_INVALID, com.appsamurai.storyly.exoplayer2.common.C.ENCODING_PCM_8BIT, com.appsamurai.storyly.exoplayer2.common.C.ENCODING_PCM_16BIT, com.appsamurai.storyly.exoplayer2.common.C.ENCODING_PCM_16BIT_BIG_ENDIAN, com.appsamurai.storyly.exoplayer2.common.C.ENCODING_PCM_24BIT, com.appsamurai.storyly.exoplayer2.common.C.ENCODING_PCM_32BIT, com.appsamurai.storyly.exoplayer2.common.C.ENCODING_PCM_FLOAT}" />
    </annotation>
  </item>
  <item name="com.appsamurai.storyly.exoplayer2.core.source.SilenceMediaSource.SilenceSampleStream int readData(com.appsamurai.storyly.exoplayer2.core.FormatHolder, com.appsamurai.storyly.exoplayer2.decoder.DecoderInputBuffer, int) 2">
    <annotation name="androidx.annotation.IntDef">
      <val name="flag" val="true" />
      <val name="value" val="{com.appsamurai.storyly.exoplayer2.core.source.SampleStream.FLAG_PEEK, com.appsamurai.storyly.exoplayer2.core.source.SampleStream.FLAG_REQUIRE_FORMAT, com.appsamurai.storyly.exoplayer2.core.source.SampleStream.FLAG_OMIT_SAMPLE_DATA}" />
    </annotation>
  </item>
  <item name="com.appsamurai.storyly.exoplayer2.core.source.SingleSampleMediaPeriod.SampleStreamImpl int readData(com.appsamurai.storyly.exoplayer2.core.FormatHolder, com.appsamurai.storyly.exoplayer2.decoder.DecoderInputBuffer, int) 2">
    <annotation name="androidx.annotation.IntDef">
      <val name="flag" val="true" />
      <val name="value" val="{com.appsamurai.storyly.exoplayer2.core.source.SampleStream.FLAG_PEEK, com.appsamurai.storyly.exoplayer2.core.source.SampleStream.FLAG_REQUIRE_FORMAT, com.appsamurai.storyly.exoplayer2.core.source.SampleStream.FLAG_OMIT_SAMPLE_DATA}" />
    </annotation>
  </item>
  <item name="com.appsamurai.storyly.exoplayer2.core.source.TrackGroupArray java.lang.String keyForField(int) 0">
    <annotation name="androidx.annotation.IntDef">
      <val name="value" val="{com.appsamurai.storyly.exoplayer2.core.source.TrackGroupArray.FIELD_TRACK_GROUPS}" />
    </annotation>
  </item>
</root>

