<?xml version="1.0" encoding="UTF-8"?>
<root>
  <item name="com.appsamurai.storyly.exoplayer2.datasource.upstream.AssetDataSource.AssetDataSourceException AssetDataSourceException(java.lang.Throwable, int) 1">
    <annotation name="androidx.annotation.IntDef">
      <val name="open" val="true" />
      <val name="value" val="{com.appsamurai.storyly.exoplayer2.common.PlaybackException.ERROR_CODE_UNSPECIFIED, com.appsamurai.storyly.exoplayer2.common.PlaybackException.ERROR_CODE_REMOTE_ERROR, com.appsamurai.storyly.exoplayer2.common.PlaybackException.ERROR_CODE_BEHIND_LIVE_WINDOW, com.appsamurai.storyly.exoplayer2.common.PlaybackException.ERROR_CODE_TIMEOUT, com.appsamurai.storyly.exoplayer2.common.PlaybackException.ERROR_CODE_FAILED_RUNTIME_CHECK, com.appsamurai.storyly.exoplayer2.common.PlaybackException.ERROR_CODE_IO_UNSPECIFIED, com.appsamurai.storyly.exoplayer2.common.PlaybackException.ERROR_CODE_IO_NETWORK_CONNECTION_FAILED, com.appsamurai.storyly.exoplayer2.common.PlaybackException.ERROR_CODE_IO_NETWORK_CONNECTION_TIMEOUT, com.appsamurai.storyly.exoplayer2.common.PlaybackException.ERROR_CODE_IO_INVALID_HTTP_CONTENT_TYPE, com.appsamurai.storyly.exoplayer2.common.PlaybackException.ERROR_CODE_IO_BAD_HTTP_STATUS, com.appsamurai.storyly.exoplayer2.common.PlaybackException.ERROR_CODE_IO_FILE_NOT_FOUND, com.appsamurai.storyly.exoplayer2.common.PlaybackException.ERROR_CODE_IO_NO_PERMISSION, com.appsamurai.storyly.exoplayer2.common.PlaybackException.ERROR_CODE_IO_CLEARTEXT_NOT_PERMITTED, com.appsamurai.storyly.exoplayer2.common.PlaybackException.ERROR_CODE_IO_READ_POSITION_OUT_OF_RANGE, com.appsamurai.storyly.exoplayer2.common.PlaybackException.ERROR_CODE_PARSING_CONTAINER_MALFORMED, com.appsamurai.storyly.exoplayer2.common.PlaybackException.ERROR_CODE_PARSING_MANIFEST_MALFORMED, com.appsamurai.storyly.exoplayer2.common.PlaybackException.ERROR_CODE_PARSING_CONTAINER_UNSUPPORTED, com.appsamurai.storyly.exoplayer2.common.PlaybackException.ERROR_CODE_PARSING_MANIFEST_UNSUPPORTED, com.appsamurai.storyly.exoplayer2.common.PlaybackException.ERROR_CODE_DECODER_INIT_FAILED, com.appsamurai.storyly.exoplayer2.common.PlaybackException.ERROR_CODE_DECODER_QUERY_FAILED, com.appsamurai.storyly.exoplayer2.common.PlaybackException.ERROR_CODE_DECODING_FAILED, com.appsamurai.storyly.exoplayer2.common.PlaybackException.ERROR_CODE_DECODING_FORMAT_EXCEEDS_CAPABILITIES, com.appsamurai.storyly.exoplayer2.common.PlaybackException.ERROR_CODE_DECODING_FORMAT_UNSUPPORTED, com.appsamurai.storyly.exoplayer2.common.PlaybackException.ERROR_CODE_AUDIO_TRACK_INIT_FAILED, com.appsamurai.storyly.exoplayer2.common.PlaybackException.ERROR_CODE_AUDIO_TRACK_WRITE_FAILED, com.appsamurai.storyly.exoplayer2.common.PlaybackException.ERROR_CODE_DRM_UNSPECIFIED, com.appsamurai.storyly.exoplayer2.common.PlaybackException.ERROR_CODE_DRM_SCHEME_UNSUPPORTED, com.appsamurai.storyly.exoplayer2.common.PlaybackException.ERROR_CODE_DRM_PROVISIONING_FAILED, com.appsamurai.storyly.exoplayer2.common.PlaybackException.ERROR_CODE_DRM_CONTENT_ERROR, com.appsamurai.storyly.exoplayer2.common.PlaybackException.ERROR_CODE_DRM_LICENSE_ACQUISITION_FAILED, com.appsamurai.storyly.exoplayer2.common.PlaybackException.ERROR_CODE_DRM_DISALLOWED_OPERATION, com.appsamurai.storyly.exoplayer2.common.PlaybackException.ERROR_CODE_DRM_SYSTEM_ERROR, com.appsamurai.storyly.exoplayer2.common.PlaybackException.ERROR_CODE_DRM_DEVICE_REVOKED, com.appsamurai.storyly.exoplayer2.common.PlaybackException.ERROR_CODE_DRM_LICENSE_EXPIRED}" />
    </annotation>
  </item>
  <item name="com.appsamurai.storyly.exoplayer2.datasource.upstream.ContentDataSource.ContentDataSourceException ContentDataSourceException(java.io.IOException, int) 1">
    <annotation name="androidx.annotation.IntDef">
      <val name="open" val="true" />
      <val name="value" val="{com.appsamurai.storyly.exoplayer2.common.PlaybackException.ERROR_CODE_UNSPECIFIED, com.appsamurai.storyly.exoplayer2.common.PlaybackException.ERROR_CODE_REMOTE_ERROR, com.appsamurai.storyly.exoplayer2.common.PlaybackException.ERROR_CODE_BEHIND_LIVE_WINDOW, com.appsamurai.storyly.exoplayer2.common.PlaybackException.ERROR_CODE_TIMEOUT, com.appsamurai.storyly.exoplayer2.common.PlaybackException.ERROR_CODE_FAILED_RUNTIME_CHECK, com.appsamurai.storyly.exoplayer2.common.PlaybackException.ERROR_CODE_IO_UNSPECIFIED, com.appsamurai.storyly.exoplayer2.common.PlaybackException.ERROR_CODE_IO_NETWORK_CONNECTION_FAILED, com.appsamurai.storyly.exoplayer2.common.PlaybackException.ERROR_CODE_IO_NETWORK_CONNECTION_TIMEOUT, com.appsamurai.storyly.exoplayer2.common.PlaybackException.ERROR_CODE_IO_INVALID_HTTP_CONTENT_TYPE, com.appsamurai.storyly.exoplayer2.common.PlaybackException.ERROR_CODE_IO_BAD_HTTP_STATUS, com.appsamurai.storyly.exoplayer2.common.PlaybackException.ERROR_CODE_IO_FILE_NOT_FOUND, com.appsamurai.storyly.exoplayer2.common.PlaybackException.ERROR_CODE_IO_NO_PERMISSION, com.appsamurai.storyly.exoplayer2.common.PlaybackException.ERROR_CODE_IO_CLEARTEXT_NOT_PERMITTED, com.appsamurai.storyly.exoplayer2.common.PlaybackException.ERROR_CODE_IO_READ_POSITION_OUT_OF_RANGE, com.appsamurai.storyly.exoplayer2.common.PlaybackException.ERROR_CODE_PARSING_CONTAINER_MALFORMED, com.appsamurai.storyly.exoplayer2.common.PlaybackException.ERROR_CODE_PARSING_MANIFEST_MALFORMED, com.appsamurai.storyly.exoplayer2.common.PlaybackException.ERROR_CODE_PARSING_CONTAINER_UNSUPPORTED, com.appsamurai.storyly.exoplayer2.common.PlaybackException.ERROR_CODE_PARSING_MANIFEST_UNSUPPORTED, com.appsamurai.storyly.exoplayer2.common.PlaybackException.ERROR_CODE_DECODER_INIT_FAILED, com.appsamurai.storyly.exoplayer2.common.PlaybackException.ERROR_CODE_DECODER_QUERY_FAILED, com.appsamurai.storyly.exoplayer2.common.PlaybackException.ERROR_CODE_DECODING_FAILED, com.appsamurai.storyly.exoplayer2.common.PlaybackException.ERROR_CODE_DECODING_FORMAT_EXCEEDS_CAPABILITIES, com.appsamurai.storyly.exoplayer2.common.PlaybackException.ERROR_CODE_DECODING_FORMAT_UNSUPPORTED, com.appsamurai.storyly.exoplayer2.common.PlaybackException.ERROR_CODE_AUDIO_TRACK_INIT_FAILED, com.appsamurai.storyly.exoplayer2.common.PlaybackException.ERROR_CODE_AUDIO_TRACK_WRITE_FAILED, com.appsamurai.storyly.exoplayer2.common.PlaybackException.ERROR_CODE_DRM_UNSPECIFIED, com.appsamurai.storyly.exoplayer2.common.PlaybackException.ERROR_CODE_DRM_SCHEME_UNSUPPORTED, com.appsamurai.storyly.exoplayer2.common.PlaybackException.ERROR_CODE_DRM_PROVISIONING_FAILED, com.appsamurai.storyly.exoplayer2.common.PlaybackException.ERROR_CODE_DRM_CONTENT_ERROR, com.appsamurai.storyly.exoplayer2.common.PlaybackException.ERROR_CODE_DRM_LICENSE_ACQUISITION_FAILED, com.appsamurai.storyly.exoplayer2.common.PlaybackException.ERROR_CODE_DRM_DISALLOWED_OPERATION, com.appsamurai.storyly.exoplayer2.common.PlaybackException.ERROR_CODE_DRM_SYSTEM_ERROR, com.appsamurai.storyly.exoplayer2.common.PlaybackException.ERROR_CODE_DRM_DEVICE_REVOKED, com.appsamurai.storyly.exoplayer2.common.PlaybackException.ERROR_CODE_DRM_LICENSE_EXPIRED}" />
    </annotation>
  </item>
  <item name="com.appsamurai.storyly.exoplayer2.datasource.upstream.DataSourceException DataSourceException(int) 0">
    <annotation name="androidx.annotation.IntDef">
      <val name="open" val="true" />
      <val name="value" val="{com.appsamurai.storyly.exoplayer2.common.PlaybackException.ERROR_CODE_UNSPECIFIED, com.appsamurai.storyly.exoplayer2.common.PlaybackException.ERROR_CODE_REMOTE_ERROR, com.appsamurai.storyly.exoplayer2.common.PlaybackException.ERROR_CODE_BEHIND_LIVE_WINDOW, com.appsamurai.storyly.exoplayer2.common.PlaybackException.ERROR_CODE_TIMEOUT, com.appsamurai.storyly.exoplayer2.common.PlaybackException.ERROR_CODE_FAILED_RUNTIME_CHECK, com.appsamurai.storyly.exoplayer2.common.PlaybackException.ERROR_CODE_IO_UNSPECIFIED, com.appsamurai.storyly.exoplayer2.common.PlaybackException.ERROR_CODE_IO_NETWORK_CONNECTION_FAILED, com.appsamurai.storyly.exoplayer2.common.PlaybackException.ERROR_CODE_IO_NETWORK_CONNECTION_TIMEOUT, com.appsamurai.storyly.exoplayer2.common.PlaybackException.ERROR_CODE_IO_INVALID_HTTP_CONTENT_TYPE, com.appsamurai.storyly.exoplayer2.common.PlaybackException.ERROR_CODE_IO_BAD_HTTP_STATUS, com.appsamurai.storyly.exoplayer2.common.PlaybackException.ERROR_CODE_IO_FILE_NOT_FOUND, com.appsamurai.storyly.exoplayer2.common.PlaybackException.ERROR_CODE_IO_NO_PERMISSION, com.appsamurai.storyly.exoplayer2.common.PlaybackException.ERROR_CODE_IO_CLEARTEXT_NOT_PERMITTED, com.appsamurai.storyly.exoplayer2.common.PlaybackException.ERROR_CODE_IO_READ_POSITION_OUT_OF_RANGE, com.appsamurai.storyly.exoplayer2.common.PlaybackException.ERROR_CODE_PARSING_CONTAINER_MALFORMED, com.appsamurai.storyly.exoplayer2.common.PlaybackException.ERROR_CODE_PARSING_MANIFEST_MALFORMED, com.appsamurai.storyly.exoplayer2.common.PlaybackException.ERROR_CODE_PARSING_CONTAINER_UNSUPPORTED, com.appsamurai.storyly.exoplayer2.common.PlaybackException.ERROR_CODE_PARSING_MANIFEST_UNSUPPORTED, com.appsamurai.storyly.exoplayer2.common.PlaybackException.ERROR_CODE_DECODER_INIT_FAILED, com.appsamurai.storyly.exoplayer2.common.PlaybackException.ERROR_CODE_DECODER_QUERY_FAILED, com.appsamurai.storyly.exoplayer2.common.PlaybackException.ERROR_CODE_DECODING_FAILED, com.appsamurai.storyly.exoplayer2.common.PlaybackException.ERROR_CODE_DECODING_FORMAT_EXCEEDS_CAPABILITIES, com.appsamurai.storyly.exoplayer2.common.PlaybackException.ERROR_CODE_DECODING_FORMAT_UNSUPPORTED, com.appsamurai.storyly.exoplayer2.common.PlaybackException.ERROR_CODE_AUDIO_TRACK_INIT_FAILED, com.appsamurai.storyly.exoplayer2.common.PlaybackException.ERROR_CODE_AUDIO_TRACK_WRITE_FAILED, com.appsamurai.storyly.exoplayer2.common.PlaybackException.ERROR_CODE_DRM_UNSPECIFIED, com.appsamurai.storyly.exoplayer2.common.PlaybackException.ERROR_CODE_DRM_SCHEME_UNSUPPORTED, com.appsamurai.storyly.exoplayer2.common.PlaybackException.ERROR_CODE_DRM_PROVISIONING_FAILED, com.appsamurai.storyly.exoplayer2.common.PlaybackException.ERROR_CODE_DRM_CONTENT_ERROR, com.appsamurai.storyly.exoplayer2.common.PlaybackException.ERROR_CODE_DRM_LICENSE_ACQUISITION_FAILED, com.appsamurai.storyly.exoplayer2.common.PlaybackException.ERROR_CODE_DRM_DISALLOWED_OPERATION, com.appsamurai.storyly.exoplayer2.common.PlaybackException.ERROR_CODE_DRM_SYSTEM_ERROR, com.appsamurai.storyly.exoplayer2.common.PlaybackException.ERROR_CODE_DRM_DEVICE_REVOKED, com.appsamurai.storyly.exoplayer2.common.PlaybackException.ERROR_CODE_DRM_LICENSE_EXPIRED}" />
    </annotation>
  </item>
  <item name="com.appsamurai.storyly.exoplayer2.datasource.upstream.DataSourceException DataSourceException(java.lang.String, int) 1">
    <annotation name="androidx.annotation.IntDef">
      <val name="open" val="true" />
      <val name="value" val="{com.appsamurai.storyly.exoplayer2.common.PlaybackException.ERROR_CODE_UNSPECIFIED, com.appsamurai.storyly.exoplayer2.common.PlaybackException.ERROR_CODE_REMOTE_ERROR, com.appsamurai.storyly.exoplayer2.common.PlaybackException.ERROR_CODE_BEHIND_LIVE_WINDOW, com.appsamurai.storyly.exoplayer2.common.PlaybackException.ERROR_CODE_TIMEOUT, com.appsamurai.storyly.exoplayer2.common.PlaybackException.ERROR_CODE_FAILED_RUNTIME_CHECK, com.appsamurai.storyly.exoplayer2.common.PlaybackException.ERROR_CODE_IO_UNSPECIFIED, com.appsamurai.storyly.exoplayer2.common.PlaybackException.ERROR_CODE_IO_NETWORK_CONNECTION_FAILED, com.appsamurai.storyly.exoplayer2.common.PlaybackException.ERROR_CODE_IO_NETWORK_CONNECTION_TIMEOUT, com.appsamurai.storyly.exoplayer2.common.PlaybackException.ERROR_CODE_IO_INVALID_HTTP_CONTENT_TYPE, com.appsamurai.storyly.exoplayer2.common.PlaybackException.ERROR_CODE_IO_BAD_HTTP_STATUS, com.appsamurai.storyly.exoplayer2.common.PlaybackException.ERROR_CODE_IO_FILE_NOT_FOUND, com.appsamurai.storyly.exoplayer2.common.PlaybackException.ERROR_CODE_IO_NO_PERMISSION, com.appsamurai.storyly.exoplayer2.common.PlaybackException.ERROR_CODE_IO_CLEARTEXT_NOT_PERMITTED, com.appsamurai.storyly.exoplayer2.common.PlaybackException.ERROR_CODE_IO_READ_POSITION_OUT_OF_RANGE, com.appsamurai.storyly.exoplayer2.common.PlaybackException.ERROR_CODE_PARSING_CONTAINER_MALFORMED, com.appsamurai.storyly.exoplayer2.common.PlaybackException.ERROR_CODE_PARSING_MANIFEST_MALFORMED, com.appsamurai.storyly.exoplayer2.common.PlaybackException.ERROR_CODE_PARSING_CONTAINER_UNSUPPORTED, com.appsamurai.storyly.exoplayer2.common.PlaybackException.ERROR_CODE_PARSING_MANIFEST_UNSUPPORTED, com.appsamurai.storyly.exoplayer2.common.PlaybackException.ERROR_CODE_DECODER_INIT_FAILED, com.appsamurai.storyly.exoplayer2.common.PlaybackException.ERROR_CODE_DECODER_QUERY_FAILED, com.appsamurai.storyly.exoplayer2.common.PlaybackException.ERROR_CODE_DECODING_FAILED, com.appsamurai.storyly.exoplayer2.common.PlaybackException.ERROR_CODE_DECODING_FORMAT_EXCEEDS_CAPABILITIES, com.appsamurai.storyly.exoplayer2.common.PlaybackException.ERROR_CODE_DECODING_FORMAT_UNSUPPORTED, com.appsamurai.storyly.exoplayer2.common.PlaybackException.ERROR_CODE_AUDIO_TRACK_INIT_FAILED, com.appsamurai.storyly.exoplayer2.common.PlaybackException.ERROR_CODE_AUDIO_TRACK_WRITE_FAILED, com.appsamurai.storyly.exoplayer2.common.PlaybackException.ERROR_CODE_DRM_UNSPECIFIED, com.appsamurai.storyly.exoplayer2.common.PlaybackException.ERROR_CODE_DRM_SCHEME_UNSUPPORTED, com.appsamurai.storyly.exoplayer2.common.PlaybackException.ERROR_CODE_DRM_PROVISIONING_FAILED, com.appsamurai.storyly.exoplayer2.common.PlaybackException.ERROR_CODE_DRM_CONTENT_ERROR, com.appsamurai.storyly.exoplayer2.common.PlaybackException.ERROR_CODE_DRM_LICENSE_ACQUISITION_FAILED, com.appsamurai.storyly.exoplayer2.common.PlaybackException.ERROR_CODE_DRM_DISALLOWED_OPERATION, com.appsamurai.storyly.exoplayer2.common.PlaybackException.ERROR_CODE_DRM_SYSTEM_ERROR, com.appsamurai.storyly.exoplayer2.common.PlaybackException.ERROR_CODE_DRM_DEVICE_REVOKED, com.appsamurai.storyly.exoplayer2.common.PlaybackException.ERROR_CODE_DRM_LICENSE_EXPIRED}" />
    </annotation>
  </item>
  <item name="com.appsamurai.storyly.exoplayer2.datasource.upstream.DataSourceException DataSourceException(java.lang.String, java.lang.Throwable, int) 2">
    <annotation name="androidx.annotation.IntDef">
      <val name="open" val="true" />
      <val name="value" val="{com.appsamurai.storyly.exoplayer2.common.PlaybackException.ERROR_CODE_UNSPECIFIED, com.appsamurai.storyly.exoplayer2.common.PlaybackException.ERROR_CODE_REMOTE_ERROR, com.appsamurai.storyly.exoplayer2.common.PlaybackException.ERROR_CODE_BEHIND_LIVE_WINDOW, com.appsamurai.storyly.exoplayer2.common.PlaybackException.ERROR_CODE_TIMEOUT, com.appsamurai.storyly.exoplayer2.common.PlaybackException.ERROR_CODE_FAILED_RUNTIME_CHECK, com.appsamurai.storyly.exoplayer2.common.PlaybackException.ERROR_CODE_IO_UNSPECIFIED, com.appsamurai.storyly.exoplayer2.common.PlaybackException.ERROR_CODE_IO_NETWORK_CONNECTION_FAILED, com.appsamurai.storyly.exoplayer2.common.PlaybackException.ERROR_CODE_IO_NETWORK_CONNECTION_TIMEOUT, com.appsamurai.storyly.exoplayer2.common.PlaybackException.ERROR_CODE_IO_INVALID_HTTP_CONTENT_TYPE, com.appsamurai.storyly.exoplayer2.common.PlaybackException.ERROR_CODE_IO_BAD_HTTP_STATUS, com.appsamurai.storyly.exoplayer2.common.PlaybackException.ERROR_CODE_IO_FILE_NOT_FOUND, com.appsamurai.storyly.exoplayer2.common.PlaybackException.ERROR_CODE_IO_NO_PERMISSION, com.appsamurai.storyly.exoplayer2.common.PlaybackException.ERROR_CODE_IO_CLEARTEXT_NOT_PERMITTED, com.appsamurai.storyly.exoplayer2.common.PlaybackException.ERROR_CODE_IO_READ_POSITION_OUT_OF_RANGE, com.appsamurai.storyly.exoplayer2.common.PlaybackException.ERROR_CODE_PARSING_CONTAINER_MALFORMED, com.appsamurai.storyly.exoplayer2.common.PlaybackException.ERROR_CODE_PARSING_MANIFEST_MALFORMED, com.appsamurai.storyly.exoplayer2.common.PlaybackException.ERROR_CODE_PARSING_CONTAINER_UNSUPPORTED, com.appsamurai.storyly.exoplayer2.common.PlaybackException.ERROR_CODE_PARSING_MANIFEST_UNSUPPORTED, com.appsamurai.storyly.exoplayer2.common.PlaybackException.ERROR_CODE_DECODER_INIT_FAILED, com.appsamurai.storyly.exoplayer2.common.PlaybackException.ERROR_CODE_DECODER_QUERY_FAILED, com.appsamurai.storyly.exoplayer2.common.PlaybackException.ERROR_CODE_DECODING_FAILED, com.appsamurai.storyly.exoplayer2.common.PlaybackException.ERROR_CODE_DECODING_FORMAT_EXCEEDS_CAPABILITIES, com.appsamurai.storyly.exoplayer2.common.PlaybackException.ERROR_CODE_DECODING_FORMAT_UNSUPPORTED, com.appsamurai.storyly.exoplayer2.common.PlaybackException.ERROR_CODE_AUDIO_TRACK_INIT_FAILED, com.appsamurai.storyly.exoplayer2.common.PlaybackException.ERROR_CODE_AUDIO_TRACK_WRITE_FAILED, com.appsamurai.storyly.exoplayer2.common.PlaybackException.ERROR_CODE_DRM_UNSPECIFIED, com.appsamurai.storyly.exoplayer2.common.PlaybackException.ERROR_CODE_DRM_SCHEME_UNSUPPORTED, com.appsamurai.storyly.exoplayer2.common.PlaybackException.ERROR_CODE_DRM_PROVISIONING_FAILED, com.appsamurai.storyly.exoplayer2.common.PlaybackException.ERROR_CODE_DRM_CONTENT_ERROR, com.appsamurai.storyly.exoplayer2.common.PlaybackException.ERROR_CODE_DRM_LICENSE_ACQUISITION_FAILED, com.appsamurai.storyly.exoplayer2.common.PlaybackException.ERROR_CODE_DRM_DISALLOWED_OPERATION, com.appsamurai.storyly.exoplayer2.common.PlaybackException.ERROR_CODE_DRM_SYSTEM_ERROR, com.appsamurai.storyly.exoplayer2.common.PlaybackException.ERROR_CODE_DRM_DEVICE_REVOKED, com.appsamurai.storyly.exoplayer2.common.PlaybackException.ERROR_CODE_DRM_LICENSE_EXPIRED}" />
    </annotation>
  </item>
  <item name="com.appsamurai.storyly.exoplayer2.datasource.upstream.DataSourceException DataSourceException(java.lang.Throwable, int) 1">
    <annotation name="androidx.annotation.IntDef">
      <val name="open" val="true" />
      <val name="value" val="{com.appsamurai.storyly.exoplayer2.common.PlaybackException.ERROR_CODE_UNSPECIFIED, com.appsamurai.storyly.exoplayer2.common.PlaybackException.ERROR_CODE_REMOTE_ERROR, com.appsamurai.storyly.exoplayer2.common.PlaybackException.ERROR_CODE_BEHIND_LIVE_WINDOW, com.appsamurai.storyly.exoplayer2.common.PlaybackException.ERROR_CODE_TIMEOUT, com.appsamurai.storyly.exoplayer2.common.PlaybackException.ERROR_CODE_FAILED_RUNTIME_CHECK, com.appsamurai.storyly.exoplayer2.common.PlaybackException.ERROR_CODE_IO_UNSPECIFIED, com.appsamurai.storyly.exoplayer2.common.PlaybackException.ERROR_CODE_IO_NETWORK_CONNECTION_FAILED, com.appsamurai.storyly.exoplayer2.common.PlaybackException.ERROR_CODE_IO_NETWORK_CONNECTION_TIMEOUT, com.appsamurai.storyly.exoplayer2.common.PlaybackException.ERROR_CODE_IO_INVALID_HTTP_CONTENT_TYPE, com.appsamurai.storyly.exoplayer2.common.PlaybackException.ERROR_CODE_IO_BAD_HTTP_STATUS, com.appsamurai.storyly.exoplayer2.common.PlaybackException.ERROR_CODE_IO_FILE_NOT_FOUND, com.appsamurai.storyly.exoplayer2.common.PlaybackException.ERROR_CODE_IO_NO_PERMISSION, com.appsamurai.storyly.exoplayer2.common.PlaybackException.ERROR_CODE_IO_CLEARTEXT_NOT_PERMITTED, com.appsamurai.storyly.exoplayer2.common.PlaybackException.ERROR_CODE_IO_READ_POSITION_OUT_OF_RANGE, com.appsamurai.storyly.exoplayer2.common.PlaybackException.ERROR_CODE_PARSING_CONTAINER_MALFORMED, com.appsamurai.storyly.exoplayer2.common.PlaybackException.ERROR_CODE_PARSING_MANIFEST_MALFORMED, com.appsamurai.storyly.exoplayer2.common.PlaybackException.ERROR_CODE_PARSING_CONTAINER_UNSUPPORTED, com.appsamurai.storyly.exoplayer2.common.PlaybackException.ERROR_CODE_PARSING_MANIFEST_UNSUPPORTED, com.appsamurai.storyly.exoplayer2.common.PlaybackException.ERROR_CODE_DECODER_INIT_FAILED, com.appsamurai.storyly.exoplayer2.common.PlaybackException.ERROR_CODE_DECODER_QUERY_FAILED, com.appsamurai.storyly.exoplayer2.common.PlaybackException.ERROR_CODE_DECODING_FAILED, com.appsamurai.storyly.exoplayer2.common.PlaybackException.ERROR_CODE_DECODING_FORMAT_EXCEEDS_CAPABILITIES, com.appsamurai.storyly.exoplayer2.common.PlaybackException.ERROR_CODE_DECODING_FORMAT_UNSUPPORTED, com.appsamurai.storyly.exoplayer2.common.PlaybackException.ERROR_CODE_AUDIO_TRACK_INIT_FAILED, com.appsamurai.storyly.exoplayer2.common.PlaybackException.ERROR_CODE_AUDIO_TRACK_WRITE_FAILED, com.appsamurai.storyly.exoplayer2.common.PlaybackException.ERROR_CODE_DRM_UNSPECIFIED, com.appsamurai.storyly.exoplayer2.common.PlaybackException.ERROR_CODE_DRM_SCHEME_UNSUPPORTED, com.appsamurai.storyly.exoplayer2.common.PlaybackException.ERROR_CODE_DRM_PROVISIONING_FAILED, com.appsamurai.storyly.exoplayer2.common.PlaybackException.ERROR_CODE_DRM_CONTENT_ERROR, com.appsamurai.storyly.exoplayer2.common.PlaybackException.ERROR_CODE_DRM_LICENSE_ACQUISITION_FAILED, com.appsamurai.storyly.exoplayer2.common.PlaybackException.ERROR_CODE_DRM_DISALLOWED_OPERATION, com.appsamurai.storyly.exoplayer2.common.PlaybackException.ERROR_CODE_DRM_SYSTEM_ERROR, com.appsamurai.storyly.exoplayer2.common.PlaybackException.ERROR_CODE_DRM_DEVICE_REVOKED, com.appsamurai.storyly.exoplayer2.common.PlaybackException.ERROR_CODE_DRM_LICENSE_EXPIRED}" />
    </annotation>
  </item>
  <item name="com.appsamurai.storyly.exoplayer2.datasource.upstream.DataSourceException reason">
    <annotation name="androidx.annotation.IntDef">
      <val name="open" val="true" />
      <val name="value" val="{com.appsamurai.storyly.exoplayer2.common.PlaybackException.ERROR_CODE_UNSPECIFIED, com.appsamurai.storyly.exoplayer2.common.PlaybackException.ERROR_CODE_REMOTE_ERROR, com.appsamurai.storyly.exoplayer2.common.PlaybackException.ERROR_CODE_BEHIND_LIVE_WINDOW, com.appsamurai.storyly.exoplayer2.common.PlaybackException.ERROR_CODE_TIMEOUT, com.appsamurai.storyly.exoplayer2.common.PlaybackException.ERROR_CODE_FAILED_RUNTIME_CHECK, com.appsamurai.storyly.exoplayer2.common.PlaybackException.ERROR_CODE_IO_UNSPECIFIED, com.appsamurai.storyly.exoplayer2.common.PlaybackException.ERROR_CODE_IO_NETWORK_CONNECTION_FAILED, com.appsamurai.storyly.exoplayer2.common.PlaybackException.ERROR_CODE_IO_NETWORK_CONNECTION_TIMEOUT, com.appsamurai.storyly.exoplayer2.common.PlaybackException.ERROR_CODE_IO_INVALID_HTTP_CONTENT_TYPE, com.appsamurai.storyly.exoplayer2.common.PlaybackException.ERROR_CODE_IO_BAD_HTTP_STATUS, com.appsamurai.storyly.exoplayer2.common.PlaybackException.ERROR_CODE_IO_FILE_NOT_FOUND, com.appsamurai.storyly.exoplayer2.common.PlaybackException.ERROR_CODE_IO_NO_PERMISSION, com.appsamurai.storyly.exoplayer2.common.PlaybackException.ERROR_CODE_IO_CLEARTEXT_NOT_PERMITTED, com.appsamurai.storyly.exoplayer2.common.PlaybackException.ERROR_CODE_IO_READ_POSITION_OUT_OF_RANGE, com.appsamurai.storyly.exoplayer2.common.PlaybackException.ERROR_CODE_PARSING_CONTAINER_MALFORMED, com.appsamurai.storyly.exoplayer2.common.PlaybackException.ERROR_CODE_PARSING_MANIFEST_MALFORMED, com.appsamurai.storyly.exoplayer2.common.PlaybackException.ERROR_CODE_PARSING_CONTAINER_UNSUPPORTED, com.appsamurai.storyly.exoplayer2.common.PlaybackException.ERROR_CODE_PARSING_MANIFEST_UNSUPPORTED, com.appsamurai.storyly.exoplayer2.common.PlaybackException.ERROR_CODE_DECODER_INIT_FAILED, com.appsamurai.storyly.exoplayer2.common.PlaybackException.ERROR_CODE_DECODER_QUERY_FAILED, com.appsamurai.storyly.exoplayer2.common.PlaybackException.ERROR_CODE_DECODING_FAILED, com.appsamurai.storyly.exoplayer2.common.PlaybackException.ERROR_CODE_DECODING_FORMAT_EXCEEDS_CAPABILITIES, com.appsamurai.storyly.exoplayer2.common.PlaybackException.ERROR_CODE_DECODING_FORMAT_UNSUPPORTED, com.appsamurai.storyly.exoplayer2.common.PlaybackException.ERROR_CODE_AUDIO_TRACK_INIT_FAILED, com.appsamurai.storyly.exoplayer2.common.PlaybackException.ERROR_CODE_AUDIO_TRACK_WRITE_FAILED, com.appsamurai.storyly.exoplayer2.common.PlaybackException.ERROR_CODE_DRM_UNSPECIFIED, com.appsamurai.storyly.exoplayer2.common.PlaybackException.ERROR_CODE_DRM_SCHEME_UNSUPPORTED, com.appsamurai.storyly.exoplayer2.common.PlaybackException.ERROR_CODE_DRM_PROVISIONING_FAILED, com.appsamurai.storyly.exoplayer2.common.PlaybackException.ERROR_CODE_DRM_CONTENT_ERROR, com.appsamurai.storyly.exoplayer2.common.PlaybackException.ERROR_CODE_DRM_LICENSE_ACQUISITION_FAILED, com.appsamurai.storyly.exoplayer2.common.PlaybackException.ERROR_CODE_DRM_DISALLOWED_OPERATION, com.appsamurai.storyly.exoplayer2.common.PlaybackException.ERROR_CODE_DRM_SYSTEM_ERROR, com.appsamurai.storyly.exoplayer2.common.PlaybackException.ERROR_CODE_DRM_DEVICE_REVOKED, com.appsamurai.storyly.exoplayer2.common.PlaybackException.ERROR_CODE_DRM_LICENSE_EXPIRED}" />
    </annotation>
  </item>
  <item name="com.appsamurai.storyly.exoplayer2.datasource.upstream.DataSpec DataSpec(android.net.Uri, byte[], long, long, long, java.lang.String, int) 6">
    <annotation name="androidx.annotation.IntDef">
      <val name="flag" val="true" />
      <val name="value" val="{com.appsamurai.storyly.exoplayer2.datasource.upstream.DataSpec.FLAG_ALLOW_GZIP, com.appsamurai.storyly.exoplayer2.datasource.upstream.DataSpec.FLAG_DONT_CACHE_IF_LENGTH_UNKNOWN, com.appsamurai.storyly.exoplayer2.datasource.upstream.DataSpec.FLAG_ALLOW_CACHE_FRAGMENTATION, com.appsamurai.storyly.exoplayer2.datasource.upstream.DataSpec.FLAG_MIGHT_NOT_USE_FULL_NETWORK_SPEED}" />
    </annotation>
  </item>
  <item name="com.appsamurai.storyly.exoplayer2.datasource.upstream.DataSpec DataSpec(android.net.Uri, int) 1">
    <annotation name="androidx.annotation.IntDef">
      <val name="flag" val="true" />
      <val name="value" val="{com.appsamurai.storyly.exoplayer2.datasource.upstream.DataSpec.FLAG_ALLOW_GZIP, com.appsamurai.storyly.exoplayer2.datasource.upstream.DataSpec.FLAG_DONT_CACHE_IF_LENGTH_UNKNOWN, com.appsamurai.storyly.exoplayer2.datasource.upstream.DataSpec.FLAG_ALLOW_CACHE_FRAGMENTATION, com.appsamurai.storyly.exoplayer2.datasource.upstream.DataSpec.FLAG_MIGHT_NOT_USE_FULL_NETWORK_SPEED}" />
    </annotation>
  </item>
  <item name="com.appsamurai.storyly.exoplayer2.datasource.upstream.DataSpec DataSpec(android.net.Uri, int, byte[], long, long, long, java.lang.String, int) 1">
    <annotation name="androidx.annotation.IntDef">
      <val name="value" val="{com.appsamurai.storyly.exoplayer2.datasource.upstream.DataSpec.HTTP_METHOD_GET, com.appsamurai.storyly.exoplayer2.datasource.upstream.DataSpec.HTTP_METHOD_POST, com.appsamurai.storyly.exoplayer2.datasource.upstream.DataSpec.HTTP_METHOD_HEAD}" />
    </annotation>
  </item>
  <item name="com.appsamurai.storyly.exoplayer2.datasource.upstream.DataSpec DataSpec(android.net.Uri, int, byte[], long, long, long, java.lang.String, int) 7">
    <annotation name="androidx.annotation.IntDef">
      <val name="flag" val="true" />
      <val name="value" val="{com.appsamurai.storyly.exoplayer2.datasource.upstream.DataSpec.FLAG_ALLOW_GZIP, com.appsamurai.storyly.exoplayer2.datasource.upstream.DataSpec.FLAG_DONT_CACHE_IF_LENGTH_UNKNOWN, com.appsamurai.storyly.exoplayer2.datasource.upstream.DataSpec.FLAG_ALLOW_CACHE_FRAGMENTATION, com.appsamurai.storyly.exoplayer2.datasource.upstream.DataSpec.FLAG_MIGHT_NOT_USE_FULL_NETWORK_SPEED}" />
    </annotation>
  </item>
  <item name="com.appsamurai.storyly.exoplayer2.datasource.upstream.DataSpec DataSpec(android.net.Uri, int, byte[], long, long, long, java.lang.String, int, java.util.Map&lt;java.lang.String,java.lang.String&gt;) 1">
    <annotation name="androidx.annotation.IntDef">
      <val name="value" val="{com.appsamurai.storyly.exoplayer2.datasource.upstream.DataSpec.HTTP_METHOD_GET, com.appsamurai.storyly.exoplayer2.datasource.upstream.DataSpec.HTTP_METHOD_POST, com.appsamurai.storyly.exoplayer2.datasource.upstream.DataSpec.HTTP_METHOD_HEAD}" />
    </annotation>
  </item>
  <item name="com.appsamurai.storyly.exoplayer2.datasource.upstream.DataSpec DataSpec(android.net.Uri, int, byte[], long, long, long, java.lang.String, int, java.util.Map&lt;java.lang.String,java.lang.String&gt;) 7">
    <annotation name="androidx.annotation.IntDef">
      <val name="flag" val="true" />
      <val name="value" val="{com.appsamurai.storyly.exoplayer2.datasource.upstream.DataSpec.FLAG_ALLOW_GZIP, com.appsamurai.storyly.exoplayer2.datasource.upstream.DataSpec.FLAG_DONT_CACHE_IF_LENGTH_UNKNOWN, com.appsamurai.storyly.exoplayer2.datasource.upstream.DataSpec.FLAG_ALLOW_CACHE_FRAGMENTATION, com.appsamurai.storyly.exoplayer2.datasource.upstream.DataSpec.FLAG_MIGHT_NOT_USE_FULL_NETWORK_SPEED}" />
    </annotation>
  </item>
  <item name="com.appsamurai.storyly.exoplayer2.datasource.upstream.DataSpec DataSpec(android.net.Uri, long, int, byte[], java.util.Map&lt;java.lang.String,java.lang.String&gt;, long, long, java.lang.String, int, java.lang.Object) 2">
    <annotation name="androidx.annotation.IntDef">
      <val name="value" val="{com.appsamurai.storyly.exoplayer2.datasource.upstream.DataSpec.HTTP_METHOD_GET, com.appsamurai.storyly.exoplayer2.datasource.upstream.DataSpec.HTTP_METHOD_POST, com.appsamurai.storyly.exoplayer2.datasource.upstream.DataSpec.HTTP_METHOD_HEAD}" />
    </annotation>
  </item>
  <item name="com.appsamurai.storyly.exoplayer2.datasource.upstream.DataSpec DataSpec(android.net.Uri, long, int, byte[], java.util.Map&lt;java.lang.String,java.lang.String&gt;, long, long, java.lang.String, int, java.lang.Object) 8">
    <annotation name="androidx.annotation.IntDef">
      <val name="flag" val="true" />
      <val name="value" val="{com.appsamurai.storyly.exoplayer2.datasource.upstream.DataSpec.FLAG_ALLOW_GZIP, com.appsamurai.storyly.exoplayer2.datasource.upstream.DataSpec.FLAG_DONT_CACHE_IF_LENGTH_UNKNOWN, com.appsamurai.storyly.exoplayer2.datasource.upstream.DataSpec.FLAG_ALLOW_CACHE_FRAGMENTATION, com.appsamurai.storyly.exoplayer2.datasource.upstream.DataSpec.FLAG_MIGHT_NOT_USE_FULL_NETWORK_SPEED}" />
    </annotation>
  </item>
  <item name="com.appsamurai.storyly.exoplayer2.datasource.upstream.DataSpec DataSpec(android.net.Uri, long, long, java.lang.String, int) 4">
    <annotation name="androidx.annotation.IntDef">
      <val name="flag" val="true" />
      <val name="value" val="{com.appsamurai.storyly.exoplayer2.datasource.upstream.DataSpec.FLAG_ALLOW_GZIP, com.appsamurai.storyly.exoplayer2.datasource.upstream.DataSpec.FLAG_DONT_CACHE_IF_LENGTH_UNKNOWN, com.appsamurai.storyly.exoplayer2.datasource.upstream.DataSpec.FLAG_ALLOW_CACHE_FRAGMENTATION, com.appsamurai.storyly.exoplayer2.datasource.upstream.DataSpec.FLAG_MIGHT_NOT_USE_FULL_NETWORK_SPEED}" />
    </annotation>
  </item>
  <item name="com.appsamurai.storyly.exoplayer2.datasource.upstream.DataSpec DataSpec(android.net.Uri, long, long, java.lang.String, int, java.util.Map&lt;java.lang.String,java.lang.String&gt;) 4">
    <annotation name="androidx.annotation.IntDef">
      <val name="flag" val="true" />
      <val name="value" val="{com.appsamurai.storyly.exoplayer2.datasource.upstream.DataSpec.FLAG_ALLOW_GZIP, com.appsamurai.storyly.exoplayer2.datasource.upstream.DataSpec.FLAG_DONT_CACHE_IF_LENGTH_UNKNOWN, com.appsamurai.storyly.exoplayer2.datasource.upstream.DataSpec.FLAG_ALLOW_CACHE_FRAGMENTATION, com.appsamurai.storyly.exoplayer2.datasource.upstream.DataSpec.FLAG_MIGHT_NOT_USE_FULL_NETWORK_SPEED}" />
    </annotation>
  </item>
  <item name="com.appsamurai.storyly.exoplayer2.datasource.upstream.DataSpec DataSpec(android.net.Uri, long, long, long, java.lang.String, int) 5">
    <annotation name="androidx.annotation.IntDef">
      <val name="flag" val="true" />
      <val name="value" val="{com.appsamurai.storyly.exoplayer2.datasource.upstream.DataSpec.FLAG_ALLOW_GZIP, com.appsamurai.storyly.exoplayer2.datasource.upstream.DataSpec.FLAG_DONT_CACHE_IF_LENGTH_UNKNOWN, com.appsamurai.storyly.exoplayer2.datasource.upstream.DataSpec.FLAG_ALLOW_CACHE_FRAGMENTATION, com.appsamurai.storyly.exoplayer2.datasource.upstream.DataSpec.FLAG_MIGHT_NOT_USE_FULL_NETWORK_SPEED}" />
    </annotation>
  </item>
  <item name="com.appsamurai.storyly.exoplayer2.datasource.upstream.DataSpec boolean isFlagSet(int) 0">
    <annotation name="androidx.annotation.IntDef">
      <val name="flag" val="true" />
      <val name="value" val="{com.appsamurai.storyly.exoplayer2.datasource.upstream.DataSpec.FLAG_ALLOW_GZIP, com.appsamurai.storyly.exoplayer2.datasource.upstream.DataSpec.FLAG_DONT_CACHE_IF_LENGTH_UNKNOWN, com.appsamurai.storyly.exoplayer2.datasource.upstream.DataSpec.FLAG_ALLOW_CACHE_FRAGMENTATION, com.appsamurai.storyly.exoplayer2.datasource.upstream.DataSpec.FLAG_MIGHT_NOT_USE_FULL_NETWORK_SPEED}" />
    </annotation>
  </item>
  <item name="com.appsamurai.storyly.exoplayer2.datasource.upstream.DataSpec flags">
    <annotation name="androidx.annotation.IntDef">
      <val name="flag" val="true" />
      <val name="value" val="{com.appsamurai.storyly.exoplayer2.datasource.upstream.DataSpec.FLAG_ALLOW_GZIP, com.appsamurai.storyly.exoplayer2.datasource.upstream.DataSpec.FLAG_DONT_CACHE_IF_LENGTH_UNKNOWN, com.appsamurai.storyly.exoplayer2.datasource.upstream.DataSpec.FLAG_ALLOW_CACHE_FRAGMENTATION, com.appsamurai.storyly.exoplayer2.datasource.upstream.DataSpec.FLAG_MIGHT_NOT_USE_FULL_NETWORK_SPEED}" />
    </annotation>
  </item>
  <item name="com.appsamurai.storyly.exoplayer2.datasource.upstream.DataSpec httpMethod">
    <annotation name="androidx.annotation.IntDef">
      <val name="value" val="{com.appsamurai.storyly.exoplayer2.datasource.upstream.DataSpec.HTTP_METHOD_GET, com.appsamurai.storyly.exoplayer2.datasource.upstream.DataSpec.HTTP_METHOD_POST, com.appsamurai.storyly.exoplayer2.datasource.upstream.DataSpec.HTTP_METHOD_HEAD}" />
    </annotation>
  </item>
  <item name="com.appsamurai.storyly.exoplayer2.datasource.upstream.DataSpec java.lang.String getStringForHttpMethod(int) 0">
    <annotation name="androidx.annotation.IntDef">
      <val name="value" val="{com.appsamurai.storyly.exoplayer2.datasource.upstream.DataSpec.HTTP_METHOD_GET, com.appsamurai.storyly.exoplayer2.datasource.upstream.DataSpec.HTTP_METHOD_POST, com.appsamurai.storyly.exoplayer2.datasource.upstream.DataSpec.HTTP_METHOD_HEAD}" />
    </annotation>
  </item>
  <item name="com.appsamurai.storyly.exoplayer2.datasource.upstream.DataSpec.Builder com.appsamurai.storyly.exoplayer2.datasource.upstream.DataSpec.Builder setFlags(int) 0">
    <annotation name="androidx.annotation.IntDef">
      <val name="flag" val="true" />
      <val name="value" val="{com.appsamurai.storyly.exoplayer2.datasource.upstream.DataSpec.FLAG_ALLOW_GZIP, com.appsamurai.storyly.exoplayer2.datasource.upstream.DataSpec.FLAG_DONT_CACHE_IF_LENGTH_UNKNOWN, com.appsamurai.storyly.exoplayer2.datasource.upstream.DataSpec.FLAG_ALLOW_CACHE_FRAGMENTATION, com.appsamurai.storyly.exoplayer2.datasource.upstream.DataSpec.FLAG_MIGHT_NOT_USE_FULL_NETWORK_SPEED}" />
    </annotation>
  </item>
  <item name="com.appsamurai.storyly.exoplayer2.datasource.upstream.DataSpec.Builder com.appsamurai.storyly.exoplayer2.datasource.upstream.DataSpec.Builder setHttpMethod(int) 0">
    <annotation name="androidx.annotation.IntDef">
      <val name="value" val="{com.appsamurai.storyly.exoplayer2.datasource.upstream.DataSpec.HTTP_METHOD_GET, com.appsamurai.storyly.exoplayer2.datasource.upstream.DataSpec.HTTP_METHOD_POST, com.appsamurai.storyly.exoplayer2.datasource.upstream.DataSpec.HTTP_METHOD_HEAD}" />
    </annotation>
  </item>
  <item name="com.appsamurai.storyly.exoplayer2.datasource.upstream.DataSpec.Builder flags">
    <annotation name="androidx.annotation.IntDef">
      <val name="flag" val="true" />
      <val name="value" val="{com.appsamurai.storyly.exoplayer2.datasource.upstream.DataSpec.FLAG_ALLOW_GZIP, com.appsamurai.storyly.exoplayer2.datasource.upstream.DataSpec.FLAG_DONT_CACHE_IF_LENGTH_UNKNOWN, com.appsamurai.storyly.exoplayer2.datasource.upstream.DataSpec.FLAG_ALLOW_CACHE_FRAGMENTATION, com.appsamurai.storyly.exoplayer2.datasource.upstream.DataSpec.FLAG_MIGHT_NOT_USE_FULL_NETWORK_SPEED}" />
    </annotation>
  </item>
  <item name="com.appsamurai.storyly.exoplayer2.datasource.upstream.DataSpec.Builder httpMethod">
    <annotation name="androidx.annotation.IntDef">
      <val name="value" val="{com.appsamurai.storyly.exoplayer2.datasource.upstream.DataSpec.HTTP_METHOD_GET, com.appsamurai.storyly.exoplayer2.datasource.upstream.DataSpec.HTTP_METHOD_POST, com.appsamurai.storyly.exoplayer2.datasource.upstream.DataSpec.HTTP_METHOD_HEAD}" />
    </annotation>
  </item>
  <item name="com.appsamurai.storyly.exoplayer2.datasource.upstream.DataSpec.Flags">
    <annotation name="androidx.annotation.IntDef">
      <val name="flag" val="true" />
      <val name="value" val="{com.appsamurai.storyly.exoplayer2.datasource.upstream.DataSpec.FLAG_ALLOW_GZIP, com.appsamurai.storyly.exoplayer2.datasource.upstream.DataSpec.FLAG_DONT_CACHE_IF_LENGTH_UNKNOWN, com.appsamurai.storyly.exoplayer2.datasource.upstream.DataSpec.FLAG_ALLOW_CACHE_FRAGMENTATION, com.appsamurai.storyly.exoplayer2.datasource.upstream.DataSpec.FLAG_MIGHT_NOT_USE_FULL_NETWORK_SPEED}" />
    </annotation>
  </item>
  <item name="com.appsamurai.storyly.exoplayer2.datasource.upstream.DataSpec.HttpMethod">
    <annotation name="androidx.annotation.IntDef">
      <val name="value" val="{com.appsamurai.storyly.exoplayer2.datasource.upstream.DataSpec.HTTP_METHOD_GET, com.appsamurai.storyly.exoplayer2.datasource.upstream.DataSpec.HTTP_METHOD_POST, com.appsamurai.storyly.exoplayer2.datasource.upstream.DataSpec.HTTP_METHOD_HEAD}" />
    </annotation>
  </item>
  <item name="com.appsamurai.storyly.exoplayer2.datasource.upstream.DefaultHttpDataSource java.net.HttpURLConnection makeConnection(java.net.URL, int, byte[], long, long, boolean, boolean, java.util.Map&lt;java.lang.String,java.lang.String&gt;) 1">
    <annotation name="androidx.annotation.IntDef">
      <val name="value" val="{com.appsamurai.storyly.exoplayer2.datasource.upstream.DataSpec.HTTP_METHOD_GET, com.appsamurai.storyly.exoplayer2.datasource.upstream.DataSpec.HTTP_METHOD_POST, com.appsamurai.storyly.exoplayer2.datasource.upstream.DataSpec.HTTP_METHOD_HEAD}" />
    </annotation>
  </item>
  <item name="com.appsamurai.storyly.exoplayer2.datasource.upstream.FileDataSource.FileDataSourceException FileDataSourceException(java.lang.String, java.lang.Throwable, int) 2">
    <annotation name="androidx.annotation.IntDef">
      <val name="open" val="true" />
      <val name="value" val="{com.appsamurai.storyly.exoplayer2.common.PlaybackException.ERROR_CODE_UNSPECIFIED, com.appsamurai.storyly.exoplayer2.common.PlaybackException.ERROR_CODE_REMOTE_ERROR, com.appsamurai.storyly.exoplayer2.common.PlaybackException.ERROR_CODE_BEHIND_LIVE_WINDOW, com.appsamurai.storyly.exoplayer2.common.PlaybackException.ERROR_CODE_TIMEOUT, com.appsamurai.storyly.exoplayer2.common.PlaybackException.ERROR_CODE_FAILED_RUNTIME_CHECK, com.appsamurai.storyly.exoplayer2.common.PlaybackException.ERROR_CODE_IO_UNSPECIFIED, com.appsamurai.storyly.exoplayer2.common.PlaybackException.ERROR_CODE_IO_NETWORK_CONNECTION_FAILED, com.appsamurai.storyly.exoplayer2.common.PlaybackException.ERROR_CODE_IO_NETWORK_CONNECTION_TIMEOUT, com.appsamurai.storyly.exoplayer2.common.PlaybackException.ERROR_CODE_IO_INVALID_HTTP_CONTENT_TYPE, com.appsamurai.storyly.exoplayer2.common.PlaybackException.ERROR_CODE_IO_BAD_HTTP_STATUS, com.appsamurai.storyly.exoplayer2.common.PlaybackException.ERROR_CODE_IO_FILE_NOT_FOUND, com.appsamurai.storyly.exoplayer2.common.PlaybackException.ERROR_CODE_IO_NO_PERMISSION, com.appsamurai.storyly.exoplayer2.common.PlaybackException.ERROR_CODE_IO_CLEARTEXT_NOT_PERMITTED, com.appsamurai.storyly.exoplayer2.common.PlaybackException.ERROR_CODE_IO_READ_POSITION_OUT_OF_RANGE, com.appsamurai.storyly.exoplayer2.common.PlaybackException.ERROR_CODE_PARSING_CONTAINER_MALFORMED, com.appsamurai.storyly.exoplayer2.common.PlaybackException.ERROR_CODE_PARSING_MANIFEST_MALFORMED, com.appsamurai.storyly.exoplayer2.common.PlaybackException.ERROR_CODE_PARSING_CONTAINER_UNSUPPORTED, com.appsamurai.storyly.exoplayer2.common.PlaybackException.ERROR_CODE_PARSING_MANIFEST_UNSUPPORTED, com.appsamurai.storyly.exoplayer2.common.PlaybackException.ERROR_CODE_DECODER_INIT_FAILED, com.appsamurai.storyly.exoplayer2.common.PlaybackException.ERROR_CODE_DECODER_QUERY_FAILED, com.appsamurai.storyly.exoplayer2.common.PlaybackException.ERROR_CODE_DECODING_FAILED, com.appsamurai.storyly.exoplayer2.common.PlaybackException.ERROR_CODE_DECODING_FORMAT_EXCEEDS_CAPABILITIES, com.appsamurai.storyly.exoplayer2.common.PlaybackException.ERROR_CODE_DECODING_FORMAT_UNSUPPORTED, com.appsamurai.storyly.exoplayer2.common.PlaybackException.ERROR_CODE_AUDIO_TRACK_INIT_FAILED, com.appsamurai.storyly.exoplayer2.common.PlaybackException.ERROR_CODE_AUDIO_TRACK_WRITE_FAILED, com.appsamurai.storyly.exoplayer2.common.PlaybackException.ERROR_CODE_DRM_UNSPECIFIED, com.appsamurai.storyly.exoplayer2.common.PlaybackException.ERROR_CODE_DRM_SCHEME_UNSUPPORTED, com.appsamurai.storyly.exoplayer2.common.PlaybackException.ERROR_CODE_DRM_PROVISIONING_FAILED, com.appsamurai.storyly.exoplayer2.common.PlaybackException.ERROR_CODE_DRM_CONTENT_ERROR, com.appsamurai.storyly.exoplayer2.common.PlaybackException.ERROR_CODE_DRM_LICENSE_ACQUISITION_FAILED, com.appsamurai.storyly.exoplayer2.common.PlaybackException.ERROR_CODE_DRM_DISALLOWED_OPERATION, com.appsamurai.storyly.exoplayer2.common.PlaybackException.ERROR_CODE_DRM_SYSTEM_ERROR, com.appsamurai.storyly.exoplayer2.common.PlaybackException.ERROR_CODE_DRM_DEVICE_REVOKED, com.appsamurai.storyly.exoplayer2.common.PlaybackException.ERROR_CODE_DRM_LICENSE_EXPIRED}" />
    </annotation>
  </item>
  <item name="com.appsamurai.storyly.exoplayer2.datasource.upstream.FileDataSource.FileDataSourceException FileDataSourceException(java.lang.Throwable, int) 1">
    <annotation name="androidx.annotation.IntDef">
      <val name="open" val="true" />
      <val name="value" val="{com.appsamurai.storyly.exoplayer2.common.PlaybackException.ERROR_CODE_UNSPECIFIED, com.appsamurai.storyly.exoplayer2.common.PlaybackException.ERROR_CODE_REMOTE_ERROR, com.appsamurai.storyly.exoplayer2.common.PlaybackException.ERROR_CODE_BEHIND_LIVE_WINDOW, com.appsamurai.storyly.exoplayer2.common.PlaybackException.ERROR_CODE_TIMEOUT, com.appsamurai.storyly.exoplayer2.common.PlaybackException.ERROR_CODE_FAILED_RUNTIME_CHECK, com.appsamurai.storyly.exoplayer2.common.PlaybackException.ERROR_CODE_IO_UNSPECIFIED, com.appsamurai.storyly.exoplayer2.common.PlaybackException.ERROR_CODE_IO_NETWORK_CONNECTION_FAILED, com.appsamurai.storyly.exoplayer2.common.PlaybackException.ERROR_CODE_IO_NETWORK_CONNECTION_TIMEOUT, com.appsamurai.storyly.exoplayer2.common.PlaybackException.ERROR_CODE_IO_INVALID_HTTP_CONTENT_TYPE, com.appsamurai.storyly.exoplayer2.common.PlaybackException.ERROR_CODE_IO_BAD_HTTP_STATUS, com.appsamurai.storyly.exoplayer2.common.PlaybackException.ERROR_CODE_IO_FILE_NOT_FOUND, com.appsamurai.storyly.exoplayer2.common.PlaybackException.ERROR_CODE_IO_NO_PERMISSION, com.appsamurai.storyly.exoplayer2.common.PlaybackException.ERROR_CODE_IO_CLEARTEXT_NOT_PERMITTED, com.appsamurai.storyly.exoplayer2.common.PlaybackException.ERROR_CODE_IO_READ_POSITION_OUT_OF_RANGE, com.appsamurai.storyly.exoplayer2.common.PlaybackException.ERROR_CODE_PARSING_CONTAINER_MALFORMED, com.appsamurai.storyly.exoplayer2.common.PlaybackException.ERROR_CODE_PARSING_MANIFEST_MALFORMED, com.appsamurai.storyly.exoplayer2.common.PlaybackException.ERROR_CODE_PARSING_CONTAINER_UNSUPPORTED, com.appsamurai.storyly.exoplayer2.common.PlaybackException.ERROR_CODE_PARSING_MANIFEST_UNSUPPORTED, com.appsamurai.storyly.exoplayer2.common.PlaybackException.ERROR_CODE_DECODER_INIT_FAILED, com.appsamurai.storyly.exoplayer2.common.PlaybackException.ERROR_CODE_DECODER_QUERY_FAILED, com.appsamurai.storyly.exoplayer2.common.PlaybackException.ERROR_CODE_DECODING_FAILED, com.appsamurai.storyly.exoplayer2.common.PlaybackException.ERROR_CODE_DECODING_FORMAT_EXCEEDS_CAPABILITIES, com.appsamurai.storyly.exoplayer2.common.PlaybackException.ERROR_CODE_DECODING_FORMAT_UNSUPPORTED, com.appsamurai.storyly.exoplayer2.common.PlaybackException.ERROR_CODE_AUDIO_TRACK_INIT_FAILED, com.appsamurai.storyly.exoplayer2.common.PlaybackException.ERROR_CODE_AUDIO_TRACK_WRITE_FAILED, com.appsamurai.storyly.exoplayer2.common.PlaybackException.ERROR_CODE_DRM_UNSPECIFIED, com.appsamurai.storyly.exoplayer2.common.PlaybackException.ERROR_CODE_DRM_SCHEME_UNSUPPORTED, com.appsamurai.storyly.exoplayer2.common.PlaybackException.ERROR_CODE_DRM_PROVISIONING_FAILED, com.appsamurai.storyly.exoplayer2.common.PlaybackException.ERROR_CODE_DRM_CONTENT_ERROR, com.appsamurai.storyly.exoplayer2.common.PlaybackException.ERROR_CODE_DRM_LICENSE_ACQUISITION_FAILED, com.appsamurai.storyly.exoplayer2.common.PlaybackException.ERROR_CODE_DRM_DISALLOWED_OPERATION, com.appsamurai.storyly.exoplayer2.common.PlaybackException.ERROR_CODE_DRM_SYSTEM_ERROR, com.appsamurai.storyly.exoplayer2.common.PlaybackException.ERROR_CODE_DRM_DEVICE_REVOKED, com.appsamurai.storyly.exoplayer2.common.PlaybackException.ERROR_CODE_DRM_LICENSE_EXPIRED}" />
    </annotation>
  </item>
  <item name="com.appsamurai.storyly.exoplayer2.datasource.upstream.HttpDataSource.HttpDataSourceException HttpDataSourceException(com.appsamurai.storyly.exoplayer2.datasource.upstream.DataSpec, int) 1">
    <annotation name="androidx.annotation.IntDef">
      <val name="value" val="{com.appsamurai.storyly.exoplayer2.datasource.upstream.HttpDataSource.HttpDataSourceException.TYPE_OPEN, com.appsamurai.storyly.exoplayer2.datasource.upstream.HttpDataSource.HttpDataSourceException.TYPE_READ, com.appsamurai.storyly.exoplayer2.datasource.upstream.HttpDataSource.HttpDataSourceException.TYPE_CLOSE}" />
    </annotation>
  </item>
  <item name="com.appsamurai.storyly.exoplayer2.datasource.upstream.HttpDataSource.HttpDataSourceException HttpDataSourceException(com.appsamurai.storyly.exoplayer2.datasource.upstream.DataSpec, int, int) 1">
    <annotation name="androidx.annotation.IntDef">
      <val name="open" val="true" />
      <val name="value" val="{com.appsamurai.storyly.exoplayer2.common.PlaybackException.ERROR_CODE_UNSPECIFIED, com.appsamurai.storyly.exoplayer2.common.PlaybackException.ERROR_CODE_REMOTE_ERROR, com.appsamurai.storyly.exoplayer2.common.PlaybackException.ERROR_CODE_BEHIND_LIVE_WINDOW, com.appsamurai.storyly.exoplayer2.common.PlaybackException.ERROR_CODE_TIMEOUT, com.appsamurai.storyly.exoplayer2.common.PlaybackException.ERROR_CODE_FAILED_RUNTIME_CHECK, com.appsamurai.storyly.exoplayer2.common.PlaybackException.ERROR_CODE_IO_UNSPECIFIED, com.appsamurai.storyly.exoplayer2.common.PlaybackException.ERROR_CODE_IO_NETWORK_CONNECTION_FAILED, com.appsamurai.storyly.exoplayer2.common.PlaybackException.ERROR_CODE_IO_NETWORK_CONNECTION_TIMEOUT, com.appsamurai.storyly.exoplayer2.common.PlaybackException.ERROR_CODE_IO_INVALID_HTTP_CONTENT_TYPE, com.appsamurai.storyly.exoplayer2.common.PlaybackException.ERROR_CODE_IO_BAD_HTTP_STATUS, com.appsamurai.storyly.exoplayer2.common.PlaybackException.ERROR_CODE_IO_FILE_NOT_FOUND, com.appsamurai.storyly.exoplayer2.common.PlaybackException.ERROR_CODE_IO_NO_PERMISSION, com.appsamurai.storyly.exoplayer2.common.PlaybackException.ERROR_CODE_IO_CLEARTEXT_NOT_PERMITTED, com.appsamurai.storyly.exoplayer2.common.PlaybackException.ERROR_CODE_IO_READ_POSITION_OUT_OF_RANGE, com.appsamurai.storyly.exoplayer2.common.PlaybackException.ERROR_CODE_PARSING_CONTAINER_MALFORMED, com.appsamurai.storyly.exoplayer2.common.PlaybackException.ERROR_CODE_PARSING_MANIFEST_MALFORMED, com.appsamurai.storyly.exoplayer2.common.PlaybackException.ERROR_CODE_PARSING_CONTAINER_UNSUPPORTED, com.appsamurai.storyly.exoplayer2.common.PlaybackException.ERROR_CODE_PARSING_MANIFEST_UNSUPPORTED, com.appsamurai.storyly.exoplayer2.common.PlaybackException.ERROR_CODE_DECODER_INIT_FAILED, com.appsamurai.storyly.exoplayer2.common.PlaybackException.ERROR_CODE_DECODER_QUERY_FAILED, com.appsamurai.storyly.exoplayer2.common.PlaybackException.ERROR_CODE_DECODING_FAILED, com.appsamurai.storyly.exoplayer2.common.PlaybackException.ERROR_CODE_DECODING_FORMAT_EXCEEDS_CAPABILITIES, com.appsamurai.storyly.exoplayer2.common.PlaybackException.ERROR_CODE_DECODING_FORMAT_UNSUPPORTED, com.appsamurai.storyly.exoplayer2.common.PlaybackException.ERROR_CODE_AUDIO_TRACK_INIT_FAILED, com.appsamurai.storyly.exoplayer2.common.PlaybackException.ERROR_CODE_AUDIO_TRACK_WRITE_FAILED, com.appsamurai.storyly.exoplayer2.common.PlaybackException.ERROR_CODE_DRM_UNSPECIFIED, com.appsamurai.storyly.exoplayer2.common.PlaybackException.ERROR_CODE_DRM_SCHEME_UNSUPPORTED, com.appsamurai.storyly.exoplayer2.common.PlaybackException.ERROR_CODE_DRM_PROVISIONING_FAILED, com.appsamurai.storyly.exoplayer2.common.PlaybackException.ERROR_CODE_DRM_CONTENT_ERROR, com.appsamurai.storyly.exoplayer2.common.PlaybackException.ERROR_CODE_DRM_LICENSE_ACQUISITION_FAILED, com.appsamurai.storyly.exoplayer2.common.PlaybackException.ERROR_CODE_DRM_DISALLOWED_OPERATION, com.appsamurai.storyly.exoplayer2.common.PlaybackException.ERROR_CODE_DRM_SYSTEM_ERROR, com.appsamurai.storyly.exoplayer2.common.PlaybackException.ERROR_CODE_DRM_DEVICE_REVOKED, com.appsamurai.storyly.exoplayer2.common.PlaybackException.ERROR_CODE_DRM_LICENSE_EXPIRED}" />
    </annotation>
  </item>
  <item name="com.appsamurai.storyly.exoplayer2.datasource.upstream.HttpDataSource.HttpDataSourceException HttpDataSourceException(com.appsamurai.storyly.exoplayer2.datasource.upstream.DataSpec, int, int) 2">
    <annotation name="androidx.annotation.IntDef">
      <val name="value" val="{com.appsamurai.storyly.exoplayer2.datasource.upstream.HttpDataSource.HttpDataSourceException.TYPE_OPEN, com.appsamurai.storyly.exoplayer2.datasource.upstream.HttpDataSource.HttpDataSourceException.TYPE_READ, com.appsamurai.storyly.exoplayer2.datasource.upstream.HttpDataSource.HttpDataSourceException.TYPE_CLOSE}" />
    </annotation>
  </item>
  <item name="com.appsamurai.storyly.exoplayer2.datasource.upstream.HttpDataSource.HttpDataSourceException HttpDataSourceException(java.io.IOException, com.appsamurai.storyly.exoplayer2.datasource.upstream.DataSpec, int) 2">
    <annotation name="androidx.annotation.IntDef">
      <val name="value" val="{com.appsamurai.storyly.exoplayer2.datasource.upstream.HttpDataSource.HttpDataSourceException.TYPE_OPEN, com.appsamurai.storyly.exoplayer2.datasource.upstream.HttpDataSource.HttpDataSourceException.TYPE_READ, com.appsamurai.storyly.exoplayer2.datasource.upstream.HttpDataSource.HttpDataSourceException.TYPE_CLOSE}" />
    </annotation>
  </item>
  <item name="com.appsamurai.storyly.exoplayer2.datasource.upstream.HttpDataSource.HttpDataSourceException HttpDataSourceException(java.io.IOException, com.appsamurai.storyly.exoplayer2.datasource.upstream.DataSpec, int, int) 2">
    <annotation name="androidx.annotation.IntDef">
      <val name="open" val="true" />
      <val name="value" val="{com.appsamurai.storyly.exoplayer2.common.PlaybackException.ERROR_CODE_UNSPECIFIED, com.appsamurai.storyly.exoplayer2.common.PlaybackException.ERROR_CODE_REMOTE_ERROR, com.appsamurai.storyly.exoplayer2.common.PlaybackException.ERROR_CODE_BEHIND_LIVE_WINDOW, com.appsamurai.storyly.exoplayer2.common.PlaybackException.ERROR_CODE_TIMEOUT, com.appsamurai.storyly.exoplayer2.common.PlaybackException.ERROR_CODE_FAILED_RUNTIME_CHECK, com.appsamurai.storyly.exoplayer2.common.PlaybackException.ERROR_CODE_IO_UNSPECIFIED, com.appsamurai.storyly.exoplayer2.common.PlaybackException.ERROR_CODE_IO_NETWORK_CONNECTION_FAILED, com.appsamurai.storyly.exoplayer2.common.PlaybackException.ERROR_CODE_IO_NETWORK_CONNECTION_TIMEOUT, com.appsamurai.storyly.exoplayer2.common.PlaybackException.ERROR_CODE_IO_INVALID_HTTP_CONTENT_TYPE, com.appsamurai.storyly.exoplayer2.common.PlaybackException.ERROR_CODE_IO_BAD_HTTP_STATUS, com.appsamurai.storyly.exoplayer2.common.PlaybackException.ERROR_CODE_IO_FILE_NOT_FOUND, com.appsamurai.storyly.exoplayer2.common.PlaybackException.ERROR_CODE_IO_NO_PERMISSION, com.appsamurai.storyly.exoplayer2.common.PlaybackException.ERROR_CODE_IO_CLEARTEXT_NOT_PERMITTED, com.appsamurai.storyly.exoplayer2.common.PlaybackException.ERROR_CODE_IO_READ_POSITION_OUT_OF_RANGE, com.appsamurai.storyly.exoplayer2.common.PlaybackException.ERROR_CODE_PARSING_CONTAINER_MALFORMED, com.appsamurai.storyly.exoplayer2.common.PlaybackException.ERROR_CODE_PARSING_MANIFEST_MALFORMED, com.appsamurai.storyly.exoplayer2.common.PlaybackException.ERROR_CODE_PARSING_CONTAINER_UNSUPPORTED, com.appsamurai.storyly.exoplayer2.common.PlaybackException.ERROR_CODE_PARSING_MANIFEST_UNSUPPORTED, com.appsamurai.storyly.exoplayer2.common.PlaybackException.ERROR_CODE_DECODER_INIT_FAILED, com.appsamurai.storyly.exoplayer2.common.PlaybackException.ERROR_CODE_DECODER_QUERY_FAILED, com.appsamurai.storyly.exoplayer2.common.PlaybackException.ERROR_CODE_DECODING_FAILED, com.appsamurai.storyly.exoplayer2.common.PlaybackException.ERROR_CODE_DECODING_FORMAT_EXCEEDS_CAPABILITIES, com.appsamurai.storyly.exoplayer2.common.PlaybackException.ERROR_CODE_DECODING_FORMAT_UNSUPPORTED, com.appsamurai.storyly.exoplayer2.common.PlaybackException.ERROR_CODE_AUDIO_TRACK_INIT_FAILED, com.appsamurai.storyly.exoplayer2.common.PlaybackException.ERROR_CODE_AUDIO_TRACK_WRITE_FAILED, com.appsamurai.storyly.exoplayer2.common.PlaybackException.ERROR_CODE_DRM_UNSPECIFIED, com.appsamurai.storyly.exoplayer2.common.PlaybackException.ERROR_CODE_DRM_SCHEME_UNSUPPORTED, com.appsamurai.storyly.exoplayer2.common.PlaybackException.ERROR_CODE_DRM_PROVISIONING_FAILED, com.appsamurai.storyly.exoplayer2.common.PlaybackException.ERROR_CODE_DRM_CONTENT_ERROR, com.appsamurai.storyly.exoplayer2.common.PlaybackException.ERROR_CODE_DRM_LICENSE_ACQUISITION_FAILED, com.appsamurai.storyly.exoplayer2.common.PlaybackException.ERROR_CODE_DRM_DISALLOWED_OPERATION, com.appsamurai.storyly.exoplayer2.common.PlaybackException.ERROR_CODE_DRM_SYSTEM_ERROR, com.appsamurai.storyly.exoplayer2.common.PlaybackException.ERROR_CODE_DRM_DEVICE_REVOKED, com.appsamurai.storyly.exoplayer2.common.PlaybackException.ERROR_CODE_DRM_LICENSE_EXPIRED}" />
    </annotation>
  </item>
  <item name="com.appsamurai.storyly.exoplayer2.datasource.upstream.HttpDataSource.HttpDataSourceException HttpDataSourceException(java.io.IOException, com.appsamurai.storyly.exoplayer2.datasource.upstream.DataSpec, int, int) 3">
    <annotation name="androidx.annotation.IntDef">
      <val name="value" val="{com.appsamurai.storyly.exoplayer2.datasource.upstream.HttpDataSource.HttpDataSourceException.TYPE_OPEN, com.appsamurai.storyly.exoplayer2.datasource.upstream.HttpDataSource.HttpDataSourceException.TYPE_READ, com.appsamurai.storyly.exoplayer2.datasource.upstream.HttpDataSource.HttpDataSourceException.TYPE_CLOSE}" />
    </annotation>
  </item>
  <item name="com.appsamurai.storyly.exoplayer2.datasource.upstream.HttpDataSource.HttpDataSourceException HttpDataSourceException(java.lang.String, com.appsamurai.storyly.exoplayer2.datasource.upstream.DataSpec, int) 2">
    <annotation name="androidx.annotation.IntDef">
      <val name="value" val="{com.appsamurai.storyly.exoplayer2.datasource.upstream.HttpDataSource.HttpDataSourceException.TYPE_OPEN, com.appsamurai.storyly.exoplayer2.datasource.upstream.HttpDataSource.HttpDataSourceException.TYPE_READ, com.appsamurai.storyly.exoplayer2.datasource.upstream.HttpDataSource.HttpDataSourceException.TYPE_CLOSE}" />
    </annotation>
  </item>
  <item name="com.appsamurai.storyly.exoplayer2.datasource.upstream.HttpDataSource.HttpDataSourceException HttpDataSourceException(java.lang.String, com.appsamurai.storyly.exoplayer2.datasource.upstream.DataSpec, int, int) 2">
    <annotation name="androidx.annotation.IntDef">
      <val name="open" val="true" />
      <val name="value" val="{com.appsamurai.storyly.exoplayer2.common.PlaybackException.ERROR_CODE_UNSPECIFIED, com.appsamurai.storyly.exoplayer2.common.PlaybackException.ERROR_CODE_REMOTE_ERROR, com.appsamurai.storyly.exoplayer2.common.PlaybackException.ERROR_CODE_BEHIND_LIVE_WINDOW, com.appsamurai.storyly.exoplayer2.common.PlaybackException.ERROR_CODE_TIMEOUT, com.appsamurai.storyly.exoplayer2.common.PlaybackException.ERROR_CODE_FAILED_RUNTIME_CHECK, com.appsamurai.storyly.exoplayer2.common.PlaybackException.ERROR_CODE_IO_UNSPECIFIED, com.appsamurai.storyly.exoplayer2.common.PlaybackException.ERROR_CODE_IO_NETWORK_CONNECTION_FAILED, com.appsamurai.storyly.exoplayer2.common.PlaybackException.ERROR_CODE_IO_NETWORK_CONNECTION_TIMEOUT, com.appsamurai.storyly.exoplayer2.common.PlaybackException.ERROR_CODE_IO_INVALID_HTTP_CONTENT_TYPE, com.appsamurai.storyly.exoplayer2.common.PlaybackException.ERROR_CODE_IO_BAD_HTTP_STATUS, com.appsamurai.storyly.exoplayer2.common.PlaybackException.ERROR_CODE_IO_FILE_NOT_FOUND, com.appsamurai.storyly.exoplayer2.common.PlaybackException.ERROR_CODE_IO_NO_PERMISSION, com.appsamurai.storyly.exoplayer2.common.PlaybackException.ERROR_CODE_IO_CLEARTEXT_NOT_PERMITTED, com.appsamurai.storyly.exoplayer2.common.PlaybackException.ERROR_CODE_IO_READ_POSITION_OUT_OF_RANGE, com.appsamurai.storyly.exoplayer2.common.PlaybackException.ERROR_CODE_PARSING_CONTAINER_MALFORMED, com.appsamurai.storyly.exoplayer2.common.PlaybackException.ERROR_CODE_PARSING_MANIFEST_MALFORMED, com.appsamurai.storyly.exoplayer2.common.PlaybackException.ERROR_CODE_PARSING_CONTAINER_UNSUPPORTED, com.appsamurai.storyly.exoplayer2.common.PlaybackException.ERROR_CODE_PARSING_MANIFEST_UNSUPPORTED, com.appsamurai.storyly.exoplayer2.common.PlaybackException.ERROR_CODE_DECODER_INIT_FAILED, com.appsamurai.storyly.exoplayer2.common.PlaybackException.ERROR_CODE_DECODER_QUERY_FAILED, com.appsamurai.storyly.exoplayer2.common.PlaybackException.ERROR_CODE_DECODING_FAILED, com.appsamurai.storyly.exoplayer2.common.PlaybackException.ERROR_CODE_DECODING_FORMAT_EXCEEDS_CAPABILITIES, com.appsamurai.storyly.exoplayer2.common.PlaybackException.ERROR_CODE_DECODING_FORMAT_UNSUPPORTED, com.appsamurai.storyly.exoplayer2.common.PlaybackException.ERROR_CODE_AUDIO_TRACK_INIT_FAILED, com.appsamurai.storyly.exoplayer2.common.PlaybackException.ERROR_CODE_AUDIO_TRACK_WRITE_FAILED, com.appsamurai.storyly.exoplayer2.common.PlaybackException.ERROR_CODE_DRM_UNSPECIFIED, com.appsamurai.storyly.exoplayer2.common.PlaybackException.ERROR_CODE_DRM_SCHEME_UNSUPPORTED, com.appsamurai.storyly.exoplayer2.common.PlaybackException.ERROR_CODE_DRM_PROVISIONING_FAILED, com.appsamurai.storyly.exoplayer2.common.PlaybackException.ERROR_CODE_DRM_CONTENT_ERROR, com.appsamurai.storyly.exoplayer2.common.PlaybackException.ERROR_CODE_DRM_LICENSE_ACQUISITION_FAILED, com.appsamurai.storyly.exoplayer2.common.PlaybackException.ERROR_CODE_DRM_DISALLOWED_OPERATION, com.appsamurai.storyly.exoplayer2.common.PlaybackException.ERROR_CODE_DRM_SYSTEM_ERROR, com.appsamurai.storyly.exoplayer2.common.PlaybackException.ERROR_CODE_DRM_DEVICE_REVOKED, com.appsamurai.storyly.exoplayer2.common.PlaybackException.ERROR_CODE_DRM_LICENSE_EXPIRED}" />
    </annotation>
  </item>
  <item name="com.appsamurai.storyly.exoplayer2.datasource.upstream.HttpDataSource.HttpDataSourceException HttpDataSourceException(java.lang.String, com.appsamurai.storyly.exoplayer2.datasource.upstream.DataSpec, int, int) 3">
    <annotation name="androidx.annotation.IntDef">
      <val name="value" val="{com.appsamurai.storyly.exoplayer2.datasource.upstream.HttpDataSource.HttpDataSourceException.TYPE_OPEN, com.appsamurai.storyly.exoplayer2.datasource.upstream.HttpDataSource.HttpDataSourceException.TYPE_READ, com.appsamurai.storyly.exoplayer2.datasource.upstream.HttpDataSource.HttpDataSourceException.TYPE_CLOSE}" />
    </annotation>
  </item>
  <item name="com.appsamurai.storyly.exoplayer2.datasource.upstream.HttpDataSource.HttpDataSourceException HttpDataSourceException(java.lang.String, java.io.IOException, com.appsamurai.storyly.exoplayer2.datasource.upstream.DataSpec, int) 3">
    <annotation name="androidx.annotation.IntDef">
      <val name="value" val="{com.appsamurai.storyly.exoplayer2.datasource.upstream.HttpDataSource.HttpDataSourceException.TYPE_OPEN, com.appsamurai.storyly.exoplayer2.datasource.upstream.HttpDataSource.HttpDataSourceException.TYPE_READ, com.appsamurai.storyly.exoplayer2.datasource.upstream.HttpDataSource.HttpDataSourceException.TYPE_CLOSE}" />
    </annotation>
  </item>
  <item name="com.appsamurai.storyly.exoplayer2.datasource.upstream.HttpDataSource.HttpDataSourceException HttpDataSourceException(java.lang.String, java.io.IOException, com.appsamurai.storyly.exoplayer2.datasource.upstream.DataSpec, int, int) 3">
    <annotation name="androidx.annotation.IntDef">
      <val name="open" val="true" />
      <val name="value" val="{com.appsamurai.storyly.exoplayer2.common.PlaybackException.ERROR_CODE_UNSPECIFIED, com.appsamurai.storyly.exoplayer2.common.PlaybackException.ERROR_CODE_REMOTE_ERROR, com.appsamurai.storyly.exoplayer2.common.PlaybackException.ERROR_CODE_BEHIND_LIVE_WINDOW, com.appsamurai.storyly.exoplayer2.common.PlaybackException.ERROR_CODE_TIMEOUT, com.appsamurai.storyly.exoplayer2.common.PlaybackException.ERROR_CODE_FAILED_RUNTIME_CHECK, com.appsamurai.storyly.exoplayer2.common.PlaybackException.ERROR_CODE_IO_UNSPECIFIED, com.appsamurai.storyly.exoplayer2.common.PlaybackException.ERROR_CODE_IO_NETWORK_CONNECTION_FAILED, com.appsamurai.storyly.exoplayer2.common.PlaybackException.ERROR_CODE_IO_NETWORK_CONNECTION_TIMEOUT, com.appsamurai.storyly.exoplayer2.common.PlaybackException.ERROR_CODE_IO_INVALID_HTTP_CONTENT_TYPE, com.appsamurai.storyly.exoplayer2.common.PlaybackException.ERROR_CODE_IO_BAD_HTTP_STATUS, com.appsamurai.storyly.exoplayer2.common.PlaybackException.ERROR_CODE_IO_FILE_NOT_FOUND, com.appsamurai.storyly.exoplayer2.common.PlaybackException.ERROR_CODE_IO_NO_PERMISSION, com.appsamurai.storyly.exoplayer2.common.PlaybackException.ERROR_CODE_IO_CLEARTEXT_NOT_PERMITTED, com.appsamurai.storyly.exoplayer2.common.PlaybackException.ERROR_CODE_IO_READ_POSITION_OUT_OF_RANGE, com.appsamurai.storyly.exoplayer2.common.PlaybackException.ERROR_CODE_PARSING_CONTAINER_MALFORMED, com.appsamurai.storyly.exoplayer2.common.PlaybackException.ERROR_CODE_PARSING_MANIFEST_MALFORMED, com.appsamurai.storyly.exoplayer2.common.PlaybackException.ERROR_CODE_PARSING_CONTAINER_UNSUPPORTED, com.appsamurai.storyly.exoplayer2.common.PlaybackException.ERROR_CODE_PARSING_MANIFEST_UNSUPPORTED, com.appsamurai.storyly.exoplayer2.common.PlaybackException.ERROR_CODE_DECODER_INIT_FAILED, com.appsamurai.storyly.exoplayer2.common.PlaybackException.ERROR_CODE_DECODER_QUERY_FAILED, com.appsamurai.storyly.exoplayer2.common.PlaybackException.ERROR_CODE_DECODING_FAILED, com.appsamurai.storyly.exoplayer2.common.PlaybackException.ERROR_CODE_DECODING_FORMAT_EXCEEDS_CAPABILITIES, com.appsamurai.storyly.exoplayer2.common.PlaybackException.ERROR_CODE_DECODING_FORMAT_UNSUPPORTED, com.appsamurai.storyly.exoplayer2.common.PlaybackException.ERROR_CODE_AUDIO_TRACK_INIT_FAILED, com.appsamurai.storyly.exoplayer2.common.PlaybackException.ERROR_CODE_AUDIO_TRACK_WRITE_FAILED, com.appsamurai.storyly.exoplayer2.common.PlaybackException.ERROR_CODE_DRM_UNSPECIFIED, com.appsamurai.storyly.exoplayer2.common.PlaybackException.ERROR_CODE_DRM_SCHEME_UNSUPPORTED, com.appsamurai.storyly.exoplayer2.common.PlaybackException.ERROR_CODE_DRM_PROVISIONING_FAILED, com.appsamurai.storyly.exoplayer2.common.PlaybackException.ERROR_CODE_DRM_CONTENT_ERROR, com.appsamurai.storyly.exoplayer2.common.PlaybackException.ERROR_CODE_DRM_LICENSE_ACQUISITION_FAILED, com.appsamurai.storyly.exoplayer2.common.PlaybackException.ERROR_CODE_DRM_DISALLOWED_OPERATION, com.appsamurai.storyly.exoplayer2.common.PlaybackException.ERROR_CODE_DRM_SYSTEM_ERROR, com.appsamurai.storyly.exoplayer2.common.PlaybackException.ERROR_CODE_DRM_DEVICE_REVOKED, com.appsamurai.storyly.exoplayer2.common.PlaybackException.ERROR_CODE_DRM_LICENSE_EXPIRED}" />
    </annotation>
  </item>
  <item name="com.appsamurai.storyly.exoplayer2.datasource.upstream.HttpDataSource.HttpDataSourceException HttpDataSourceException(java.lang.String, java.io.IOException, com.appsamurai.storyly.exoplayer2.datasource.upstream.DataSpec, int, int) 4">
    <annotation name="androidx.annotation.IntDef">
      <val name="value" val="{com.appsamurai.storyly.exoplayer2.datasource.upstream.HttpDataSource.HttpDataSourceException.TYPE_OPEN, com.appsamurai.storyly.exoplayer2.datasource.upstream.HttpDataSource.HttpDataSourceException.TYPE_READ, com.appsamurai.storyly.exoplayer2.datasource.upstream.HttpDataSource.HttpDataSourceException.TYPE_CLOSE}" />
    </annotation>
  </item>
  <item name="com.appsamurai.storyly.exoplayer2.datasource.upstream.HttpDataSource.HttpDataSourceException com.appsamurai.storyly.exoplayer2.datasource.upstream.HttpDataSource.HttpDataSourceException createForIOException(java.io.IOException, com.appsamurai.storyly.exoplayer2.datasource.upstream.DataSpec, int) 2">
    <annotation name="androidx.annotation.IntDef">
      <val name="value" val="{com.appsamurai.storyly.exoplayer2.datasource.upstream.HttpDataSource.HttpDataSourceException.TYPE_OPEN, com.appsamurai.storyly.exoplayer2.datasource.upstream.HttpDataSource.HttpDataSourceException.TYPE_READ, com.appsamurai.storyly.exoplayer2.datasource.upstream.HttpDataSource.HttpDataSourceException.TYPE_CLOSE}" />
    </annotation>
  </item>
  <item name="com.appsamurai.storyly.exoplayer2.datasource.upstream.HttpDataSource.HttpDataSourceException int assignErrorCode(int, int)">
    <annotation name="androidx.annotation.IntDef">
      <val name="open" val="true" />
      <val name="value" val="{com.appsamurai.storyly.exoplayer2.common.PlaybackException.ERROR_CODE_UNSPECIFIED, com.appsamurai.storyly.exoplayer2.common.PlaybackException.ERROR_CODE_REMOTE_ERROR, com.appsamurai.storyly.exoplayer2.common.PlaybackException.ERROR_CODE_BEHIND_LIVE_WINDOW, com.appsamurai.storyly.exoplayer2.common.PlaybackException.ERROR_CODE_TIMEOUT, com.appsamurai.storyly.exoplayer2.common.PlaybackException.ERROR_CODE_FAILED_RUNTIME_CHECK, com.appsamurai.storyly.exoplayer2.common.PlaybackException.ERROR_CODE_IO_UNSPECIFIED, com.appsamurai.storyly.exoplayer2.common.PlaybackException.ERROR_CODE_IO_NETWORK_CONNECTION_FAILED, com.appsamurai.storyly.exoplayer2.common.PlaybackException.ERROR_CODE_IO_NETWORK_CONNECTION_TIMEOUT, com.appsamurai.storyly.exoplayer2.common.PlaybackException.ERROR_CODE_IO_INVALID_HTTP_CONTENT_TYPE, com.appsamurai.storyly.exoplayer2.common.PlaybackException.ERROR_CODE_IO_BAD_HTTP_STATUS, com.appsamurai.storyly.exoplayer2.common.PlaybackException.ERROR_CODE_IO_FILE_NOT_FOUND, com.appsamurai.storyly.exoplayer2.common.PlaybackException.ERROR_CODE_IO_NO_PERMISSION, com.appsamurai.storyly.exoplayer2.common.PlaybackException.ERROR_CODE_IO_CLEARTEXT_NOT_PERMITTED, com.appsamurai.storyly.exoplayer2.common.PlaybackException.ERROR_CODE_IO_READ_POSITION_OUT_OF_RANGE, com.appsamurai.storyly.exoplayer2.common.PlaybackException.ERROR_CODE_PARSING_CONTAINER_MALFORMED, com.appsamurai.storyly.exoplayer2.common.PlaybackException.ERROR_CODE_PARSING_MANIFEST_MALFORMED, com.appsamurai.storyly.exoplayer2.common.PlaybackException.ERROR_CODE_PARSING_CONTAINER_UNSUPPORTED, com.appsamurai.storyly.exoplayer2.common.PlaybackException.ERROR_CODE_PARSING_MANIFEST_UNSUPPORTED, com.appsamurai.storyly.exoplayer2.common.PlaybackException.ERROR_CODE_DECODER_INIT_FAILED, com.appsamurai.storyly.exoplayer2.common.PlaybackException.ERROR_CODE_DECODER_QUERY_FAILED, com.appsamurai.storyly.exoplayer2.common.PlaybackException.ERROR_CODE_DECODING_FAILED, com.appsamurai.storyly.exoplayer2.common.PlaybackException.ERROR_CODE_DECODING_FORMAT_EXCEEDS_CAPABILITIES, com.appsamurai.storyly.exoplayer2.common.PlaybackException.ERROR_CODE_DECODING_FORMAT_UNSUPPORTED, com.appsamurai.storyly.exoplayer2.common.PlaybackException.ERROR_CODE_AUDIO_TRACK_INIT_FAILED, com.appsamurai.storyly.exoplayer2.common.PlaybackException.ERROR_CODE_AUDIO_TRACK_WRITE_FAILED, com.appsamurai.storyly.exoplayer2.common.PlaybackException.ERROR_CODE_DRM_UNSPECIFIED, com.appsamurai.storyly.exoplayer2.common.PlaybackException.ERROR_CODE_DRM_SCHEME_UNSUPPORTED, com.appsamurai.storyly.exoplayer2.common.PlaybackException.ERROR_CODE_DRM_PROVISIONING_FAILED, com.appsamurai.storyly.exoplayer2.common.PlaybackException.ERROR_CODE_DRM_CONTENT_ERROR, com.appsamurai.storyly.exoplayer2.common.PlaybackException.ERROR_CODE_DRM_LICENSE_ACQUISITION_FAILED, com.appsamurai.storyly.exoplayer2.common.PlaybackException.ERROR_CODE_DRM_DISALLOWED_OPERATION, com.appsamurai.storyly.exoplayer2.common.PlaybackException.ERROR_CODE_DRM_SYSTEM_ERROR, com.appsamurai.storyly.exoplayer2.common.PlaybackException.ERROR_CODE_DRM_DEVICE_REVOKED, com.appsamurai.storyly.exoplayer2.common.PlaybackException.ERROR_CODE_DRM_LICENSE_EXPIRED}" />
    </annotation>
  </item>
  <item name="com.appsamurai.storyly.exoplayer2.datasource.upstream.HttpDataSource.HttpDataSourceException int assignErrorCode(int, int) 0">
    <annotation name="androidx.annotation.IntDef">
      <val name="open" val="true" />
      <val name="value" val="{com.appsamurai.storyly.exoplayer2.common.PlaybackException.ERROR_CODE_UNSPECIFIED, com.appsamurai.storyly.exoplayer2.common.PlaybackException.ERROR_CODE_REMOTE_ERROR, com.appsamurai.storyly.exoplayer2.common.PlaybackException.ERROR_CODE_BEHIND_LIVE_WINDOW, com.appsamurai.storyly.exoplayer2.common.PlaybackException.ERROR_CODE_TIMEOUT, com.appsamurai.storyly.exoplayer2.common.PlaybackException.ERROR_CODE_FAILED_RUNTIME_CHECK, com.appsamurai.storyly.exoplayer2.common.PlaybackException.ERROR_CODE_IO_UNSPECIFIED, com.appsamurai.storyly.exoplayer2.common.PlaybackException.ERROR_CODE_IO_NETWORK_CONNECTION_FAILED, com.appsamurai.storyly.exoplayer2.common.PlaybackException.ERROR_CODE_IO_NETWORK_CONNECTION_TIMEOUT, com.appsamurai.storyly.exoplayer2.common.PlaybackException.ERROR_CODE_IO_INVALID_HTTP_CONTENT_TYPE, com.appsamurai.storyly.exoplayer2.common.PlaybackException.ERROR_CODE_IO_BAD_HTTP_STATUS, com.appsamurai.storyly.exoplayer2.common.PlaybackException.ERROR_CODE_IO_FILE_NOT_FOUND, com.appsamurai.storyly.exoplayer2.common.PlaybackException.ERROR_CODE_IO_NO_PERMISSION, com.appsamurai.storyly.exoplayer2.common.PlaybackException.ERROR_CODE_IO_CLEARTEXT_NOT_PERMITTED, com.appsamurai.storyly.exoplayer2.common.PlaybackException.ERROR_CODE_IO_READ_POSITION_OUT_OF_RANGE, com.appsamurai.storyly.exoplayer2.common.PlaybackException.ERROR_CODE_PARSING_CONTAINER_MALFORMED, com.appsamurai.storyly.exoplayer2.common.PlaybackException.ERROR_CODE_PARSING_MANIFEST_MALFORMED, com.appsamurai.storyly.exoplayer2.common.PlaybackException.ERROR_CODE_PARSING_CONTAINER_UNSUPPORTED, com.appsamurai.storyly.exoplayer2.common.PlaybackException.ERROR_CODE_PARSING_MANIFEST_UNSUPPORTED, com.appsamurai.storyly.exoplayer2.common.PlaybackException.ERROR_CODE_DECODER_INIT_FAILED, com.appsamurai.storyly.exoplayer2.common.PlaybackException.ERROR_CODE_DECODER_QUERY_FAILED, com.appsamurai.storyly.exoplayer2.common.PlaybackException.ERROR_CODE_DECODING_FAILED, com.appsamurai.storyly.exoplayer2.common.PlaybackException.ERROR_CODE_DECODING_FORMAT_EXCEEDS_CAPABILITIES, com.appsamurai.storyly.exoplayer2.common.PlaybackException.ERROR_CODE_DECODING_FORMAT_UNSUPPORTED, com.appsamurai.storyly.exoplayer2.common.PlaybackException.ERROR_CODE_AUDIO_TRACK_INIT_FAILED, com.appsamurai.storyly.exoplayer2.common.PlaybackException.ERROR_CODE_AUDIO_TRACK_WRITE_FAILED, com.appsamurai.storyly.exoplayer2.common.PlaybackException.ERROR_CODE_DRM_UNSPECIFIED, com.appsamurai.storyly.exoplayer2.common.PlaybackException.ERROR_CODE_DRM_SCHEME_UNSUPPORTED, com.appsamurai.storyly.exoplayer2.common.PlaybackException.ERROR_CODE_DRM_PROVISIONING_FAILED, com.appsamurai.storyly.exoplayer2.common.PlaybackException.ERROR_CODE_DRM_CONTENT_ERROR, com.appsamurai.storyly.exoplayer2.common.PlaybackException.ERROR_CODE_DRM_LICENSE_ACQUISITION_FAILED, com.appsamurai.storyly.exoplayer2.common.PlaybackException.ERROR_CODE_DRM_DISALLOWED_OPERATION, com.appsamurai.storyly.exoplayer2.common.PlaybackException.ERROR_CODE_DRM_SYSTEM_ERROR, com.appsamurai.storyly.exoplayer2.common.PlaybackException.ERROR_CODE_DRM_DEVICE_REVOKED, com.appsamurai.storyly.exoplayer2.common.PlaybackException.ERROR_CODE_DRM_LICENSE_EXPIRED}" />
    </annotation>
  </item>
  <item name="com.appsamurai.storyly.exoplayer2.datasource.upstream.HttpDataSource.HttpDataSourceException int assignErrorCode(int, int) 1">
    <annotation name="androidx.annotation.IntDef">
      <val name="value" val="{com.appsamurai.storyly.exoplayer2.datasource.upstream.HttpDataSource.HttpDataSourceException.TYPE_OPEN, com.appsamurai.storyly.exoplayer2.datasource.upstream.HttpDataSource.HttpDataSourceException.TYPE_READ, com.appsamurai.storyly.exoplayer2.datasource.upstream.HttpDataSource.HttpDataSourceException.TYPE_CLOSE}" />
    </annotation>
  </item>
  <item name="com.appsamurai.storyly.exoplayer2.datasource.upstream.HttpDataSource.HttpDataSourceException type">
    <annotation name="androidx.annotation.IntDef">
      <val name="value" val="{com.appsamurai.storyly.exoplayer2.datasource.upstream.HttpDataSource.HttpDataSourceException.TYPE_OPEN, com.appsamurai.storyly.exoplayer2.datasource.upstream.HttpDataSource.HttpDataSourceException.TYPE_READ, com.appsamurai.storyly.exoplayer2.datasource.upstream.HttpDataSource.HttpDataSourceException.TYPE_CLOSE}" />
    </annotation>
  </item>
  <item name="com.appsamurai.storyly.exoplayer2.datasource.upstream.HttpDataSource.HttpDataSourceException.Type">
    <annotation name="androidx.annotation.IntDef">
      <val name="value" val="{com.appsamurai.storyly.exoplayer2.datasource.upstream.HttpDataSource.HttpDataSourceException.TYPE_OPEN, com.appsamurai.storyly.exoplayer2.datasource.upstream.HttpDataSource.HttpDataSourceException.TYPE_READ, com.appsamurai.storyly.exoplayer2.datasource.upstream.HttpDataSource.HttpDataSourceException.TYPE_CLOSE}" />
    </annotation>
  </item>
  <item name="com.appsamurai.storyly.exoplayer2.datasource.upstream.RawResourceDataSource.RawResourceDataSourceException RawResourceDataSourceException(java.lang.String, java.lang.Throwable, int) 2">
    <annotation name="androidx.annotation.IntDef">
      <val name="open" val="true" />
      <val name="value" val="{com.appsamurai.storyly.exoplayer2.common.PlaybackException.ERROR_CODE_UNSPECIFIED, com.appsamurai.storyly.exoplayer2.common.PlaybackException.ERROR_CODE_REMOTE_ERROR, com.appsamurai.storyly.exoplayer2.common.PlaybackException.ERROR_CODE_BEHIND_LIVE_WINDOW, com.appsamurai.storyly.exoplayer2.common.PlaybackException.ERROR_CODE_TIMEOUT, com.appsamurai.storyly.exoplayer2.common.PlaybackException.ERROR_CODE_FAILED_RUNTIME_CHECK, com.appsamurai.storyly.exoplayer2.common.PlaybackException.ERROR_CODE_IO_UNSPECIFIED, com.appsamurai.storyly.exoplayer2.common.PlaybackException.ERROR_CODE_IO_NETWORK_CONNECTION_FAILED, com.appsamurai.storyly.exoplayer2.common.PlaybackException.ERROR_CODE_IO_NETWORK_CONNECTION_TIMEOUT, com.appsamurai.storyly.exoplayer2.common.PlaybackException.ERROR_CODE_IO_INVALID_HTTP_CONTENT_TYPE, com.appsamurai.storyly.exoplayer2.common.PlaybackException.ERROR_CODE_IO_BAD_HTTP_STATUS, com.appsamurai.storyly.exoplayer2.common.PlaybackException.ERROR_CODE_IO_FILE_NOT_FOUND, com.appsamurai.storyly.exoplayer2.common.PlaybackException.ERROR_CODE_IO_NO_PERMISSION, com.appsamurai.storyly.exoplayer2.common.PlaybackException.ERROR_CODE_IO_CLEARTEXT_NOT_PERMITTED, com.appsamurai.storyly.exoplayer2.common.PlaybackException.ERROR_CODE_IO_READ_POSITION_OUT_OF_RANGE, com.appsamurai.storyly.exoplayer2.common.PlaybackException.ERROR_CODE_PARSING_CONTAINER_MALFORMED, com.appsamurai.storyly.exoplayer2.common.PlaybackException.ERROR_CODE_PARSING_MANIFEST_MALFORMED, com.appsamurai.storyly.exoplayer2.common.PlaybackException.ERROR_CODE_PARSING_CONTAINER_UNSUPPORTED, com.appsamurai.storyly.exoplayer2.common.PlaybackException.ERROR_CODE_PARSING_MANIFEST_UNSUPPORTED, com.appsamurai.storyly.exoplayer2.common.PlaybackException.ERROR_CODE_DECODER_INIT_FAILED, com.appsamurai.storyly.exoplayer2.common.PlaybackException.ERROR_CODE_DECODER_QUERY_FAILED, com.appsamurai.storyly.exoplayer2.common.PlaybackException.ERROR_CODE_DECODING_FAILED, com.appsamurai.storyly.exoplayer2.common.PlaybackException.ERROR_CODE_DECODING_FORMAT_EXCEEDS_CAPABILITIES, com.appsamurai.storyly.exoplayer2.common.PlaybackException.ERROR_CODE_DECODING_FORMAT_UNSUPPORTED, com.appsamurai.storyly.exoplayer2.common.PlaybackException.ERROR_CODE_AUDIO_TRACK_INIT_FAILED, com.appsamurai.storyly.exoplayer2.common.PlaybackException.ERROR_CODE_AUDIO_TRACK_WRITE_FAILED, com.appsamurai.storyly.exoplayer2.common.PlaybackException.ERROR_CODE_DRM_UNSPECIFIED, com.appsamurai.storyly.exoplayer2.common.PlaybackException.ERROR_CODE_DRM_SCHEME_UNSUPPORTED, com.appsamurai.storyly.exoplayer2.common.PlaybackException.ERROR_CODE_DRM_PROVISIONING_FAILED, com.appsamurai.storyly.exoplayer2.common.PlaybackException.ERROR_CODE_DRM_CONTENT_ERROR, com.appsamurai.storyly.exoplayer2.common.PlaybackException.ERROR_CODE_DRM_LICENSE_ACQUISITION_FAILED, com.appsamurai.storyly.exoplayer2.common.PlaybackException.ERROR_CODE_DRM_DISALLOWED_OPERATION, com.appsamurai.storyly.exoplayer2.common.PlaybackException.ERROR_CODE_DRM_SYSTEM_ERROR, com.appsamurai.storyly.exoplayer2.common.PlaybackException.ERROR_CODE_DRM_DEVICE_REVOKED, com.appsamurai.storyly.exoplayer2.common.PlaybackException.ERROR_CODE_DRM_LICENSE_EXPIRED}" />
    </annotation>
  </item>
  <item name="com.appsamurai.storyly.exoplayer2.datasource.upstream.UdpDataSource.UdpDataSourceException UdpDataSourceException(java.lang.Throwable, int) 1">
    <annotation name="androidx.annotation.IntDef">
      <val name="open" val="true" />
      <val name="value" val="{com.appsamurai.storyly.exoplayer2.common.PlaybackException.ERROR_CODE_UNSPECIFIED, com.appsamurai.storyly.exoplayer2.common.PlaybackException.ERROR_CODE_REMOTE_ERROR, com.appsamurai.storyly.exoplayer2.common.PlaybackException.ERROR_CODE_BEHIND_LIVE_WINDOW, com.appsamurai.storyly.exoplayer2.common.PlaybackException.ERROR_CODE_TIMEOUT, com.appsamurai.storyly.exoplayer2.common.PlaybackException.ERROR_CODE_FAILED_RUNTIME_CHECK, com.appsamurai.storyly.exoplayer2.common.PlaybackException.ERROR_CODE_IO_UNSPECIFIED, com.appsamurai.storyly.exoplayer2.common.PlaybackException.ERROR_CODE_IO_NETWORK_CONNECTION_FAILED, com.appsamurai.storyly.exoplayer2.common.PlaybackException.ERROR_CODE_IO_NETWORK_CONNECTION_TIMEOUT, com.appsamurai.storyly.exoplayer2.common.PlaybackException.ERROR_CODE_IO_INVALID_HTTP_CONTENT_TYPE, com.appsamurai.storyly.exoplayer2.common.PlaybackException.ERROR_CODE_IO_BAD_HTTP_STATUS, com.appsamurai.storyly.exoplayer2.common.PlaybackException.ERROR_CODE_IO_FILE_NOT_FOUND, com.appsamurai.storyly.exoplayer2.common.PlaybackException.ERROR_CODE_IO_NO_PERMISSION, com.appsamurai.storyly.exoplayer2.common.PlaybackException.ERROR_CODE_IO_CLEARTEXT_NOT_PERMITTED, com.appsamurai.storyly.exoplayer2.common.PlaybackException.ERROR_CODE_IO_READ_POSITION_OUT_OF_RANGE, com.appsamurai.storyly.exoplayer2.common.PlaybackException.ERROR_CODE_PARSING_CONTAINER_MALFORMED, com.appsamurai.storyly.exoplayer2.common.PlaybackException.ERROR_CODE_PARSING_MANIFEST_MALFORMED, com.appsamurai.storyly.exoplayer2.common.PlaybackException.ERROR_CODE_PARSING_CONTAINER_UNSUPPORTED, com.appsamurai.storyly.exoplayer2.common.PlaybackException.ERROR_CODE_PARSING_MANIFEST_UNSUPPORTED, com.appsamurai.storyly.exoplayer2.common.PlaybackException.ERROR_CODE_DECODER_INIT_FAILED, com.appsamurai.storyly.exoplayer2.common.PlaybackException.ERROR_CODE_DECODER_QUERY_FAILED, com.appsamurai.storyly.exoplayer2.common.PlaybackException.ERROR_CODE_DECODING_FAILED, com.appsamurai.storyly.exoplayer2.common.PlaybackException.ERROR_CODE_DECODING_FORMAT_EXCEEDS_CAPABILITIES, com.appsamurai.storyly.exoplayer2.common.PlaybackException.ERROR_CODE_DECODING_FORMAT_UNSUPPORTED, com.appsamurai.storyly.exoplayer2.common.PlaybackException.ERROR_CODE_AUDIO_TRACK_INIT_FAILED, com.appsamurai.storyly.exoplayer2.common.PlaybackException.ERROR_CODE_AUDIO_TRACK_WRITE_FAILED, com.appsamurai.storyly.exoplayer2.common.PlaybackException.ERROR_CODE_DRM_UNSPECIFIED, com.appsamurai.storyly.exoplayer2.common.PlaybackException.ERROR_CODE_DRM_SCHEME_UNSUPPORTED, com.appsamurai.storyly.exoplayer2.common.PlaybackException.ERROR_CODE_DRM_PROVISIONING_FAILED, com.appsamurai.storyly.exoplayer2.common.PlaybackException.ERROR_CODE_DRM_CONTENT_ERROR, com.appsamurai.storyly.exoplayer2.common.PlaybackException.ERROR_CODE_DRM_LICENSE_ACQUISITION_FAILED, com.appsamurai.storyly.exoplayer2.common.PlaybackException.ERROR_CODE_DRM_DISALLOWED_OPERATION, com.appsamurai.storyly.exoplayer2.common.PlaybackException.ERROR_CODE_DRM_SYSTEM_ERROR, com.appsamurai.storyly.exoplayer2.common.PlaybackException.ERROR_CODE_DRM_DEVICE_REVOKED, com.appsamurai.storyly.exoplayer2.common.PlaybackException.ERROR_CODE_DRM_LICENSE_EXPIRED}" />
    </annotation>
  </item>
</root>

