<?xml version="1.0" encoding="UTF-8"?>
<root>
  <item name="com.appsamurai.storyly.exoplayer2.hls.DefaultHlsDataSourceFactory com.appsamurai.storyly.exoplayer2.datasource.upstream.DataSource createDataSource(int) 0">
    <annotation name="androidx.annotation.IntDef">
      <val name="open" val="true" />
      <val name="value" val="{com.appsamurai.storyly.exoplayer2.common.C.DATA_TYPE_UNKNOWN, com.appsamurai.storyly.exoplayer2.common.C.DATA_TYPE_MEDIA, com.appsamurai.storyly.exoplayer2.common.C.DATA_TYPE_MEDIA_INITIALIZATION, com.appsamurai.storyly.exoplayer2.common.C.DATA_TYPE_DRM, com.appsamurai.storyly.exoplayer2.common.C.DATA_TYPE_MANIFEST, com.appsamurai.storyly.exoplayer2.common.C.DATA_TYPE_TIME_SYNCHRONIZATION, com.appsamurai.storyly.exoplayer2.common.C.DATA_TYPE_AD, com.appsamurai.storyly.exoplayer2.common.C.DATA_TYPE_MEDIA_PROGRESSIVE_LIVE}" />
    </annotation>
  </item>
  <item name="com.appsamurai.storyly.exoplayer2.hls.DefaultHlsExtractorFactory com.appsamurai.storyly.exoplayer2.extractor.extractor.Extractor createExtractorByFileType(int, com.appsamurai.storyly.exoplayer2.common.Format, java.util.List&lt;com.appsamurai.storyly.exoplayer2.common.Format&gt;, com.appsamurai.storyly.exoplayer2.common.util.TimestampAdjuster) 0">
    <annotation name="androidx.annotation.IntDef">
      <val name="value" val="{com.appsamurai.storyly.exoplayer2.common.util.FileTypes.UNKNOWN, com.appsamurai.storyly.exoplayer2.common.util.FileTypes.AC3, com.appsamurai.storyly.exoplayer2.common.util.FileTypes.AC4, com.appsamurai.storyly.exoplayer2.common.util.FileTypes.ADTS, com.appsamurai.storyly.exoplayer2.common.util.FileTypes.AMR, com.appsamurai.storyly.exoplayer2.common.util.FileTypes.FLAC, com.appsamurai.storyly.exoplayer2.common.util.FileTypes.FLV, com.appsamurai.storyly.exoplayer2.common.util.FileTypes.MATROSKA, com.appsamurai.storyly.exoplayer2.common.util.FileTypes.MP3, com.appsamurai.storyly.exoplayer2.common.util.FileTypes.MP4, com.appsamurai.storyly.exoplayer2.common.util.FileTypes.OGG, com.appsamurai.storyly.exoplayer2.common.util.FileTypes.PS, com.appsamurai.storyly.exoplayer2.common.util.FileTypes.TS, com.appsamurai.storyly.exoplayer2.common.util.FileTypes.WAV, com.appsamurai.storyly.exoplayer2.common.util.FileTypes.WEBVTT, com.appsamurai.storyly.exoplayer2.common.util.FileTypes.JPEG, com.appsamurai.storyly.exoplayer2.common.util.FileTypes.MIDI, com.appsamurai.storyly.exoplayer2.common.util.FileTypes.AVI}" />
    </annotation>
  </item>
  <item name="com.appsamurai.storyly.exoplayer2.hls.DefaultHlsExtractorFactory com.appsamurai.storyly.exoplayer2.extractor.extractor.ts.TsExtractor createTsExtractor(int, boolean, com.appsamurai.storyly.exoplayer2.common.Format, java.util.List&lt;com.appsamurai.storyly.exoplayer2.common.Format&gt;, com.appsamurai.storyly.exoplayer2.common.util.TimestampAdjuster) 0">
    <annotation name="androidx.annotation.IntDef">
      <val name="flag" val="true" />
      <val name="value" val="{com.appsamurai.storyly.exoplayer2.extractor.extractor.ts.DefaultTsPayloadReaderFactory.FLAG_ALLOW_NON_IDR_KEYFRAMES, com.appsamurai.storyly.exoplayer2.extractor.extractor.ts.DefaultTsPayloadReaderFactory.FLAG_IGNORE_AAC_STREAM, com.appsamurai.storyly.exoplayer2.extractor.extractor.ts.DefaultTsPayloadReaderFactory.FLAG_IGNORE_H264_STREAM, com.appsamurai.storyly.exoplayer2.extractor.extractor.ts.DefaultTsPayloadReaderFactory.FLAG_DETECT_ACCESS_UNITS, com.appsamurai.storyly.exoplayer2.extractor.extractor.ts.DefaultTsPayloadReaderFactory.FLAG_IGNORE_SPLICE_INFO_STREAM, com.appsamurai.storyly.exoplayer2.extractor.extractor.ts.DefaultTsPayloadReaderFactory.FLAG_OVERRIDE_CAPTION_DESCRIPTORS, com.appsamurai.storyly.exoplayer2.extractor.extractor.ts.DefaultTsPayloadReaderFactory.FLAG_ENABLE_HDMV_DTS_AUDIO_STREAMS}" />
    </annotation>
  </item>
  <item name="com.appsamurai.storyly.exoplayer2.hls.DefaultHlsExtractorFactory payloadReaderFactoryFlags">
    <annotation name="androidx.annotation.IntDef">
      <val name="flag" val="true" />
      <val name="value" val="{com.appsamurai.storyly.exoplayer2.extractor.extractor.ts.DefaultTsPayloadReaderFactory.FLAG_ALLOW_NON_IDR_KEYFRAMES, com.appsamurai.storyly.exoplayer2.extractor.extractor.ts.DefaultTsPayloadReaderFactory.FLAG_IGNORE_AAC_STREAM, com.appsamurai.storyly.exoplayer2.extractor.extractor.ts.DefaultTsPayloadReaderFactory.FLAG_IGNORE_H264_STREAM, com.appsamurai.storyly.exoplayer2.extractor.extractor.ts.DefaultTsPayloadReaderFactory.FLAG_DETECT_ACCESS_UNITS, com.appsamurai.storyly.exoplayer2.extractor.extractor.ts.DefaultTsPayloadReaderFactory.FLAG_IGNORE_SPLICE_INFO_STREAM, com.appsamurai.storyly.exoplayer2.extractor.extractor.ts.DefaultTsPayloadReaderFactory.FLAG_OVERRIDE_CAPTION_DESCRIPTORS, com.appsamurai.storyly.exoplayer2.extractor.extractor.ts.DefaultTsPayloadReaderFactory.FLAG_ENABLE_HDMV_DTS_AUDIO_STREAMS}" />
    </annotation>
  </item>
  <item name="com.appsamurai.storyly.exoplayer2.hls.DefaultHlsExtractorFactory void addFileTypeIfValidAndNotPresent(int, java.util.List&lt;java.lang.Integer&gt;) 0">
    <annotation name="androidx.annotation.IntDef">
      <val name="value" val="{com.appsamurai.storyly.exoplayer2.common.util.FileTypes.UNKNOWN, com.appsamurai.storyly.exoplayer2.common.util.FileTypes.AC3, com.appsamurai.storyly.exoplayer2.common.util.FileTypes.AC4, com.appsamurai.storyly.exoplayer2.common.util.FileTypes.ADTS, com.appsamurai.storyly.exoplayer2.common.util.FileTypes.AMR, com.appsamurai.storyly.exoplayer2.common.util.FileTypes.FLAC, com.appsamurai.storyly.exoplayer2.common.util.FileTypes.FLV, com.appsamurai.storyly.exoplayer2.common.util.FileTypes.MATROSKA, com.appsamurai.storyly.exoplayer2.common.util.FileTypes.MP3, com.appsamurai.storyly.exoplayer2.common.util.FileTypes.MP4, com.appsamurai.storyly.exoplayer2.common.util.FileTypes.OGG, com.appsamurai.storyly.exoplayer2.common.util.FileTypes.PS, com.appsamurai.storyly.exoplayer2.common.util.FileTypes.TS, com.appsamurai.storyly.exoplayer2.common.util.FileTypes.WAV, com.appsamurai.storyly.exoplayer2.common.util.FileTypes.WEBVTT, com.appsamurai.storyly.exoplayer2.common.util.FileTypes.JPEG, com.appsamurai.storyly.exoplayer2.common.util.FileTypes.MIDI, com.appsamurai.storyly.exoplayer2.common.util.FileTypes.AVI}" />
    </annotation>
  </item>
  <item name="com.appsamurai.storyly.exoplayer2.hls.HlsChunkSource int getChunkPublicationState(com.appsamurai.storyly.exoplayer2.hls.HlsMediaChunk)">
    <annotation name="androidx.annotation.IntDef">
      <val name="value" val="{com.appsamurai.storyly.exoplayer2.hls.HlsChunkSource.CHUNK_PUBLICATION_STATE_PRELOAD, com.appsamurai.storyly.exoplayer2.hls.HlsChunkSource.CHUNK_PUBLICATION_STATE_PUBLISHED, com.appsamurai.storyly.exoplayer2.hls.HlsChunkSource.CHUNK_PUBLICATION_STATE_REMOVED}" />
    </annotation>
  </item>
  <item name="com.appsamurai.storyly.exoplayer2.hls.HlsChunkSource.EncryptionKeyChunk EncryptionKeyChunk(com.appsamurai.storyly.exoplayer2.datasource.upstream.DataSource, com.appsamurai.storyly.exoplayer2.datasource.upstream.DataSpec, com.appsamurai.storyly.exoplayer2.common.Format, int, java.lang.Object, byte[]) 3">
    <annotation name="androidx.annotation.IntDef">
      <val name="open" val="true" />
      <val name="value" val="{com.appsamurai.storyly.exoplayer2.common.C.SELECTION_REASON_UNKNOWN, com.appsamurai.storyly.exoplayer2.common.C.SELECTION_REASON_INITIAL, com.appsamurai.storyly.exoplayer2.common.C.SELECTION_REASON_MANUAL, com.appsamurai.storyly.exoplayer2.common.C.SELECTION_REASON_ADAPTIVE, com.appsamurai.storyly.exoplayer2.common.C.SELECTION_REASON_TRICK_PLAY}" />
    </annotation>
  </item>
  <item name="com.appsamurai.storyly.exoplayer2.hls.HlsChunkSource.InitializationTrackSelection int getSelectionReason()">
    <annotation name="androidx.annotation.IntDef">
      <val name="open" val="true" />
      <val name="value" val="{com.appsamurai.storyly.exoplayer2.common.C.SELECTION_REASON_UNKNOWN, com.appsamurai.storyly.exoplayer2.common.C.SELECTION_REASON_INITIAL, com.appsamurai.storyly.exoplayer2.common.C.SELECTION_REASON_MANUAL, com.appsamurai.storyly.exoplayer2.common.C.SELECTION_REASON_ADAPTIVE, com.appsamurai.storyly.exoplayer2.common.C.SELECTION_REASON_TRICK_PLAY}" />
    </annotation>
  </item>
  <item name="com.appsamurai.storyly.exoplayer2.hls.HlsDataSourceFactory com.appsamurai.storyly.exoplayer2.datasource.upstream.DataSource createDataSource(int) 0">
    <annotation name="androidx.annotation.IntDef">
      <val name="open" val="true" />
      <val name="value" val="{com.appsamurai.storyly.exoplayer2.common.C.DATA_TYPE_UNKNOWN, com.appsamurai.storyly.exoplayer2.common.C.DATA_TYPE_MEDIA, com.appsamurai.storyly.exoplayer2.common.C.DATA_TYPE_MEDIA_INITIALIZATION, com.appsamurai.storyly.exoplayer2.common.C.DATA_TYPE_DRM, com.appsamurai.storyly.exoplayer2.common.C.DATA_TYPE_MANIFEST, com.appsamurai.storyly.exoplayer2.common.C.DATA_TYPE_TIME_SYNCHRONIZATION, com.appsamurai.storyly.exoplayer2.common.C.DATA_TYPE_AD, com.appsamurai.storyly.exoplayer2.common.C.DATA_TYPE_MEDIA_PROGRESSIVE_LIVE}" />
    </annotation>
  </item>
  <item name="com.appsamurai.storyly.exoplayer2.hls.HlsMediaChunk HlsMediaChunk(com.appsamurai.storyly.exoplayer2.hls.HlsExtractorFactory, com.appsamurai.storyly.exoplayer2.datasource.upstream.DataSource, com.appsamurai.storyly.exoplayer2.datasource.upstream.DataSpec, com.appsamurai.storyly.exoplayer2.common.Format, boolean, com.appsamurai.storyly.exoplayer2.datasource.upstream.DataSource, com.appsamurai.storyly.exoplayer2.datasource.upstream.DataSpec, boolean, android.net.Uri, java.util.List&lt;com.appsamurai.storyly.exoplayer2.common.Format&gt;, int, java.lang.Object, long, long, long, int, boolean, int, boolean, boolean, com.appsamurai.storyly.exoplayer2.common.util.TimestampAdjuster, com.appsamurai.storyly.exoplayer2.common.drm.DrmInitData, com.appsamurai.storyly.exoplayer2.hls.HlsMediaChunkExtractor, com.appsamurai.storyly.exoplayer2.extractor.metadata.id3.Id3Decoder, com.appsamurai.storyly.exoplayer2.common.util.ParsableByteArray, boolean, com.appsamurai.storyly.exoplayer2.core.analytics.PlayerId) 10">
    <annotation name="androidx.annotation.IntDef">
      <val name="open" val="true" />
      <val name="value" val="{com.appsamurai.storyly.exoplayer2.common.C.SELECTION_REASON_UNKNOWN, com.appsamurai.storyly.exoplayer2.common.C.SELECTION_REASON_INITIAL, com.appsamurai.storyly.exoplayer2.common.C.SELECTION_REASON_MANUAL, com.appsamurai.storyly.exoplayer2.common.C.SELECTION_REASON_ADAPTIVE, com.appsamurai.storyly.exoplayer2.common.C.SELECTION_REASON_TRICK_PLAY}" />
    </annotation>
  </item>
  <item name="com.appsamurai.storyly.exoplayer2.hls.HlsMediaChunk com.appsamurai.storyly.exoplayer2.hls.HlsMediaChunk createInstance(com.appsamurai.storyly.exoplayer2.hls.HlsExtractorFactory, com.appsamurai.storyly.exoplayer2.datasource.upstream.DataSource, com.appsamurai.storyly.exoplayer2.common.Format, long, com.appsamurai.storyly.exoplayer2.hls.playlist.HlsMediaPlaylist, com.appsamurai.storyly.exoplayer2.hls.HlsChunkSource.SegmentBaseHolder, android.net.Uri, java.util.List&lt;com.appsamurai.storyly.exoplayer2.common.Format&gt;, int, java.lang.Object, boolean, com.appsamurai.storyly.exoplayer2.hls.TimestampAdjusterProvider, com.appsamurai.storyly.exoplayer2.hls.HlsMediaChunk, byte[], byte[], boolean, com.appsamurai.storyly.exoplayer2.core.analytics.PlayerId) 8">
    <annotation name="androidx.annotation.IntDef">
      <val name="open" val="true" />
      <val name="value" val="{com.appsamurai.storyly.exoplayer2.common.C.SELECTION_REASON_UNKNOWN, com.appsamurai.storyly.exoplayer2.common.C.SELECTION_REASON_INITIAL, com.appsamurai.storyly.exoplayer2.common.C.SELECTION_REASON_MANUAL, com.appsamurai.storyly.exoplayer2.common.C.SELECTION_REASON_ADAPTIVE, com.appsamurai.storyly.exoplayer2.common.C.SELECTION_REASON_TRICK_PLAY}" />
    </annotation>
  </item>
  <item name="com.appsamurai.storyly.exoplayer2.hls.HlsMediaPeriod HlsMediaPeriod(com.appsamurai.storyly.exoplayer2.hls.HlsExtractorFactory, com.appsamurai.storyly.exoplayer2.hls.playlist.HlsPlaylistTracker, com.appsamurai.storyly.exoplayer2.hls.HlsDataSourceFactory, com.appsamurai.storyly.exoplayer2.datasource.upstream.TransferListener, com.appsamurai.storyly.exoplayer2.core.drm.DrmSessionManager, com.appsamurai.storyly.exoplayer2.core.drm.DrmSessionEventListener.EventDispatcher, com.appsamurai.storyly.exoplayer2.core.upstream.LoadErrorHandlingPolicy, com.appsamurai.storyly.exoplayer2.core.source.MediaSourceEventListener.EventDispatcher, com.appsamurai.storyly.exoplayer2.core.upstream.Allocator, com.appsamurai.storyly.exoplayer2.core.source.CompositeSequenceableLoaderFactory, boolean, int, boolean, com.appsamurai.storyly.exoplayer2.core.analytics.PlayerId) 11">
    <annotation name="androidx.annotation.IntDef">
      <val name="value" val="{com.appsamurai.storyly.exoplayer2.hls.HlsMediaSource.METADATA_TYPE_ID3, com.appsamurai.storyly.exoplayer2.hls.HlsMediaSource.METADATA_TYPE_EMSG}" />
    </annotation>
  </item>
  <item name="com.appsamurai.storyly.exoplayer2.hls.HlsMediaPeriod com.appsamurai.storyly.exoplayer2.hls.HlsSampleStreamWrapper buildSampleStreamWrapper(java.lang.String, int, android.net.Uri[], com.appsamurai.storyly.exoplayer2.common.Format[], com.appsamurai.storyly.exoplayer2.common.Format, java.util.List&lt;com.appsamurai.storyly.exoplayer2.common.Format&gt;, java.util.Map&lt;java.lang.String,com.appsamurai.storyly.exoplayer2.common.drm.DrmInitData&gt;, long) 1">
    <annotation name="androidx.annotation.IntDef">
      <val name="open" val="true" />
      <val name="value" val="{com.appsamurai.storyly.exoplayer2.common.C.TRACK_TYPE_UNKNOWN, com.appsamurai.storyly.exoplayer2.common.C.TRACK_TYPE_DEFAULT, com.appsamurai.storyly.exoplayer2.common.C.TRACK_TYPE_AUDIO, com.appsamurai.storyly.exoplayer2.common.C.TRACK_TYPE_VIDEO, com.appsamurai.storyly.exoplayer2.common.C.TRACK_TYPE_TEXT, com.appsamurai.storyly.exoplayer2.common.C.TRACK_TYPE_IMAGE, com.appsamurai.storyly.exoplayer2.common.C.TRACK_TYPE_METADATA, com.appsamurai.storyly.exoplayer2.common.C.TRACK_TYPE_CAMERA_MOTION, com.appsamurai.storyly.exoplayer2.common.C.TRACK_TYPE_NONE}" />
    </annotation>
  </item>
  <item name="com.appsamurai.storyly.exoplayer2.hls.HlsMediaPeriod metadataType">
    <annotation name="androidx.annotation.IntDef">
      <val name="value" val="{com.appsamurai.storyly.exoplayer2.hls.HlsMediaSource.METADATA_TYPE_ID3, com.appsamurai.storyly.exoplayer2.hls.HlsMediaSource.METADATA_TYPE_EMSG}" />
    </annotation>
  </item>
  <item name="com.appsamurai.storyly.exoplayer2.hls.HlsMediaSource HlsMediaSource(com.appsamurai.storyly.exoplayer2.common.MediaItem, com.appsamurai.storyly.exoplayer2.hls.HlsDataSourceFactory, com.appsamurai.storyly.exoplayer2.hls.HlsExtractorFactory, com.appsamurai.storyly.exoplayer2.core.source.CompositeSequenceableLoaderFactory, com.appsamurai.storyly.exoplayer2.core.drm.DrmSessionManager, com.appsamurai.storyly.exoplayer2.core.upstream.LoadErrorHandlingPolicy, com.appsamurai.storyly.exoplayer2.hls.playlist.HlsPlaylistTracker, long, boolean, int, boolean) 9">
    <annotation name="androidx.annotation.IntDef">
      <val name="value" val="{com.appsamurai.storyly.exoplayer2.hls.HlsMediaSource.METADATA_TYPE_ID3, com.appsamurai.storyly.exoplayer2.hls.HlsMediaSource.METADATA_TYPE_EMSG}" />
    </annotation>
  </item>
  <item name="com.appsamurai.storyly.exoplayer2.hls.HlsMediaSource metadataType">
    <annotation name="androidx.annotation.IntDef">
      <val name="value" val="{com.appsamurai.storyly.exoplayer2.hls.HlsMediaSource.METADATA_TYPE_ID3, com.appsamurai.storyly.exoplayer2.hls.HlsMediaSource.METADATA_TYPE_EMSG}" />
    </annotation>
  </item>
  <item name="com.appsamurai.storyly.exoplayer2.hls.HlsMediaSource.Factory com.appsamurai.storyly.exoplayer2.hls.HlsMediaSource.Factory setMetadataType(int) 0">
    <annotation name="androidx.annotation.IntDef">
      <val name="value" val="{com.appsamurai.storyly.exoplayer2.hls.HlsMediaSource.METADATA_TYPE_ID3, com.appsamurai.storyly.exoplayer2.hls.HlsMediaSource.METADATA_TYPE_EMSG}" />
    </annotation>
  </item>
  <item name="com.appsamurai.storyly.exoplayer2.hls.HlsMediaSource.Factory metadataType">
    <annotation name="androidx.annotation.IntDef">
      <val name="value" val="{com.appsamurai.storyly.exoplayer2.hls.HlsMediaSource.METADATA_TYPE_ID3, com.appsamurai.storyly.exoplayer2.hls.HlsMediaSource.METADATA_TYPE_EMSG}" />
    </annotation>
  </item>
  <item name="com.appsamurai.storyly.exoplayer2.hls.HlsMediaSource.MetadataType">
    <annotation name="androidx.annotation.IntDef">
      <val name="value" val="{com.appsamurai.storyly.exoplayer2.hls.HlsMediaSource.METADATA_TYPE_ID3, com.appsamurai.storyly.exoplayer2.hls.HlsMediaSource.METADATA_TYPE_EMSG}" />
    </annotation>
  </item>
  <item name="com.appsamurai.storyly.exoplayer2.hls.HlsSampleStream int readData(com.appsamurai.storyly.exoplayer2.core.FormatHolder, com.appsamurai.storyly.exoplayer2.decoder.DecoderInputBuffer, int) 2">
    <annotation name="androidx.annotation.IntDef">
      <val name="flag" val="true" />
      <val name="value" val="{com.appsamurai.storyly.exoplayer2.core.source.SampleStream.FLAG_PEEK, com.appsamurai.storyly.exoplayer2.core.source.SampleStream.FLAG_REQUIRE_FORMAT, com.appsamurai.storyly.exoplayer2.core.source.SampleStream.FLAG_OMIT_SAMPLE_DATA}" />
    </annotation>
  </item>
  <item name="com.appsamurai.storyly.exoplayer2.hls.HlsSampleStreamWrapper HlsSampleStreamWrapper(java.lang.String, int, com.appsamurai.storyly.exoplayer2.hls.HlsSampleStreamWrapper.Callback, com.appsamurai.storyly.exoplayer2.hls.HlsChunkSource, java.util.Map&lt;java.lang.String,com.appsamurai.storyly.exoplayer2.common.drm.DrmInitData&gt;, com.appsamurai.storyly.exoplayer2.core.upstream.Allocator, long, com.appsamurai.storyly.exoplayer2.common.Format, com.appsamurai.storyly.exoplayer2.core.drm.DrmSessionManager, com.appsamurai.storyly.exoplayer2.core.drm.DrmSessionEventListener.EventDispatcher, com.appsamurai.storyly.exoplayer2.core.upstream.LoadErrorHandlingPolicy, com.appsamurai.storyly.exoplayer2.core.source.MediaSourceEventListener.EventDispatcher, int) 1">
    <annotation name="androidx.annotation.IntDef">
      <val name="open" val="true" />
      <val name="value" val="{com.appsamurai.storyly.exoplayer2.common.C.TRACK_TYPE_UNKNOWN, com.appsamurai.storyly.exoplayer2.common.C.TRACK_TYPE_DEFAULT, com.appsamurai.storyly.exoplayer2.common.C.TRACK_TYPE_AUDIO, com.appsamurai.storyly.exoplayer2.common.C.TRACK_TYPE_VIDEO, com.appsamurai.storyly.exoplayer2.common.C.TRACK_TYPE_TEXT, com.appsamurai.storyly.exoplayer2.common.C.TRACK_TYPE_IMAGE, com.appsamurai.storyly.exoplayer2.common.C.TRACK_TYPE_METADATA, com.appsamurai.storyly.exoplayer2.common.C.TRACK_TYPE_CAMERA_MOTION, com.appsamurai.storyly.exoplayer2.common.C.TRACK_TYPE_NONE}" />
    </annotation>
  </item>
  <item name="com.appsamurai.storyly.exoplayer2.hls.HlsSampleStreamWrapper HlsSampleStreamWrapper(java.lang.String, int, com.appsamurai.storyly.exoplayer2.hls.HlsSampleStreamWrapper.Callback, com.appsamurai.storyly.exoplayer2.hls.HlsChunkSource, java.util.Map&lt;java.lang.String,com.appsamurai.storyly.exoplayer2.common.drm.DrmInitData&gt;, com.appsamurai.storyly.exoplayer2.core.upstream.Allocator, long, com.appsamurai.storyly.exoplayer2.common.Format, com.appsamurai.storyly.exoplayer2.core.drm.DrmSessionManager, com.appsamurai.storyly.exoplayer2.core.drm.DrmSessionEventListener.EventDispatcher, com.appsamurai.storyly.exoplayer2.core.upstream.LoadErrorHandlingPolicy, com.appsamurai.storyly.exoplayer2.core.source.MediaSourceEventListener.EventDispatcher, int) 12">
    <annotation name="androidx.annotation.IntDef">
      <val name="value" val="{com.appsamurai.storyly.exoplayer2.hls.HlsMediaSource.METADATA_TYPE_ID3, com.appsamurai.storyly.exoplayer2.hls.HlsMediaSource.METADATA_TYPE_EMSG}" />
    </annotation>
  </item>
  <item name="com.appsamurai.storyly.exoplayer2.hls.HlsSampleStreamWrapper int readData(int, com.appsamurai.storyly.exoplayer2.core.FormatHolder, com.appsamurai.storyly.exoplayer2.decoder.DecoderInputBuffer, int) 3">
    <annotation name="androidx.annotation.IntDef">
      <val name="flag" val="true" />
      <val name="value" val="{com.appsamurai.storyly.exoplayer2.core.source.SampleStream.FLAG_PEEK, com.appsamurai.storyly.exoplayer2.core.source.SampleStream.FLAG_REQUIRE_FORMAT, com.appsamurai.storyly.exoplayer2.core.source.SampleStream.FLAG_OMIT_SAMPLE_DATA}" />
    </annotation>
  </item>
  <item name="com.appsamurai.storyly.exoplayer2.hls.HlsSampleStreamWrapper metadataType">
    <annotation name="androidx.annotation.IntDef">
      <val name="value" val="{com.appsamurai.storyly.exoplayer2.hls.HlsMediaSource.METADATA_TYPE_ID3, com.appsamurai.storyly.exoplayer2.hls.HlsMediaSource.METADATA_TYPE_EMSG}" />
    </annotation>
  </item>
  <item name="com.appsamurai.storyly.exoplayer2.hls.HlsSampleStreamWrapper trackType">
    <annotation name="androidx.annotation.IntDef">
      <val name="open" val="true" />
      <val name="value" val="{com.appsamurai.storyly.exoplayer2.common.C.TRACK_TYPE_UNKNOWN, com.appsamurai.storyly.exoplayer2.common.C.TRACK_TYPE_DEFAULT, com.appsamurai.storyly.exoplayer2.common.C.TRACK_TYPE_AUDIO, com.appsamurai.storyly.exoplayer2.common.C.TRACK_TYPE_VIDEO, com.appsamurai.storyly.exoplayer2.common.C.TRACK_TYPE_TEXT, com.appsamurai.storyly.exoplayer2.common.C.TRACK_TYPE_IMAGE, com.appsamurai.storyly.exoplayer2.common.C.TRACK_TYPE_METADATA, com.appsamurai.storyly.exoplayer2.common.C.TRACK_TYPE_CAMERA_MOTION, com.appsamurai.storyly.exoplayer2.common.C.TRACK_TYPE_NONE}" />
    </annotation>
  </item>
  <item name="com.appsamurai.storyly.exoplayer2.hls.HlsSampleStreamWrapper.EmsgUnwrappingTrackOutput EmsgUnwrappingTrackOutput(com.appsamurai.storyly.exoplayer2.extractor.extractor.TrackOutput, int) 1">
    <annotation name="androidx.annotation.IntDef">
      <val name="value" val="{com.appsamurai.storyly.exoplayer2.hls.HlsMediaSource.METADATA_TYPE_ID3, com.appsamurai.storyly.exoplayer2.hls.HlsMediaSource.METADATA_TYPE_EMSG}" />
    </annotation>
  </item>
  <item name="com.appsamurai.storyly.exoplayer2.hls.HlsSampleStreamWrapper.EmsgUnwrappingTrackOutput int sampleData(com.appsamurai.storyly.exoplayer2.common.upstream.DataReader, int, boolean, int) 3">
    <annotation name="androidx.annotation.IntDef">
      <val name="value" val="{com.appsamurai.storyly.exoplayer2.extractor.extractor.TrackOutput.SAMPLE_DATA_PART_MAIN, com.appsamurai.storyly.exoplayer2.extractor.extractor.TrackOutput.SAMPLE_DATA_PART_ENCRYPTION, com.appsamurai.storyly.exoplayer2.extractor.extractor.TrackOutput.SAMPLE_DATA_PART_SUPPLEMENTAL}" />
    </annotation>
  </item>
  <item name="com.appsamurai.storyly.exoplayer2.hls.HlsSampleStreamWrapper.EmsgUnwrappingTrackOutput void sampleData(com.appsamurai.storyly.exoplayer2.common.util.ParsableByteArray, int, int) 2">
    <annotation name="androidx.annotation.IntDef">
      <val name="value" val="{com.appsamurai.storyly.exoplayer2.extractor.extractor.TrackOutput.SAMPLE_DATA_PART_MAIN, com.appsamurai.storyly.exoplayer2.extractor.extractor.TrackOutput.SAMPLE_DATA_PART_ENCRYPTION, com.appsamurai.storyly.exoplayer2.extractor.extractor.TrackOutput.SAMPLE_DATA_PART_SUPPLEMENTAL}" />
    </annotation>
  </item>
  <item name="com.appsamurai.storyly.exoplayer2.hls.HlsSampleStreamWrapper.EmsgUnwrappingTrackOutput void sampleMetadata(long, int, int, int, com.appsamurai.storyly.exoplayer2.extractor.extractor.TrackOutput.CryptoData) 1">
    <annotation name="androidx.annotation.IntDef">
      <val name="flag" val="true" />
      <val name="value" val="{com.appsamurai.storyly.exoplayer2.common.C.BUFFER_FLAG_KEY_FRAME, com.appsamurai.storyly.exoplayer2.common.C.BUFFER_FLAG_END_OF_STREAM, com.appsamurai.storyly.exoplayer2.common.C.BUFFER_FLAG_FIRST_SAMPLE, com.appsamurai.storyly.exoplayer2.common.C.BUFFER_FLAG_HAS_SUPPLEMENTAL_DATA, com.appsamurai.storyly.exoplayer2.common.C.BUFFER_FLAG_LAST_SAMPLE, com.appsamurai.storyly.exoplayer2.common.C.BUFFER_FLAG_ENCRYPTED, com.appsamurai.storyly.exoplayer2.common.C.BUFFER_FLAG_DECODE_ONLY}" />
    </annotation>
  </item>
  <item name="com.appsamurai.storyly.exoplayer2.hls.HlsSampleStreamWrapper.HlsSampleQueue void sampleMetadata(long, int, int, int, com.appsamurai.storyly.exoplayer2.extractor.extractor.TrackOutput.CryptoData) 1">
    <annotation name="androidx.annotation.IntDef">
      <val name="flag" val="true" />
      <val name="value" val="{com.appsamurai.storyly.exoplayer2.common.C.BUFFER_FLAG_KEY_FRAME, com.appsamurai.storyly.exoplayer2.common.C.BUFFER_FLAG_END_OF_STREAM, com.appsamurai.storyly.exoplayer2.common.C.BUFFER_FLAG_FIRST_SAMPLE, com.appsamurai.storyly.exoplayer2.common.C.BUFFER_FLAG_HAS_SUPPLEMENTAL_DATA, com.appsamurai.storyly.exoplayer2.common.C.BUFFER_FLAG_LAST_SAMPLE, com.appsamurai.storyly.exoplayer2.common.C.BUFFER_FLAG_ENCRYPTED, com.appsamurai.storyly.exoplayer2.common.C.BUFFER_FLAG_DECODE_ONLY}" />
    </annotation>
  </item>
</root>

