<?xml version="1.0" encoding="UTF-8"?>
<root>
  <item name="com.appsamurai.storyly.exoplayer2.extractor.extractor.amr.AmrExtractor AmrExtractor(int) 0">
    <annotation name="androidx.annotation.IntDef">
      <val name="flag" val="true" />
      <val name="value" val="{com.appsamurai.storyly.exoplayer2.extractor.extractor.amr.AmrExtractor.FLAG_ENABLE_CONSTANT_BITRATE_SEEKING, com.appsamurai.storyly.exoplayer2.extractor.extractor.amr.AmrExtractor.FLAG_ENABLE_CONSTANT_BITRATE_SEEKING_ALWAYS}" />
    </annotation>
  </item>
  <item name="com.appsamurai.storyly.exoplayer2.extractor.extractor.amr.AmrExtractor flags">
    <annotation name="androidx.annotation.IntDef">
      <val name="flag" val="true" />
      <val name="value" val="{com.appsamurai.storyly.exoplayer2.extractor.extractor.amr.AmrExtractor.FLAG_ENABLE_CONSTANT_BITRATE_SEEKING, com.appsamurai.storyly.exoplayer2.extractor.extractor.amr.AmrExtractor.FLAG_ENABLE_CONSTANT_BITRATE_SEEKING_ALWAYS}" />
    </annotation>
  </item>
  <item name="com.appsamurai.storyly.exoplayer2.extractor.extractor.amr.AmrExtractor.Flags">
    <annotation name="androidx.annotation.IntDef">
      <val name="flag" val="true" />
      <val name="value" val="{com.appsamurai.storyly.exoplayer2.extractor.extractor.amr.AmrExtractor.FLAG_ENABLE_CONSTANT_BITRATE_SEEKING, com.appsamurai.storyly.exoplayer2.extractor.extractor.amr.AmrExtractor.FLAG_ENABLE_CONSTANT_BITRATE_SEEKING_ALWAYS}" />
    </annotation>
  </item>
</root>

