<?xml version="1.0" encoding="UTF-8"?>
<root>
  <item name="com.appsamurai.storyly.exoplayer2.extractor.audio.AacUtil.AacAudioObjectType">
    <annotation name="androidx.annotation.IntDef">
      <val name="value" val="{com.appsamurai.storyly.exoplayer2.extractor.audio.AacUtil.AUDIO_OBJECT_TYPE_AAC_LC, com.appsamurai.storyly.exoplayer2.extractor.audio.AacUtil.AUDIO_OBJECT_TYPE_AAC_SBR, com.appsamurai.storyly.exoplayer2.extractor.audio.AacUtil.AUDIO_OBJECT_TYPE_AAC_ER_BSAC, com.appsamurai.storyly.exoplayer2.extractor.audio.AacUtil.AUDIO_OBJECT_TYPE_AAC_ELD, com.appsamurai.storyly.exoplayer2.extractor.audio.AacUtil.AUDIO_OBJECT_TYPE_AAC_PS, com.appsamurai.storyly.exoplayer2.extractor.audio.AacUtil.AUDIO_OBJECT_TYPE_AAC_XHE}" />
    </annotation>
  </item>
  <item name="com.appsamurai.storyly.exoplayer2.extractor.audio.Ac3Util.SyncFrameInfo SyncFrameInfo(java.lang.String, int, int, int, int, int) 1">
    <annotation name="androidx.annotation.IntDef">
      <val name="value" val="{com.appsamurai.storyly.exoplayer2.extractor.audio.Ac3Util.SyncFrameInfo.STREAM_TYPE_UNDEFINED, com.appsamurai.storyly.exoplayer2.extractor.audio.Ac3Util.SyncFrameInfo.STREAM_TYPE_TYPE0, com.appsamurai.storyly.exoplayer2.extractor.audio.Ac3Util.SyncFrameInfo.STREAM_TYPE_TYPE1, com.appsamurai.storyly.exoplayer2.extractor.audio.Ac3Util.SyncFrameInfo.STREAM_TYPE_TYPE2}" />
    </annotation>
  </item>
  <item name="com.appsamurai.storyly.exoplayer2.extractor.audio.Ac3Util.SyncFrameInfo streamType">
    <annotation name="androidx.annotation.IntDef">
      <val name="value" val="{com.appsamurai.storyly.exoplayer2.extractor.audio.Ac3Util.SyncFrameInfo.STREAM_TYPE_UNDEFINED, com.appsamurai.storyly.exoplayer2.extractor.audio.Ac3Util.SyncFrameInfo.STREAM_TYPE_TYPE0, com.appsamurai.storyly.exoplayer2.extractor.audio.Ac3Util.SyncFrameInfo.STREAM_TYPE_TYPE1, com.appsamurai.storyly.exoplayer2.extractor.audio.Ac3Util.SyncFrameInfo.STREAM_TYPE_TYPE2}" />
    </annotation>
  </item>
  <item name="com.appsamurai.storyly.exoplayer2.extractor.audio.Ac3Util.SyncFrameInfo.StreamType">
    <annotation name="androidx.annotation.IntDef">
      <val name="value" val="{com.appsamurai.storyly.exoplayer2.extractor.audio.Ac3Util.SyncFrameInfo.STREAM_TYPE_UNDEFINED, com.appsamurai.storyly.exoplayer2.extractor.audio.Ac3Util.SyncFrameInfo.STREAM_TYPE_TYPE0, com.appsamurai.storyly.exoplayer2.extractor.audio.Ac3Util.SyncFrameInfo.STREAM_TYPE_TYPE1, com.appsamurai.storyly.exoplayer2.extractor.audio.Ac3Util.SyncFrameInfo.STREAM_TYPE_TYPE2}" />
    </annotation>
  </item>
  <item name="com.appsamurai.storyly.exoplayer2.extractor.audio.WavUtil int getPcmEncodingForType(int, int)">
    <annotation name="androidx.annotation.IntDef">
      <val name="value" val="{com.appsamurai.storyly.exoplayer2.common.Format.NO_VALUE, com.appsamurai.storyly.exoplayer2.common.C.ENCODING_INVALID, com.appsamurai.storyly.exoplayer2.common.C.ENCODING_PCM_8BIT, com.appsamurai.storyly.exoplayer2.common.C.ENCODING_PCM_16BIT, com.appsamurai.storyly.exoplayer2.common.C.ENCODING_PCM_16BIT_BIG_ENDIAN, com.appsamurai.storyly.exoplayer2.common.C.ENCODING_PCM_24BIT, com.appsamurai.storyly.exoplayer2.common.C.ENCODING_PCM_32BIT, com.appsamurai.storyly.exoplayer2.common.C.ENCODING_PCM_FLOAT}" />
    </annotation>
  </item>
  <item name="com.appsamurai.storyly.exoplayer2.extractor.audio.WavUtil int getTypeForPcmEncoding(int) 0">
    <annotation name="androidx.annotation.IntDef">
      <val name="value" val="{com.appsamurai.storyly.exoplayer2.common.Format.NO_VALUE, com.appsamurai.storyly.exoplayer2.common.C.ENCODING_INVALID, com.appsamurai.storyly.exoplayer2.common.C.ENCODING_PCM_8BIT, com.appsamurai.storyly.exoplayer2.common.C.ENCODING_PCM_16BIT, com.appsamurai.storyly.exoplayer2.common.C.ENCODING_PCM_16BIT_BIG_ENDIAN, com.appsamurai.storyly.exoplayer2.common.C.ENCODING_PCM_24BIT, com.appsamurai.storyly.exoplayer2.common.C.ENCODING_PCM_32BIT, com.appsamurai.storyly.exoplayer2.common.C.ENCODING_PCM_FLOAT}" />
    </annotation>
  </item>
</root>

