<?xml version="1.0" encoding="UTF-8"?>
<root>
  <item name="com.appsamurai.storyly.exoplayer2.core.drm.DefaultDrmSession DefaultDrmSession(java.util.UUID, com.appsamurai.storyly.exoplayer2.core.drm.ExoMediaDrm, com.appsamurai.storyly.exoplayer2.core.drm.DefaultDrmSession.ProvisioningManager, com.appsamurai.storyly.exoplayer2.core.drm.DefaultDrmSession.ReferenceCountListener, java.util.List&lt;com.appsamurai.storyly.exoplayer2.common.drm.DrmInitData.SchemeData&gt;, int, boolean, boolean, byte[], java.util.HashMap&lt;java.lang.String,java.lang.String&gt;, com.appsamurai.storyly.exoplayer2.core.drm.MediaDrmCallback, android.os.Looper, com.appsamurai.storyly.exoplayer2.core.upstream.LoadErrorHandlingPolicy, com.appsamurai.storyly.exoplayer2.core.analytics.PlayerId) 5">
    <annotation name="androidx.annotation.IntDef">
      <val name="value" val="{com.appsamurai.storyly.exoplayer2.core.drm.DefaultDrmSessionManager.MODE_PLAYBACK, com.appsamurai.storyly.exoplayer2.core.drm.DefaultDrmSessionManager.MODE_QUERY, com.appsamurai.storyly.exoplayer2.core.drm.DefaultDrmSessionManager.MODE_DOWNLOAD, com.appsamurai.storyly.exoplayer2.core.drm.DefaultDrmSessionManager.MODE_RELEASE}" />
    </annotation>
  </item>
  <item name="com.appsamurai.storyly.exoplayer2.core.drm.DefaultDrmSession int getState()">
    <annotation name="androidx.annotation.IntDef">
      <val name="value" val="{com.appsamurai.storyly.exoplayer2.core.drm.DrmSession.STATE_RELEASED, com.appsamurai.storyly.exoplayer2.core.drm.DrmSession.STATE_ERROR, com.appsamurai.storyly.exoplayer2.core.drm.DrmSession.STATE_OPENING, com.appsamurai.storyly.exoplayer2.core.drm.DrmSession.STATE_OPENED, com.appsamurai.storyly.exoplayer2.core.drm.DrmSession.STATE_OPENED_WITH_KEYS}" />
    </annotation>
  </item>
  <item name="com.appsamurai.storyly.exoplayer2.core.drm.DefaultDrmSession mode">
    <annotation name="androidx.annotation.IntDef">
      <val name="value" val="{com.appsamurai.storyly.exoplayer2.core.drm.DefaultDrmSessionManager.MODE_PLAYBACK, com.appsamurai.storyly.exoplayer2.core.drm.DefaultDrmSessionManager.MODE_QUERY, com.appsamurai.storyly.exoplayer2.core.drm.DefaultDrmSessionManager.MODE_DOWNLOAD, com.appsamurai.storyly.exoplayer2.core.drm.DefaultDrmSessionManager.MODE_RELEASE}" />
    </annotation>
  </item>
  <item name="com.appsamurai.storyly.exoplayer2.core.drm.DefaultDrmSession state">
    <annotation name="androidx.annotation.IntDef">
      <val name="value" val="{com.appsamurai.storyly.exoplayer2.core.drm.DrmSession.STATE_RELEASED, com.appsamurai.storyly.exoplayer2.core.drm.DrmSession.STATE_ERROR, com.appsamurai.storyly.exoplayer2.core.drm.DrmSession.STATE_OPENING, com.appsamurai.storyly.exoplayer2.core.drm.DrmSession.STATE_OPENED, com.appsamurai.storyly.exoplayer2.core.drm.DrmSession.STATE_OPENED_WITH_KEYS}" />
    </annotation>
  </item>
  <item name="com.appsamurai.storyly.exoplayer2.core.drm.DefaultDrmSession void onError(java.lang.Exception, int) 1">
    <annotation name="androidx.annotation.IntDef">
      <val name="value" val="{com.appsamurai.storyly.exoplayer2.core.drm.DrmUtil.ERROR_SOURCE_EXO_MEDIA_DRM, com.appsamurai.storyly.exoplayer2.core.drm.DrmUtil.ERROR_SOURCE_LICENSE_ACQUISITION, com.appsamurai.storyly.exoplayer2.core.drm.DrmUtil.ERROR_SOURCE_PROVISIONING}" />
    </annotation>
  </item>
  <item name="com.appsamurai.storyly.exoplayer2.core.drm.DefaultDrmSessionManager DefaultDrmSessionManager(java.util.UUID, com.appsamurai.storyly.exoplayer2.core.drm.ExoMediaDrm.Provider, com.appsamurai.storyly.exoplayer2.core.drm.MediaDrmCallback, java.util.HashMap&lt;java.lang.String,java.lang.String&gt;, boolean, int[], boolean, com.appsamurai.storyly.exoplayer2.core.upstream.LoadErrorHandlingPolicy, long) 5">
    <annotation name="androidx.annotation.IntDef">
      <val name="open" val="true" />
      <val name="value" val="{com.appsamurai.storyly.exoplayer2.common.C.TRACK_TYPE_UNKNOWN, com.appsamurai.storyly.exoplayer2.common.C.TRACK_TYPE_DEFAULT, com.appsamurai.storyly.exoplayer2.common.C.TRACK_TYPE_AUDIO, com.appsamurai.storyly.exoplayer2.common.C.TRACK_TYPE_VIDEO, com.appsamurai.storyly.exoplayer2.common.C.TRACK_TYPE_TEXT, com.appsamurai.storyly.exoplayer2.common.C.TRACK_TYPE_IMAGE, com.appsamurai.storyly.exoplayer2.common.C.TRACK_TYPE_METADATA, com.appsamurai.storyly.exoplayer2.common.C.TRACK_TYPE_CAMERA_MOTION, com.appsamurai.storyly.exoplayer2.common.C.TRACK_TYPE_NONE}" />
    </annotation>
  </item>
  <item name="com.appsamurai.storyly.exoplayer2.core.drm.DefaultDrmSessionManager int getCryptoType(com.appsamurai.storyly.exoplayer2.common.Format)">
    <annotation name="androidx.annotation.IntDef">
      <val name="open" val="true" />
      <val name="value" val="{com.appsamurai.storyly.exoplayer2.common.C.CRYPTO_TYPE_UNSUPPORTED, com.appsamurai.storyly.exoplayer2.common.C.CRYPTO_TYPE_NONE, com.appsamurai.storyly.exoplayer2.common.C.CRYPTO_TYPE_FRAMEWORK}" />
    </annotation>
  </item>
  <item name="com.appsamurai.storyly.exoplayer2.core.drm.DefaultDrmSessionManager useDrmSessionsForClearContentTrackTypes">
    <annotation name="androidx.annotation.IntDef">
      <val name="open" val="true" />
      <val name="value" val="{com.appsamurai.storyly.exoplayer2.common.C.TRACK_TYPE_UNKNOWN, com.appsamurai.storyly.exoplayer2.common.C.TRACK_TYPE_DEFAULT, com.appsamurai.storyly.exoplayer2.common.C.TRACK_TYPE_AUDIO, com.appsamurai.storyly.exoplayer2.common.C.TRACK_TYPE_VIDEO, com.appsamurai.storyly.exoplayer2.common.C.TRACK_TYPE_TEXT, com.appsamurai.storyly.exoplayer2.common.C.TRACK_TYPE_IMAGE, com.appsamurai.storyly.exoplayer2.common.C.TRACK_TYPE_METADATA, com.appsamurai.storyly.exoplayer2.common.C.TRACK_TYPE_CAMERA_MOTION, com.appsamurai.storyly.exoplayer2.common.C.TRACK_TYPE_NONE}" />
    </annotation>
  </item>
  <item name="com.appsamurai.storyly.exoplayer2.core.drm.DefaultDrmSessionManager void setMode(int, byte[]) 0">
    <annotation name="androidx.annotation.IntDef">
      <val name="value" val="{com.appsamurai.storyly.exoplayer2.core.drm.DefaultDrmSessionManager.MODE_PLAYBACK, com.appsamurai.storyly.exoplayer2.core.drm.DefaultDrmSessionManager.MODE_QUERY, com.appsamurai.storyly.exoplayer2.core.drm.DefaultDrmSessionManager.MODE_DOWNLOAD, com.appsamurai.storyly.exoplayer2.core.drm.DefaultDrmSessionManager.MODE_RELEASE}" />
    </annotation>
  </item>
  <item name="com.appsamurai.storyly.exoplayer2.core.drm.DefaultDrmSessionManager.Builder com.appsamurai.storyly.exoplayer2.core.drm.DefaultDrmSessionManager.Builder setUseDrmSessionsForClearContent(int...) 0">
    <annotation name="androidx.annotation.IntDef">
      <val name="open" val="true" />
      <val name="value" val="{com.appsamurai.storyly.exoplayer2.common.C.TRACK_TYPE_UNKNOWN, com.appsamurai.storyly.exoplayer2.common.C.TRACK_TYPE_DEFAULT, com.appsamurai.storyly.exoplayer2.common.C.TRACK_TYPE_AUDIO, com.appsamurai.storyly.exoplayer2.common.C.TRACK_TYPE_VIDEO, com.appsamurai.storyly.exoplayer2.common.C.TRACK_TYPE_TEXT, com.appsamurai.storyly.exoplayer2.common.C.TRACK_TYPE_IMAGE, com.appsamurai.storyly.exoplayer2.common.C.TRACK_TYPE_METADATA, com.appsamurai.storyly.exoplayer2.common.C.TRACK_TYPE_CAMERA_MOTION, com.appsamurai.storyly.exoplayer2.common.C.TRACK_TYPE_NONE}" />
    </annotation>
  </item>
  <item name="com.appsamurai.storyly.exoplayer2.core.drm.DefaultDrmSessionManager.Builder useDrmSessionsForClearContentTrackTypes">
    <annotation name="androidx.annotation.IntDef">
      <val name="open" val="true" />
      <val name="value" val="{com.appsamurai.storyly.exoplayer2.common.C.TRACK_TYPE_UNKNOWN, com.appsamurai.storyly.exoplayer2.common.C.TRACK_TYPE_DEFAULT, com.appsamurai.storyly.exoplayer2.common.C.TRACK_TYPE_AUDIO, com.appsamurai.storyly.exoplayer2.common.C.TRACK_TYPE_VIDEO, com.appsamurai.storyly.exoplayer2.common.C.TRACK_TYPE_TEXT, com.appsamurai.storyly.exoplayer2.common.C.TRACK_TYPE_IMAGE, com.appsamurai.storyly.exoplayer2.common.C.TRACK_TYPE_METADATA, com.appsamurai.storyly.exoplayer2.common.C.TRACK_TYPE_CAMERA_MOTION, com.appsamurai.storyly.exoplayer2.common.C.TRACK_TYPE_NONE}" />
    </annotation>
  </item>
  <item name="com.appsamurai.storyly.exoplayer2.core.drm.DefaultDrmSessionManager.Mode">
    <annotation name="androidx.annotation.IntDef">
      <val name="value" val="{com.appsamurai.storyly.exoplayer2.core.drm.DefaultDrmSessionManager.MODE_PLAYBACK, com.appsamurai.storyly.exoplayer2.core.drm.DefaultDrmSessionManager.MODE_QUERY, com.appsamurai.storyly.exoplayer2.core.drm.DefaultDrmSessionManager.MODE_DOWNLOAD, com.appsamurai.storyly.exoplayer2.core.drm.DefaultDrmSessionManager.MODE_RELEASE}" />
    </annotation>
  </item>
  <item name="com.appsamurai.storyly.exoplayer2.core.drm.DrmSession int getState()">
    <annotation name="androidx.annotation.IntDef">
      <val name="value" val="{com.appsamurai.storyly.exoplayer2.core.drm.DrmSession.STATE_RELEASED, com.appsamurai.storyly.exoplayer2.core.drm.DrmSession.STATE_ERROR, com.appsamurai.storyly.exoplayer2.core.drm.DrmSession.STATE_OPENING, com.appsamurai.storyly.exoplayer2.core.drm.DrmSession.STATE_OPENED, com.appsamurai.storyly.exoplayer2.core.drm.DrmSession.STATE_OPENED_WITH_KEYS}" />
    </annotation>
  </item>
  <item name="com.appsamurai.storyly.exoplayer2.core.drm.DrmSession.DrmSessionException DrmSessionException(java.lang.Throwable, int) 1">
    <annotation name="androidx.annotation.IntDef">
      <val name="open" val="true" />
      <val name="value" val="{com.appsamurai.storyly.exoplayer2.common.PlaybackException.ERROR_CODE_UNSPECIFIED, com.appsamurai.storyly.exoplayer2.common.PlaybackException.ERROR_CODE_REMOTE_ERROR, com.appsamurai.storyly.exoplayer2.common.PlaybackException.ERROR_CODE_BEHIND_LIVE_WINDOW, com.appsamurai.storyly.exoplayer2.common.PlaybackException.ERROR_CODE_TIMEOUT, com.appsamurai.storyly.exoplayer2.common.PlaybackException.ERROR_CODE_FAILED_RUNTIME_CHECK, com.appsamurai.storyly.exoplayer2.common.PlaybackException.ERROR_CODE_IO_UNSPECIFIED, com.appsamurai.storyly.exoplayer2.common.PlaybackException.ERROR_CODE_IO_NETWORK_CONNECTION_FAILED, com.appsamurai.storyly.exoplayer2.common.PlaybackException.ERROR_CODE_IO_NETWORK_CONNECTION_TIMEOUT, com.appsamurai.storyly.exoplayer2.common.PlaybackException.ERROR_CODE_IO_INVALID_HTTP_CONTENT_TYPE, com.appsamurai.storyly.exoplayer2.common.PlaybackException.ERROR_CODE_IO_BAD_HTTP_STATUS, com.appsamurai.storyly.exoplayer2.common.PlaybackException.ERROR_CODE_IO_FILE_NOT_FOUND, com.appsamurai.storyly.exoplayer2.common.PlaybackException.ERROR_CODE_IO_NO_PERMISSION, com.appsamurai.storyly.exoplayer2.common.PlaybackException.ERROR_CODE_IO_CLEARTEXT_NOT_PERMITTED, com.appsamurai.storyly.exoplayer2.common.PlaybackException.ERROR_CODE_IO_READ_POSITION_OUT_OF_RANGE, com.appsamurai.storyly.exoplayer2.common.PlaybackException.ERROR_CODE_PARSING_CONTAINER_MALFORMED, com.appsamurai.storyly.exoplayer2.common.PlaybackException.ERROR_CODE_PARSING_MANIFEST_MALFORMED, com.appsamurai.storyly.exoplayer2.common.PlaybackException.ERROR_CODE_PARSING_CONTAINER_UNSUPPORTED, com.appsamurai.storyly.exoplayer2.common.PlaybackException.ERROR_CODE_PARSING_MANIFEST_UNSUPPORTED, com.appsamurai.storyly.exoplayer2.common.PlaybackException.ERROR_CODE_DECODER_INIT_FAILED, com.appsamurai.storyly.exoplayer2.common.PlaybackException.ERROR_CODE_DECODER_QUERY_FAILED, com.appsamurai.storyly.exoplayer2.common.PlaybackException.ERROR_CODE_DECODING_FAILED, com.appsamurai.storyly.exoplayer2.common.PlaybackException.ERROR_CODE_DECODING_FORMAT_EXCEEDS_CAPABILITIES, com.appsamurai.storyly.exoplayer2.common.PlaybackException.ERROR_CODE_DECODING_FORMAT_UNSUPPORTED, com.appsamurai.storyly.exoplayer2.common.PlaybackException.ERROR_CODE_AUDIO_TRACK_INIT_FAILED, com.appsamurai.storyly.exoplayer2.common.PlaybackException.ERROR_CODE_AUDIO_TRACK_WRITE_FAILED, com.appsamurai.storyly.exoplayer2.common.PlaybackException.ERROR_CODE_DRM_UNSPECIFIED, com.appsamurai.storyly.exoplayer2.common.PlaybackException.ERROR_CODE_DRM_SCHEME_UNSUPPORTED, com.appsamurai.storyly.exoplayer2.common.PlaybackException.ERROR_CODE_DRM_PROVISIONING_FAILED, com.appsamurai.storyly.exoplayer2.common.PlaybackException.ERROR_CODE_DRM_CONTENT_ERROR, com.appsamurai.storyly.exoplayer2.common.PlaybackException.ERROR_CODE_DRM_LICENSE_ACQUISITION_FAILED, com.appsamurai.storyly.exoplayer2.common.PlaybackException.ERROR_CODE_DRM_DISALLOWED_OPERATION, com.appsamurai.storyly.exoplayer2.common.PlaybackException.ERROR_CODE_DRM_SYSTEM_ERROR, com.appsamurai.storyly.exoplayer2.common.PlaybackException.ERROR_CODE_DRM_DEVICE_REVOKED, com.appsamurai.storyly.exoplayer2.common.PlaybackException.ERROR_CODE_DRM_LICENSE_EXPIRED}" />
    </annotation>
  </item>
  <item name="com.appsamurai.storyly.exoplayer2.core.drm.DrmSession.DrmSessionException errorCode">
    <annotation name="androidx.annotation.IntDef">
      <val name="open" val="true" />
      <val name="value" val="{com.appsamurai.storyly.exoplayer2.common.PlaybackException.ERROR_CODE_UNSPECIFIED, com.appsamurai.storyly.exoplayer2.common.PlaybackException.ERROR_CODE_REMOTE_ERROR, com.appsamurai.storyly.exoplayer2.common.PlaybackException.ERROR_CODE_BEHIND_LIVE_WINDOW, com.appsamurai.storyly.exoplayer2.common.PlaybackException.ERROR_CODE_TIMEOUT, com.appsamurai.storyly.exoplayer2.common.PlaybackException.ERROR_CODE_FAILED_RUNTIME_CHECK, com.appsamurai.storyly.exoplayer2.common.PlaybackException.ERROR_CODE_IO_UNSPECIFIED, com.appsamurai.storyly.exoplayer2.common.PlaybackException.ERROR_CODE_IO_NETWORK_CONNECTION_FAILED, com.appsamurai.storyly.exoplayer2.common.PlaybackException.ERROR_CODE_IO_NETWORK_CONNECTION_TIMEOUT, com.appsamurai.storyly.exoplayer2.common.PlaybackException.ERROR_CODE_IO_INVALID_HTTP_CONTENT_TYPE, com.appsamurai.storyly.exoplayer2.common.PlaybackException.ERROR_CODE_IO_BAD_HTTP_STATUS, com.appsamurai.storyly.exoplayer2.common.PlaybackException.ERROR_CODE_IO_FILE_NOT_FOUND, com.appsamurai.storyly.exoplayer2.common.PlaybackException.ERROR_CODE_IO_NO_PERMISSION, com.appsamurai.storyly.exoplayer2.common.PlaybackException.ERROR_CODE_IO_CLEARTEXT_NOT_PERMITTED, com.appsamurai.storyly.exoplayer2.common.PlaybackException.ERROR_CODE_IO_READ_POSITION_OUT_OF_RANGE, com.appsamurai.storyly.exoplayer2.common.PlaybackException.ERROR_CODE_PARSING_CONTAINER_MALFORMED, com.appsamurai.storyly.exoplayer2.common.PlaybackException.ERROR_CODE_PARSING_MANIFEST_MALFORMED, com.appsamurai.storyly.exoplayer2.common.PlaybackException.ERROR_CODE_PARSING_CONTAINER_UNSUPPORTED, com.appsamurai.storyly.exoplayer2.common.PlaybackException.ERROR_CODE_PARSING_MANIFEST_UNSUPPORTED, com.appsamurai.storyly.exoplayer2.common.PlaybackException.ERROR_CODE_DECODER_INIT_FAILED, com.appsamurai.storyly.exoplayer2.common.PlaybackException.ERROR_CODE_DECODER_QUERY_FAILED, com.appsamurai.storyly.exoplayer2.common.PlaybackException.ERROR_CODE_DECODING_FAILED, com.appsamurai.storyly.exoplayer2.common.PlaybackException.ERROR_CODE_DECODING_FORMAT_EXCEEDS_CAPABILITIES, com.appsamurai.storyly.exoplayer2.common.PlaybackException.ERROR_CODE_DECODING_FORMAT_UNSUPPORTED, com.appsamurai.storyly.exoplayer2.common.PlaybackException.ERROR_CODE_AUDIO_TRACK_INIT_FAILED, com.appsamurai.storyly.exoplayer2.common.PlaybackException.ERROR_CODE_AUDIO_TRACK_WRITE_FAILED, com.appsamurai.storyly.exoplayer2.common.PlaybackException.ERROR_CODE_DRM_UNSPECIFIED, com.appsamurai.storyly.exoplayer2.common.PlaybackException.ERROR_CODE_DRM_SCHEME_UNSUPPORTED, com.appsamurai.storyly.exoplayer2.common.PlaybackException.ERROR_CODE_DRM_PROVISIONING_FAILED, com.appsamurai.storyly.exoplayer2.common.PlaybackException.ERROR_CODE_DRM_CONTENT_ERROR, com.appsamurai.storyly.exoplayer2.common.PlaybackException.ERROR_CODE_DRM_LICENSE_ACQUISITION_FAILED, com.appsamurai.storyly.exoplayer2.common.PlaybackException.ERROR_CODE_DRM_DISALLOWED_OPERATION, com.appsamurai.storyly.exoplayer2.common.PlaybackException.ERROR_CODE_DRM_SYSTEM_ERROR, com.appsamurai.storyly.exoplayer2.common.PlaybackException.ERROR_CODE_DRM_DEVICE_REVOKED, com.appsamurai.storyly.exoplayer2.common.PlaybackException.ERROR_CODE_DRM_LICENSE_EXPIRED}" />
    </annotation>
  </item>
  <item name="com.appsamurai.storyly.exoplayer2.core.drm.DrmSession.State">
    <annotation name="androidx.annotation.IntDef">
      <val name="value" val="{com.appsamurai.storyly.exoplayer2.core.drm.DrmSession.STATE_RELEASED, com.appsamurai.storyly.exoplayer2.core.drm.DrmSession.STATE_ERROR, com.appsamurai.storyly.exoplayer2.core.drm.DrmSession.STATE_OPENING, com.appsamurai.storyly.exoplayer2.core.drm.DrmSession.STATE_OPENED, com.appsamurai.storyly.exoplayer2.core.drm.DrmSession.STATE_OPENED_WITH_KEYS}" />
    </annotation>
  </item>
  <item name="com.appsamurai.storyly.exoplayer2.core.drm.DrmSessionEventListener void onDrmSessionAcquired(int, com.appsamurai.storyly.exoplayer2.core.source.MediaSource.MediaPeriodId, int) 2">
    <annotation name="androidx.annotation.IntDef">
      <val name="value" val="{com.appsamurai.storyly.exoplayer2.core.drm.DrmSession.STATE_RELEASED, com.appsamurai.storyly.exoplayer2.core.drm.DrmSession.STATE_ERROR, com.appsamurai.storyly.exoplayer2.core.drm.DrmSession.STATE_OPENING, com.appsamurai.storyly.exoplayer2.core.drm.DrmSession.STATE_OPENED, com.appsamurai.storyly.exoplayer2.core.drm.DrmSession.STATE_OPENED_WITH_KEYS}" />
    </annotation>
  </item>
  <item name="com.appsamurai.storyly.exoplayer2.core.drm.DrmSessionEventListener.EventDispatcher void drmSessionAcquired(int) 0">
    <annotation name="androidx.annotation.IntDef">
      <val name="value" val="{com.appsamurai.storyly.exoplayer2.core.drm.DrmSession.STATE_RELEASED, com.appsamurai.storyly.exoplayer2.core.drm.DrmSession.STATE_ERROR, com.appsamurai.storyly.exoplayer2.core.drm.DrmSession.STATE_OPENING, com.appsamurai.storyly.exoplayer2.core.drm.DrmSession.STATE_OPENED, com.appsamurai.storyly.exoplayer2.core.drm.DrmSession.STATE_OPENED_WITH_KEYS}" />
    </annotation>
  </item>
  <item name="com.appsamurai.storyly.exoplayer2.core.drm.DrmSessionManager int getCryptoType(com.appsamurai.storyly.exoplayer2.common.Format)">
    <annotation name="androidx.annotation.IntDef">
      <val name="open" val="true" />
      <val name="value" val="{com.appsamurai.storyly.exoplayer2.common.C.CRYPTO_TYPE_UNSUPPORTED, com.appsamurai.storyly.exoplayer2.common.C.CRYPTO_TYPE_NONE, com.appsamurai.storyly.exoplayer2.common.C.CRYPTO_TYPE_FRAMEWORK}" />
    </annotation>
  </item>
  <item name="com.appsamurai.storyly.exoplayer2.core.drm.DrmUtil int getErrorCodeForMediaDrmException(java.lang.Exception, int)">
    <annotation name="androidx.annotation.IntDef">
      <val name="open" val="true" />
      <val name="value" val="{com.appsamurai.storyly.exoplayer2.common.PlaybackException.ERROR_CODE_UNSPECIFIED, com.appsamurai.storyly.exoplayer2.common.PlaybackException.ERROR_CODE_REMOTE_ERROR, com.appsamurai.storyly.exoplayer2.common.PlaybackException.ERROR_CODE_BEHIND_LIVE_WINDOW, com.appsamurai.storyly.exoplayer2.common.PlaybackException.ERROR_CODE_TIMEOUT, com.appsamurai.storyly.exoplayer2.common.PlaybackException.ERROR_CODE_FAILED_RUNTIME_CHECK, com.appsamurai.storyly.exoplayer2.common.PlaybackException.ERROR_CODE_IO_UNSPECIFIED, com.appsamurai.storyly.exoplayer2.common.PlaybackException.ERROR_CODE_IO_NETWORK_CONNECTION_FAILED, com.appsamurai.storyly.exoplayer2.common.PlaybackException.ERROR_CODE_IO_NETWORK_CONNECTION_TIMEOUT, com.appsamurai.storyly.exoplayer2.common.PlaybackException.ERROR_CODE_IO_INVALID_HTTP_CONTENT_TYPE, com.appsamurai.storyly.exoplayer2.common.PlaybackException.ERROR_CODE_IO_BAD_HTTP_STATUS, com.appsamurai.storyly.exoplayer2.common.PlaybackException.ERROR_CODE_IO_FILE_NOT_FOUND, com.appsamurai.storyly.exoplayer2.common.PlaybackException.ERROR_CODE_IO_NO_PERMISSION, com.appsamurai.storyly.exoplayer2.common.PlaybackException.ERROR_CODE_IO_CLEARTEXT_NOT_PERMITTED, com.appsamurai.storyly.exoplayer2.common.PlaybackException.ERROR_CODE_IO_READ_POSITION_OUT_OF_RANGE, com.appsamurai.storyly.exoplayer2.common.PlaybackException.ERROR_CODE_PARSING_CONTAINER_MALFORMED, com.appsamurai.storyly.exoplayer2.common.PlaybackException.ERROR_CODE_PARSING_MANIFEST_MALFORMED, com.appsamurai.storyly.exoplayer2.common.PlaybackException.ERROR_CODE_PARSING_CONTAINER_UNSUPPORTED, com.appsamurai.storyly.exoplayer2.common.PlaybackException.ERROR_CODE_PARSING_MANIFEST_UNSUPPORTED, com.appsamurai.storyly.exoplayer2.common.PlaybackException.ERROR_CODE_DECODER_INIT_FAILED, com.appsamurai.storyly.exoplayer2.common.PlaybackException.ERROR_CODE_DECODER_QUERY_FAILED, com.appsamurai.storyly.exoplayer2.common.PlaybackException.ERROR_CODE_DECODING_FAILED, com.appsamurai.storyly.exoplayer2.common.PlaybackException.ERROR_CODE_DECODING_FORMAT_EXCEEDS_CAPABILITIES, com.appsamurai.storyly.exoplayer2.common.PlaybackException.ERROR_CODE_DECODING_FORMAT_UNSUPPORTED, com.appsamurai.storyly.exoplayer2.common.PlaybackException.ERROR_CODE_AUDIO_TRACK_INIT_FAILED, com.appsamurai.storyly.exoplayer2.common.PlaybackException.ERROR_CODE_AUDIO_TRACK_WRITE_FAILED, com.appsamurai.storyly.exoplayer2.common.PlaybackException.ERROR_CODE_DRM_UNSPECIFIED, com.appsamurai.storyly.exoplayer2.common.PlaybackException.ERROR_CODE_DRM_SCHEME_UNSUPPORTED, com.appsamurai.storyly.exoplayer2.common.PlaybackException.ERROR_CODE_DRM_PROVISIONING_FAILED, com.appsamurai.storyly.exoplayer2.common.PlaybackException.ERROR_CODE_DRM_CONTENT_ERROR, com.appsamurai.storyly.exoplayer2.common.PlaybackException.ERROR_CODE_DRM_LICENSE_ACQUISITION_FAILED, com.appsamurai.storyly.exoplayer2.common.PlaybackException.ERROR_CODE_DRM_DISALLOWED_OPERATION, com.appsamurai.storyly.exoplayer2.common.PlaybackException.ERROR_CODE_DRM_SYSTEM_ERROR, com.appsamurai.storyly.exoplayer2.common.PlaybackException.ERROR_CODE_DRM_DEVICE_REVOKED, com.appsamurai.storyly.exoplayer2.common.PlaybackException.ERROR_CODE_DRM_LICENSE_EXPIRED}" />
    </annotation>
  </item>
  <item name="com.appsamurai.storyly.exoplayer2.core.drm.DrmUtil int getErrorCodeForMediaDrmException(java.lang.Exception, int) 1">
    <annotation name="androidx.annotation.IntDef">
      <val name="value" val="{com.appsamurai.storyly.exoplayer2.core.drm.DrmUtil.ERROR_SOURCE_EXO_MEDIA_DRM, com.appsamurai.storyly.exoplayer2.core.drm.DrmUtil.ERROR_SOURCE_LICENSE_ACQUISITION, com.appsamurai.storyly.exoplayer2.core.drm.DrmUtil.ERROR_SOURCE_PROVISIONING}" />
    </annotation>
  </item>
  <item name="com.appsamurai.storyly.exoplayer2.core.drm.DrmUtil.Api21 int mediaDrmStateExceptionToErrorCode(java.lang.Throwable)">
    <annotation name="androidx.annotation.IntDef">
      <val name="open" val="true" />
      <val name="value" val="{com.appsamurai.storyly.exoplayer2.common.PlaybackException.ERROR_CODE_UNSPECIFIED, com.appsamurai.storyly.exoplayer2.common.PlaybackException.ERROR_CODE_REMOTE_ERROR, com.appsamurai.storyly.exoplayer2.common.PlaybackException.ERROR_CODE_BEHIND_LIVE_WINDOW, com.appsamurai.storyly.exoplayer2.common.PlaybackException.ERROR_CODE_TIMEOUT, com.appsamurai.storyly.exoplayer2.common.PlaybackException.ERROR_CODE_FAILED_RUNTIME_CHECK, com.appsamurai.storyly.exoplayer2.common.PlaybackException.ERROR_CODE_IO_UNSPECIFIED, com.appsamurai.storyly.exoplayer2.common.PlaybackException.ERROR_CODE_IO_NETWORK_CONNECTION_FAILED, com.appsamurai.storyly.exoplayer2.common.PlaybackException.ERROR_CODE_IO_NETWORK_CONNECTION_TIMEOUT, com.appsamurai.storyly.exoplayer2.common.PlaybackException.ERROR_CODE_IO_INVALID_HTTP_CONTENT_TYPE, com.appsamurai.storyly.exoplayer2.common.PlaybackException.ERROR_CODE_IO_BAD_HTTP_STATUS, com.appsamurai.storyly.exoplayer2.common.PlaybackException.ERROR_CODE_IO_FILE_NOT_FOUND, com.appsamurai.storyly.exoplayer2.common.PlaybackException.ERROR_CODE_IO_NO_PERMISSION, com.appsamurai.storyly.exoplayer2.common.PlaybackException.ERROR_CODE_IO_CLEARTEXT_NOT_PERMITTED, com.appsamurai.storyly.exoplayer2.common.PlaybackException.ERROR_CODE_IO_READ_POSITION_OUT_OF_RANGE, com.appsamurai.storyly.exoplayer2.common.PlaybackException.ERROR_CODE_PARSING_CONTAINER_MALFORMED, com.appsamurai.storyly.exoplayer2.common.PlaybackException.ERROR_CODE_PARSING_MANIFEST_MALFORMED, com.appsamurai.storyly.exoplayer2.common.PlaybackException.ERROR_CODE_PARSING_CONTAINER_UNSUPPORTED, com.appsamurai.storyly.exoplayer2.common.PlaybackException.ERROR_CODE_PARSING_MANIFEST_UNSUPPORTED, com.appsamurai.storyly.exoplayer2.common.PlaybackException.ERROR_CODE_DECODER_INIT_FAILED, com.appsamurai.storyly.exoplayer2.common.PlaybackException.ERROR_CODE_DECODER_QUERY_FAILED, com.appsamurai.storyly.exoplayer2.common.PlaybackException.ERROR_CODE_DECODING_FAILED, com.appsamurai.storyly.exoplayer2.common.PlaybackException.ERROR_CODE_DECODING_FORMAT_EXCEEDS_CAPABILITIES, com.appsamurai.storyly.exoplayer2.common.PlaybackException.ERROR_CODE_DECODING_FORMAT_UNSUPPORTED, com.appsamurai.storyly.exoplayer2.common.PlaybackException.ERROR_CODE_AUDIO_TRACK_INIT_FAILED, com.appsamurai.storyly.exoplayer2.common.PlaybackException.ERROR_CODE_AUDIO_TRACK_WRITE_FAILED, com.appsamurai.storyly.exoplayer2.common.PlaybackException.ERROR_CODE_DRM_UNSPECIFIED, com.appsamurai.storyly.exoplayer2.common.PlaybackException.ERROR_CODE_DRM_SCHEME_UNSUPPORTED, com.appsamurai.storyly.exoplayer2.common.PlaybackException.ERROR_CODE_DRM_PROVISIONING_FAILED, com.appsamurai.storyly.exoplayer2.common.PlaybackException.ERROR_CODE_DRM_CONTENT_ERROR, com.appsamurai.storyly.exoplayer2.common.PlaybackException.ERROR_CODE_DRM_LICENSE_ACQUISITION_FAILED, com.appsamurai.storyly.exoplayer2.common.PlaybackException.ERROR_CODE_DRM_DISALLOWED_OPERATION, com.appsamurai.storyly.exoplayer2.common.PlaybackException.ERROR_CODE_DRM_SYSTEM_ERROR, com.appsamurai.storyly.exoplayer2.common.PlaybackException.ERROR_CODE_DRM_DEVICE_REVOKED, com.appsamurai.storyly.exoplayer2.common.PlaybackException.ERROR_CODE_DRM_LICENSE_EXPIRED}" />
    </annotation>
  </item>
  <item name="com.appsamurai.storyly.exoplayer2.core.drm.DrmUtil.ErrorSource">
    <annotation name="androidx.annotation.IntDef">
      <val name="value" val="{com.appsamurai.storyly.exoplayer2.core.drm.DrmUtil.ERROR_SOURCE_EXO_MEDIA_DRM, com.appsamurai.storyly.exoplayer2.core.drm.DrmUtil.ERROR_SOURCE_LICENSE_ACQUISITION, com.appsamurai.storyly.exoplayer2.core.drm.DrmUtil.ERROR_SOURCE_PROVISIONING}" />
    </annotation>
  </item>
  <item name="com.appsamurai.storyly.exoplayer2.core.drm.DummyExoMediaDrm int getCryptoType()">
    <annotation name="androidx.annotation.IntDef">
      <val name="open" val="true" />
      <val name="value" val="{com.appsamurai.storyly.exoplayer2.common.C.CRYPTO_TYPE_UNSUPPORTED, com.appsamurai.storyly.exoplayer2.common.C.CRYPTO_TYPE_NONE, com.appsamurai.storyly.exoplayer2.common.C.CRYPTO_TYPE_FRAMEWORK}" />
    </annotation>
  </item>
  <item name="com.appsamurai.storyly.exoplayer2.core.drm.ExoMediaDrm int getCryptoType()">
    <annotation name="androidx.annotation.IntDef">
      <val name="open" val="true" />
      <val name="value" val="{com.appsamurai.storyly.exoplayer2.common.C.CRYPTO_TYPE_UNSUPPORTED, com.appsamurai.storyly.exoplayer2.common.C.CRYPTO_TYPE_NONE, com.appsamurai.storyly.exoplayer2.common.C.CRYPTO_TYPE_FRAMEWORK}" />
    </annotation>
  </item>
  <item name="com.appsamurai.storyly.exoplayer2.core.drm.ExoMediaDrm.KeyRequest KeyRequest(byte[], java.lang.String, int) 2">
    <annotation name="androidx.annotation.IntDef">
      <val name="value" val="{com.appsamurai.storyly.exoplayer2.core.drm.ExoMediaDrm.KeyRequest.REQUEST_TYPE_UNKNOWN, com.appsamurai.storyly.exoplayer2.core.drm.ExoMediaDrm.KeyRequest.REQUEST_TYPE_INITIAL, com.appsamurai.storyly.exoplayer2.core.drm.ExoMediaDrm.KeyRequest.REQUEST_TYPE_RENEWAL, com.appsamurai.storyly.exoplayer2.core.drm.ExoMediaDrm.KeyRequest.REQUEST_TYPE_RELEASE, com.appsamurai.storyly.exoplayer2.core.drm.ExoMediaDrm.KeyRequest.REQUEST_TYPE_NONE, com.appsamurai.storyly.exoplayer2.core.drm.ExoMediaDrm.KeyRequest.REQUEST_TYPE_UPDATE}" />
    </annotation>
  </item>
  <item name="com.appsamurai.storyly.exoplayer2.core.drm.ExoMediaDrm.KeyRequest int getRequestType()">
    <annotation name="androidx.annotation.IntDef">
      <val name="value" val="{com.appsamurai.storyly.exoplayer2.core.drm.ExoMediaDrm.KeyRequest.REQUEST_TYPE_UNKNOWN, com.appsamurai.storyly.exoplayer2.core.drm.ExoMediaDrm.KeyRequest.REQUEST_TYPE_INITIAL, com.appsamurai.storyly.exoplayer2.core.drm.ExoMediaDrm.KeyRequest.REQUEST_TYPE_RENEWAL, com.appsamurai.storyly.exoplayer2.core.drm.ExoMediaDrm.KeyRequest.REQUEST_TYPE_RELEASE, com.appsamurai.storyly.exoplayer2.core.drm.ExoMediaDrm.KeyRequest.REQUEST_TYPE_NONE, com.appsamurai.storyly.exoplayer2.core.drm.ExoMediaDrm.KeyRequest.REQUEST_TYPE_UPDATE}" />
    </annotation>
  </item>
  <item name="com.appsamurai.storyly.exoplayer2.core.drm.ExoMediaDrm.KeyRequest requestType">
    <annotation name="androidx.annotation.IntDef">
      <val name="value" val="{com.appsamurai.storyly.exoplayer2.core.drm.ExoMediaDrm.KeyRequest.REQUEST_TYPE_UNKNOWN, com.appsamurai.storyly.exoplayer2.core.drm.ExoMediaDrm.KeyRequest.REQUEST_TYPE_INITIAL, com.appsamurai.storyly.exoplayer2.core.drm.ExoMediaDrm.KeyRequest.REQUEST_TYPE_RENEWAL, com.appsamurai.storyly.exoplayer2.core.drm.ExoMediaDrm.KeyRequest.REQUEST_TYPE_RELEASE, com.appsamurai.storyly.exoplayer2.core.drm.ExoMediaDrm.KeyRequest.REQUEST_TYPE_NONE, com.appsamurai.storyly.exoplayer2.core.drm.ExoMediaDrm.KeyRequest.REQUEST_TYPE_UPDATE}" />
    </annotation>
  </item>
  <item name="com.appsamurai.storyly.exoplayer2.core.drm.ExoMediaDrm.KeyRequest.RequestType">
    <annotation name="androidx.annotation.IntDef">
      <val name="value" val="{com.appsamurai.storyly.exoplayer2.core.drm.ExoMediaDrm.KeyRequest.REQUEST_TYPE_UNKNOWN, com.appsamurai.storyly.exoplayer2.core.drm.ExoMediaDrm.KeyRequest.REQUEST_TYPE_INITIAL, com.appsamurai.storyly.exoplayer2.core.drm.ExoMediaDrm.KeyRequest.REQUEST_TYPE_RENEWAL, com.appsamurai.storyly.exoplayer2.core.drm.ExoMediaDrm.KeyRequest.REQUEST_TYPE_RELEASE, com.appsamurai.storyly.exoplayer2.core.drm.ExoMediaDrm.KeyRequest.REQUEST_TYPE_NONE, com.appsamurai.storyly.exoplayer2.core.drm.ExoMediaDrm.KeyRequest.REQUEST_TYPE_UPDATE}" />
    </annotation>
  </item>
  <item name="com.appsamurai.storyly.exoplayer2.core.drm.FrameworkMediaDrm int getCryptoType()">
    <annotation name="androidx.annotation.IntDef">
      <val name="open" val="true" />
      <val name="value" val="{com.appsamurai.storyly.exoplayer2.common.C.CRYPTO_TYPE_UNSUPPORTED, com.appsamurai.storyly.exoplayer2.common.C.CRYPTO_TYPE_NONE, com.appsamurai.storyly.exoplayer2.common.C.CRYPTO_TYPE_FRAMEWORK}" />
    </annotation>
  </item>
  <item name="com.appsamurai.storyly.exoplayer2.core.drm.OfflineLicenseHelper byte[] blockingKeyRequest(int, byte[], com.appsamurai.storyly.exoplayer2.common.Format) 0">
    <annotation name="androidx.annotation.IntDef">
      <val name="value" val="{com.appsamurai.storyly.exoplayer2.core.drm.DefaultDrmSessionManager.MODE_PLAYBACK, com.appsamurai.storyly.exoplayer2.core.drm.DefaultDrmSessionManager.MODE_QUERY, com.appsamurai.storyly.exoplayer2.core.drm.DefaultDrmSessionManager.MODE_DOWNLOAD, com.appsamurai.storyly.exoplayer2.core.drm.DefaultDrmSessionManager.MODE_RELEASE}" />
    </annotation>
  </item>
  <item name="com.appsamurai.storyly.exoplayer2.core.drm.OfflineLicenseHelper com.appsamurai.storyly.exoplayer2.core.drm.DrmSession openBlockingKeyRequest(int, byte[], com.appsamurai.storyly.exoplayer2.common.Format) 0">
    <annotation name="androidx.annotation.IntDef">
      <val name="value" val="{com.appsamurai.storyly.exoplayer2.core.drm.DefaultDrmSessionManager.MODE_PLAYBACK, com.appsamurai.storyly.exoplayer2.core.drm.DefaultDrmSessionManager.MODE_QUERY, com.appsamurai.storyly.exoplayer2.core.drm.DefaultDrmSessionManager.MODE_DOWNLOAD, com.appsamurai.storyly.exoplayer2.core.drm.DefaultDrmSessionManager.MODE_RELEASE}" />
    </annotation>
  </item>
  <item name="com.appsamurai.storyly.exoplayer2.core.drm.UnsupportedDrmException UnsupportedDrmException(int) 0">
    <annotation name="androidx.annotation.IntDef">
      <val name="value" val="{com.appsamurai.storyly.exoplayer2.core.drm.UnsupportedDrmException.REASON_UNSUPPORTED_SCHEME, com.appsamurai.storyly.exoplayer2.core.drm.UnsupportedDrmException.REASON_INSTANTIATION_ERROR}" />
    </annotation>
  </item>
  <item name="com.appsamurai.storyly.exoplayer2.core.drm.UnsupportedDrmException UnsupportedDrmException(int, java.lang.Exception) 0">
    <annotation name="androidx.annotation.IntDef">
      <val name="value" val="{com.appsamurai.storyly.exoplayer2.core.drm.UnsupportedDrmException.REASON_UNSUPPORTED_SCHEME, com.appsamurai.storyly.exoplayer2.core.drm.UnsupportedDrmException.REASON_INSTANTIATION_ERROR}" />
    </annotation>
  </item>
  <item name="com.appsamurai.storyly.exoplayer2.core.drm.UnsupportedDrmException reason">
    <annotation name="androidx.annotation.IntDef">
      <val name="value" val="{com.appsamurai.storyly.exoplayer2.core.drm.UnsupportedDrmException.REASON_UNSUPPORTED_SCHEME, com.appsamurai.storyly.exoplayer2.core.drm.UnsupportedDrmException.REASON_INSTANTIATION_ERROR}" />
    </annotation>
  </item>
  <item name="com.appsamurai.storyly.exoplayer2.core.drm.UnsupportedDrmException.Reason">
    <annotation name="androidx.annotation.IntDef">
      <val name="value" val="{com.appsamurai.storyly.exoplayer2.core.drm.UnsupportedDrmException.REASON_UNSUPPORTED_SCHEME, com.appsamurai.storyly.exoplayer2.core.drm.UnsupportedDrmException.REASON_INSTANTIATION_ERROR}" />
    </annotation>
  </item>
</root>

