<?xml version="1.0" encoding="UTF-8"?>
<root>
  <item name="com.appsamurai.storyly.exoplayer2.core.video.DecoderVideoRenderer decoderReinitializationState">
    <annotation name="androidx.annotation.IntDef">
      <val name="value" val="{com.appsamurai.storyly.exoplayer2.core.video.DecoderVideoRenderer.REINITIALIZATION_STATE_NONE, com.appsamurai.storyly.exoplayer2.core.video.DecoderVideoRenderer.REINITIALIZATION_STATE_SIGNAL_END_OF_STREAM, com.appsamurai.storyly.exoplayer2.core.video.DecoderVideoRenderer.REINITIALIZATION_STATE_WAIT_END_OF_STREAM}" />
    </annotation>
  </item>
  <item name="com.appsamurai.storyly.exoplayer2.core.video.DecoderVideoRenderer outputMode">
    <annotation name="androidx.annotation.IntDef">
      <val name="value" val="{com.appsamurai.storyly.exoplayer2.common.C.VIDEO_OUTPUT_MODE_NONE, com.appsamurai.storyly.exoplayer2.common.C.VIDEO_OUTPUT_MODE_YUV, com.appsamurai.storyly.exoplayer2.common.C.VIDEO_OUTPUT_MODE_SURFACE_YUV}" />
    </annotation>
  </item>
  <item name="com.appsamurai.storyly.exoplayer2.core.video.DecoderVideoRenderer void handleMessage(int, java.lang.Object) 0">
    <annotation name="androidx.annotation.IntDef">
      <val name="open" val="true" />
      <val name="value" val="{com.appsamurai.storyly.exoplayer2.core.Renderer.MSG_SET_VIDEO_OUTPUT, com.appsamurai.storyly.exoplayer2.core.Renderer.MSG_SET_VOLUME, com.appsamurai.storyly.exoplayer2.core.Renderer.MSG_SET_AUDIO_ATTRIBUTES, com.appsamurai.storyly.exoplayer2.core.Renderer.MSG_SET_SCALING_MODE, com.appsamurai.storyly.exoplayer2.core.Renderer.MSG_SET_CHANGE_FRAME_RATE_STRATEGY, com.appsamurai.storyly.exoplayer2.core.Renderer.MSG_SET_AUX_EFFECT_INFO, com.appsamurai.storyly.exoplayer2.core.Renderer.MSG_SET_VIDEO_FRAME_METADATA_LISTENER, com.appsamurai.storyly.exoplayer2.core.Renderer.MSG_SET_CAMERA_MOTION_LISTENER, com.appsamurai.storyly.exoplayer2.core.Renderer.MSG_SET_SKIP_SILENCE_ENABLED, com.appsamurai.storyly.exoplayer2.core.Renderer.MSG_SET_AUDIO_SESSION_ID, com.appsamurai.storyly.exoplayer2.core.Renderer.MSG_SET_WAKEUP_LISTENER}" />
    </annotation>
  </item>
  <item name="com.appsamurai.storyly.exoplayer2.core.video.DecoderVideoRenderer void setDecoderOutputMode(int) 0">
    <annotation name="androidx.annotation.IntDef">
      <val name="value" val="{com.appsamurai.storyly.exoplayer2.common.C.VIDEO_OUTPUT_MODE_NONE, com.appsamurai.storyly.exoplayer2.common.C.VIDEO_OUTPUT_MODE_YUV, com.appsamurai.storyly.exoplayer2.common.C.VIDEO_OUTPUT_MODE_SURFACE_YUV}" />
    </annotation>
  </item>
  <item name="com.appsamurai.storyly.exoplayer2.core.video.MediaCodecVideoRenderer int supportsFormat(com.appsamurai.storyly.exoplayer2.core.mediacodec.MediaCodecSelector, com.appsamurai.storyly.exoplayer2.common.Format)">
  </item>
  <item name="com.appsamurai.storyly.exoplayer2.core.video.MediaCodecVideoRenderer scalingMode">
    <annotation name="androidx.annotation.IntDef">
      <val name="value" val="{com.appsamurai.storyly.exoplayer2.common.C.VIDEO_SCALING_MODE_SCALE_TO_FIT, com.appsamurai.storyly.exoplayer2.common.C.VIDEO_SCALING_MODE_SCALE_TO_FIT_WITH_CROPPING, com.appsamurai.storyly.exoplayer2.common.C.VIDEO_SCALING_MODE_DEFAULT}" />
    </annotation>
  </item>
  <item name="com.appsamurai.storyly.exoplayer2.core.video.MediaCodecVideoRenderer void handleMessage(int, java.lang.Object) 0">
    <annotation name="androidx.annotation.IntDef">
      <val name="open" val="true" />
      <val name="value" val="{com.appsamurai.storyly.exoplayer2.core.Renderer.MSG_SET_VIDEO_OUTPUT, com.appsamurai.storyly.exoplayer2.core.Renderer.MSG_SET_VOLUME, com.appsamurai.storyly.exoplayer2.core.Renderer.MSG_SET_AUDIO_ATTRIBUTES, com.appsamurai.storyly.exoplayer2.core.Renderer.MSG_SET_SCALING_MODE, com.appsamurai.storyly.exoplayer2.core.Renderer.MSG_SET_CHANGE_FRAME_RATE_STRATEGY, com.appsamurai.storyly.exoplayer2.core.Renderer.MSG_SET_AUX_EFFECT_INFO, com.appsamurai.storyly.exoplayer2.core.Renderer.MSG_SET_VIDEO_FRAME_METADATA_LISTENER, com.appsamurai.storyly.exoplayer2.core.Renderer.MSG_SET_CAMERA_MOTION_LISTENER, com.appsamurai.storyly.exoplayer2.core.Renderer.MSG_SET_SKIP_SILENCE_ENABLED, com.appsamurai.storyly.exoplayer2.core.Renderer.MSG_SET_AUDIO_SESSION_ID, com.appsamurai.storyly.exoplayer2.core.Renderer.MSG_SET_WAKEUP_LISTENER}" />
    </annotation>
  </item>
  <item name="com.appsamurai.storyly.exoplayer2.core.video.PlaceholderSurface int getSecureMode(android.content.Context)">
    <annotation name="androidx.annotation.IntDef">
      <val name="value" val="{com.appsamurai.storyly.exoplayer2.common.util.EGLSurfaceTexture.SECURE_MODE_NONE, com.appsamurai.storyly.exoplayer2.common.util.EGLSurfaceTexture.SECURE_MODE_SURFACELESS_CONTEXT, com.appsamurai.storyly.exoplayer2.common.util.EGLSurfaceTexture.SECURE_MODE_PROTECTED_PBUFFER}" />
    </annotation>
  </item>
  <item name="com.appsamurai.storyly.exoplayer2.core.video.PlaceholderSurface secureMode">
    <annotation name="androidx.annotation.IntDef">
      <val name="value" val="{com.appsamurai.storyly.exoplayer2.common.util.EGLSurfaceTexture.SECURE_MODE_NONE, com.appsamurai.storyly.exoplayer2.common.util.EGLSurfaceTexture.SECURE_MODE_SURFACELESS_CONTEXT, com.appsamurai.storyly.exoplayer2.common.util.EGLSurfaceTexture.SECURE_MODE_PROTECTED_PBUFFER}" />
    </annotation>
  </item>
  <item name="com.appsamurai.storyly.exoplayer2.core.video.PlaceholderSurface.PlaceholderSurfaceThread com.appsamurai.storyly.exoplayer2.core.video.PlaceholderSurface init(int) 0">
    <annotation name="androidx.annotation.IntDef">
      <val name="value" val="{com.appsamurai.storyly.exoplayer2.common.util.EGLSurfaceTexture.SECURE_MODE_NONE, com.appsamurai.storyly.exoplayer2.common.util.EGLSurfaceTexture.SECURE_MODE_SURFACELESS_CONTEXT, com.appsamurai.storyly.exoplayer2.common.util.EGLSurfaceTexture.SECURE_MODE_PROTECTED_PBUFFER}" />
    </annotation>
  </item>
  <item name="com.appsamurai.storyly.exoplayer2.core.video.PlaceholderSurface.PlaceholderSurfaceThread void initInternal(int) 0">
    <annotation name="androidx.annotation.IntDef">
      <val name="value" val="{com.appsamurai.storyly.exoplayer2.common.util.EGLSurfaceTexture.SECURE_MODE_NONE, com.appsamurai.storyly.exoplayer2.common.util.EGLSurfaceTexture.SECURE_MODE_SURFACELESS_CONTEXT, com.appsamurai.storyly.exoplayer2.common.util.EGLSurfaceTexture.SECURE_MODE_PROTECTED_PBUFFER}" />
    </annotation>
  </item>
  <item name="com.appsamurai.storyly.exoplayer2.core.video.VideoFrameReleaseHelper changeFrameRateStrategy">
    <annotation name="androidx.annotation.IntDef">
      <val name="value" val="{com.appsamurai.storyly.exoplayer2.common.C.VIDEO_CHANGE_FRAME_RATE_STRATEGY_OFF, com.appsamurai.storyly.exoplayer2.common.C.VIDEO_CHANGE_FRAME_RATE_STRATEGY_ONLY_IF_SEAMLESS}" />
    </annotation>
  </item>
  <item name="com.appsamurai.storyly.exoplayer2.core.video.VideoFrameReleaseHelper void setChangeFrameRateStrategy(int) 0">
    <annotation name="androidx.annotation.IntDef">
      <val name="value" val="{com.appsamurai.storyly.exoplayer2.common.C.VIDEO_CHANGE_FRAME_RATE_STRATEGY_OFF, com.appsamurai.storyly.exoplayer2.common.C.VIDEO_CHANGE_FRAME_RATE_STRATEGY_ONLY_IF_SEAMLESS}" />
    </annotation>
  </item>
</root>

