<?xml version="1.0" encoding="UTF-8"?>
<root>
  <item name="com.appsamurai.storyly.exoplayer2.extractor.extractor.jpeg.JpegExtractor int read(com.appsamurai.storyly.exoplayer2.extractor.extractor.ExtractorInput, com.appsamurai.storyly.exoplayer2.extractor.extractor.PositionHolder)">
    <annotation name="androidx.annotation.IntDef">
      <val name="value" val="{com.appsamurai.storyly.exoplayer2.extractor.extractor.Extractor.RESULT_CONTINUE, com.appsamurai.storyly.exoplayer2.extractor.extractor.Extractor.RESULT_SEEK, com.appsamurai.storyly.exoplayer2.extractor.extractor.Extractor.RESULT_END_OF_INPUT}" />
    </annotation>
  </item>
  <item name="com.appsamurai.storyly.exoplayer2.extractor.extractor.jpeg.JpegExtractor state">
    <annotation name="androidx.annotation.IntDef">
      <val name="value" val="{com.appsamurai.storyly.exoplayer2.extractor.extractor.jpeg.JpegExtractor.STATE_READING_MARKER, com.appsamurai.storyly.exoplayer2.extractor.extractor.jpeg.JpegExtractor.STATE_READING_SEGMENT_LENGTH, com.appsamurai.storyly.exoplayer2.extractor.extractor.jpeg.JpegExtractor.STATE_READING_SEGMENT, com.appsamurai.storyly.exoplayer2.extractor.extractor.jpeg.JpegExtractor.STATE_SNIFFING_MOTION_PHOTO_VIDEO, com.appsamurai.storyly.exoplayer2.extractor.extractor.jpeg.JpegExtractor.STATE_READING_MOTION_PHOTO_VIDEO, com.appsamurai.storyly.exoplayer2.extractor.extractor.jpeg.JpegExtractor.STATE_ENDED}" />
    </annotation>
  </item>
</root>

