<?xml version="1.0" encoding="UTF-8"?>
<root>
  <item name="com.appsamurai.storyly.exoplayer2.core.source.chunk.BaseMediaChunk BaseMediaChunk(com.appsamurai.storyly.exoplayer2.datasource.upstream.DataSource, com.appsamurai.storyly.exoplayer2.datasource.upstream.DataSpec, com.appsamurai.storyly.exoplayer2.common.Format, int, java.lang.Object, long, long, long, long, long) 3">
    <annotation name="androidx.annotation.IntDef">
      <val name="open" val="true" />
      <val name="value" val="{com.appsamurai.storyly.exoplayer2.common.C.SELECTION_REASON_UNKNOWN, com.appsamurai.storyly.exoplayer2.common.C.SELECTION_REASON_INITIAL, com.appsamurai.storyly.exoplayer2.common.C.SELECTION_REASON_MANUAL, com.appsamurai.storyly.exoplayer2.common.C.SELECTION_REASON_ADAPTIVE, com.appsamurai.storyly.exoplayer2.common.C.SELECTION_REASON_TRICK_PLAY}" />
    </annotation>
  </item>
  <item name="com.appsamurai.storyly.exoplayer2.core.source.chunk.BaseMediaChunkOutput com.appsamurai.storyly.exoplayer2.extractor.extractor.TrackOutput track(int, int) 1">
    <annotation name="androidx.annotation.IntDef">
      <val name="open" val="true" />
      <val name="value" val="{com.appsamurai.storyly.exoplayer2.common.C.TRACK_TYPE_UNKNOWN, com.appsamurai.storyly.exoplayer2.common.C.TRACK_TYPE_DEFAULT, com.appsamurai.storyly.exoplayer2.common.C.TRACK_TYPE_AUDIO, com.appsamurai.storyly.exoplayer2.common.C.TRACK_TYPE_VIDEO, com.appsamurai.storyly.exoplayer2.common.C.TRACK_TYPE_TEXT, com.appsamurai.storyly.exoplayer2.common.C.TRACK_TYPE_IMAGE, com.appsamurai.storyly.exoplayer2.common.C.TRACK_TYPE_METADATA, com.appsamurai.storyly.exoplayer2.common.C.TRACK_TYPE_CAMERA_MOTION, com.appsamurai.storyly.exoplayer2.common.C.TRACK_TYPE_NONE}" />
    </annotation>
  </item>
  <item name="com.appsamurai.storyly.exoplayer2.core.source.chunk.BaseMediaChunkOutput trackTypes">
    <annotation name="androidx.annotation.IntDef">
      <val name="open" val="true" />
      <val name="value" val="{com.appsamurai.storyly.exoplayer2.common.C.TRACK_TYPE_UNKNOWN, com.appsamurai.storyly.exoplayer2.common.C.TRACK_TYPE_DEFAULT, com.appsamurai.storyly.exoplayer2.common.C.TRACK_TYPE_AUDIO, com.appsamurai.storyly.exoplayer2.common.C.TRACK_TYPE_VIDEO, com.appsamurai.storyly.exoplayer2.common.C.TRACK_TYPE_TEXT, com.appsamurai.storyly.exoplayer2.common.C.TRACK_TYPE_IMAGE, com.appsamurai.storyly.exoplayer2.common.C.TRACK_TYPE_METADATA, com.appsamurai.storyly.exoplayer2.common.C.TRACK_TYPE_CAMERA_MOTION, com.appsamurai.storyly.exoplayer2.common.C.TRACK_TYPE_NONE}" />
    </annotation>
  </item>
  <item name="com.appsamurai.storyly.exoplayer2.core.source.chunk.BundledChunkExtractor BundledChunkExtractor(com.appsamurai.storyly.exoplayer2.extractor.extractor.Extractor, int, com.appsamurai.storyly.exoplayer2.common.Format) 1">
    <annotation name="androidx.annotation.IntDef">
      <val name="open" val="true" />
      <val name="value" val="{com.appsamurai.storyly.exoplayer2.common.C.TRACK_TYPE_UNKNOWN, com.appsamurai.storyly.exoplayer2.common.C.TRACK_TYPE_DEFAULT, com.appsamurai.storyly.exoplayer2.common.C.TRACK_TYPE_AUDIO, com.appsamurai.storyly.exoplayer2.common.C.TRACK_TYPE_VIDEO, com.appsamurai.storyly.exoplayer2.common.C.TRACK_TYPE_TEXT, com.appsamurai.storyly.exoplayer2.common.C.TRACK_TYPE_IMAGE, com.appsamurai.storyly.exoplayer2.common.C.TRACK_TYPE_METADATA, com.appsamurai.storyly.exoplayer2.common.C.TRACK_TYPE_CAMERA_MOTION, com.appsamurai.storyly.exoplayer2.common.C.TRACK_TYPE_NONE}" />
    </annotation>
  </item>
  <item name="com.appsamurai.storyly.exoplayer2.core.source.chunk.BundledChunkExtractor primaryTrackType">
    <annotation name="androidx.annotation.IntDef">
      <val name="open" val="true" />
      <val name="value" val="{com.appsamurai.storyly.exoplayer2.common.C.TRACK_TYPE_UNKNOWN, com.appsamurai.storyly.exoplayer2.common.C.TRACK_TYPE_DEFAULT, com.appsamurai.storyly.exoplayer2.common.C.TRACK_TYPE_AUDIO, com.appsamurai.storyly.exoplayer2.common.C.TRACK_TYPE_VIDEO, com.appsamurai.storyly.exoplayer2.common.C.TRACK_TYPE_TEXT, com.appsamurai.storyly.exoplayer2.common.C.TRACK_TYPE_IMAGE, com.appsamurai.storyly.exoplayer2.common.C.TRACK_TYPE_METADATA, com.appsamurai.storyly.exoplayer2.common.C.TRACK_TYPE_CAMERA_MOTION, com.appsamurai.storyly.exoplayer2.common.C.TRACK_TYPE_NONE}" />
    </annotation>
  </item>
  <item name="com.appsamurai.storyly.exoplayer2.core.source.chunk.BundledChunkExtractor.BindingTrackOutput int sampleData(com.appsamurai.storyly.exoplayer2.common.upstream.DataReader, int, boolean, int) 3">
    <annotation name="androidx.annotation.IntDef">
      <val name="value" val="{com.appsamurai.storyly.exoplayer2.extractor.extractor.TrackOutput.SAMPLE_DATA_PART_MAIN, com.appsamurai.storyly.exoplayer2.extractor.extractor.TrackOutput.SAMPLE_DATA_PART_ENCRYPTION, com.appsamurai.storyly.exoplayer2.extractor.extractor.TrackOutput.SAMPLE_DATA_PART_SUPPLEMENTAL}" />
    </annotation>
  </item>
  <item name="com.appsamurai.storyly.exoplayer2.core.source.chunk.BundledChunkExtractor.BindingTrackOutput void sampleData(com.appsamurai.storyly.exoplayer2.common.util.ParsableByteArray, int, int) 2">
    <annotation name="androidx.annotation.IntDef">
      <val name="value" val="{com.appsamurai.storyly.exoplayer2.extractor.extractor.TrackOutput.SAMPLE_DATA_PART_MAIN, com.appsamurai.storyly.exoplayer2.extractor.extractor.TrackOutput.SAMPLE_DATA_PART_ENCRYPTION, com.appsamurai.storyly.exoplayer2.extractor.extractor.TrackOutput.SAMPLE_DATA_PART_SUPPLEMENTAL}" />
    </annotation>
  </item>
  <item name="com.appsamurai.storyly.exoplayer2.core.source.chunk.BundledChunkExtractor.BindingTrackOutput void sampleMetadata(long, int, int, int, com.appsamurai.storyly.exoplayer2.extractor.extractor.TrackOutput.CryptoData) 1">
    <annotation name="androidx.annotation.IntDef">
      <val name="flag" val="true" />
      <val name="value" val="{com.appsamurai.storyly.exoplayer2.common.C.BUFFER_FLAG_KEY_FRAME, com.appsamurai.storyly.exoplayer2.common.C.BUFFER_FLAG_END_OF_STREAM, com.appsamurai.storyly.exoplayer2.common.C.BUFFER_FLAG_FIRST_SAMPLE, com.appsamurai.storyly.exoplayer2.common.C.BUFFER_FLAG_HAS_SUPPLEMENTAL_DATA, com.appsamurai.storyly.exoplayer2.common.C.BUFFER_FLAG_LAST_SAMPLE, com.appsamurai.storyly.exoplayer2.common.C.BUFFER_FLAG_ENCRYPTED, com.appsamurai.storyly.exoplayer2.common.C.BUFFER_FLAG_DECODE_ONLY}" />
    </annotation>
  </item>
  <item name="com.appsamurai.storyly.exoplayer2.core.source.chunk.Chunk Chunk(com.appsamurai.storyly.exoplayer2.datasource.upstream.DataSource, com.appsamurai.storyly.exoplayer2.datasource.upstream.DataSpec, int, com.appsamurai.storyly.exoplayer2.common.Format, int, java.lang.Object, long, long) 2">
    <annotation name="androidx.annotation.IntDef">
      <val name="open" val="true" />
      <val name="value" val="{com.appsamurai.storyly.exoplayer2.common.C.DATA_TYPE_UNKNOWN, com.appsamurai.storyly.exoplayer2.common.C.DATA_TYPE_MEDIA, com.appsamurai.storyly.exoplayer2.common.C.DATA_TYPE_MEDIA_INITIALIZATION, com.appsamurai.storyly.exoplayer2.common.C.DATA_TYPE_DRM, com.appsamurai.storyly.exoplayer2.common.C.DATA_TYPE_MANIFEST, com.appsamurai.storyly.exoplayer2.common.C.DATA_TYPE_TIME_SYNCHRONIZATION, com.appsamurai.storyly.exoplayer2.common.C.DATA_TYPE_AD, com.appsamurai.storyly.exoplayer2.common.C.DATA_TYPE_MEDIA_PROGRESSIVE_LIVE}" />
    </annotation>
  </item>
  <item name="com.appsamurai.storyly.exoplayer2.core.source.chunk.Chunk Chunk(com.appsamurai.storyly.exoplayer2.datasource.upstream.DataSource, com.appsamurai.storyly.exoplayer2.datasource.upstream.DataSpec, int, com.appsamurai.storyly.exoplayer2.common.Format, int, java.lang.Object, long, long) 4">
    <annotation name="androidx.annotation.IntDef">
      <val name="open" val="true" />
      <val name="value" val="{com.appsamurai.storyly.exoplayer2.common.C.SELECTION_REASON_UNKNOWN, com.appsamurai.storyly.exoplayer2.common.C.SELECTION_REASON_INITIAL, com.appsamurai.storyly.exoplayer2.common.C.SELECTION_REASON_MANUAL, com.appsamurai.storyly.exoplayer2.common.C.SELECTION_REASON_ADAPTIVE, com.appsamurai.storyly.exoplayer2.common.C.SELECTION_REASON_TRICK_PLAY}" />
    </annotation>
  </item>
  <item name="com.appsamurai.storyly.exoplayer2.core.source.chunk.Chunk trackSelectionReason">
    <annotation name="androidx.annotation.IntDef">
      <val name="open" val="true" />
      <val name="value" val="{com.appsamurai.storyly.exoplayer2.common.C.SELECTION_REASON_UNKNOWN, com.appsamurai.storyly.exoplayer2.common.C.SELECTION_REASON_INITIAL, com.appsamurai.storyly.exoplayer2.common.C.SELECTION_REASON_MANUAL, com.appsamurai.storyly.exoplayer2.common.C.SELECTION_REASON_ADAPTIVE, com.appsamurai.storyly.exoplayer2.common.C.SELECTION_REASON_TRICK_PLAY}" />
    </annotation>
  </item>
  <item name="com.appsamurai.storyly.exoplayer2.core.source.chunk.Chunk type">
    <annotation name="androidx.annotation.IntDef">
      <val name="open" val="true" />
      <val name="value" val="{com.appsamurai.storyly.exoplayer2.common.C.DATA_TYPE_UNKNOWN, com.appsamurai.storyly.exoplayer2.common.C.DATA_TYPE_MEDIA, com.appsamurai.storyly.exoplayer2.common.C.DATA_TYPE_MEDIA_INITIALIZATION, com.appsamurai.storyly.exoplayer2.common.C.DATA_TYPE_DRM, com.appsamurai.storyly.exoplayer2.common.C.DATA_TYPE_MANIFEST, com.appsamurai.storyly.exoplayer2.common.C.DATA_TYPE_TIME_SYNCHRONIZATION, com.appsamurai.storyly.exoplayer2.common.C.DATA_TYPE_AD, com.appsamurai.storyly.exoplayer2.common.C.DATA_TYPE_MEDIA_PROGRESSIVE_LIVE}" />
    </annotation>
  </item>
  <item name="com.appsamurai.storyly.exoplayer2.core.source.chunk.ChunkExtractor.Factory com.appsamurai.storyly.exoplayer2.core.source.chunk.ChunkExtractor createProgressiveMediaExtractor(int, com.appsamurai.storyly.exoplayer2.common.Format, boolean, java.util.List&lt;com.appsamurai.storyly.exoplayer2.common.Format&gt;, com.appsamurai.storyly.exoplayer2.extractor.extractor.TrackOutput, com.appsamurai.storyly.exoplayer2.core.analytics.PlayerId) 0">
    <annotation name="androidx.annotation.IntDef">
      <val name="open" val="true" />
      <val name="value" val="{com.appsamurai.storyly.exoplayer2.common.C.TRACK_TYPE_UNKNOWN, com.appsamurai.storyly.exoplayer2.common.C.TRACK_TYPE_DEFAULT, com.appsamurai.storyly.exoplayer2.common.C.TRACK_TYPE_AUDIO, com.appsamurai.storyly.exoplayer2.common.C.TRACK_TYPE_VIDEO, com.appsamurai.storyly.exoplayer2.common.C.TRACK_TYPE_TEXT, com.appsamurai.storyly.exoplayer2.common.C.TRACK_TYPE_IMAGE, com.appsamurai.storyly.exoplayer2.common.C.TRACK_TYPE_METADATA, com.appsamurai.storyly.exoplayer2.common.C.TRACK_TYPE_CAMERA_MOTION, com.appsamurai.storyly.exoplayer2.common.C.TRACK_TYPE_NONE}" />
    </annotation>
  </item>
  <item name="com.appsamurai.storyly.exoplayer2.core.source.chunk.ChunkExtractor.TrackOutputProvider com.appsamurai.storyly.exoplayer2.extractor.extractor.TrackOutput track(int, int) 1">
    <annotation name="androidx.annotation.IntDef">
      <val name="open" val="true" />
      <val name="value" val="{com.appsamurai.storyly.exoplayer2.common.C.TRACK_TYPE_UNKNOWN, com.appsamurai.storyly.exoplayer2.common.C.TRACK_TYPE_DEFAULT, com.appsamurai.storyly.exoplayer2.common.C.TRACK_TYPE_AUDIO, com.appsamurai.storyly.exoplayer2.common.C.TRACK_TYPE_VIDEO, com.appsamurai.storyly.exoplayer2.common.C.TRACK_TYPE_TEXT, com.appsamurai.storyly.exoplayer2.common.C.TRACK_TYPE_IMAGE, com.appsamurai.storyly.exoplayer2.common.C.TRACK_TYPE_METADATA, com.appsamurai.storyly.exoplayer2.common.C.TRACK_TYPE_CAMERA_MOTION, com.appsamurai.storyly.exoplayer2.common.C.TRACK_TYPE_NONE}" />
    </annotation>
  </item>
  <item name="com.appsamurai.storyly.exoplayer2.core.source.chunk.ChunkSampleStream ChunkSampleStream(int, int[], com.appsamurai.storyly.exoplayer2.common.Format[], T, com.appsamurai.storyly.exoplayer2.core.source.SequenceableLoader.Callback&lt;com.appsamurai.storyly.exoplayer2.core.source.chunk.ChunkSampleStream&lt;T&gt;&gt;, com.appsamurai.storyly.exoplayer2.core.upstream.Allocator, long, com.appsamurai.storyly.exoplayer2.core.drm.DrmSessionManager, com.appsamurai.storyly.exoplayer2.core.drm.DrmSessionEventListener.EventDispatcher, com.appsamurai.storyly.exoplayer2.core.upstream.LoadErrorHandlingPolicy, com.appsamurai.storyly.exoplayer2.core.source.MediaSourceEventListener.EventDispatcher) 0">
    <annotation name="androidx.annotation.IntDef">
      <val name="open" val="true" />
      <val name="value" val="{com.appsamurai.storyly.exoplayer2.common.C.TRACK_TYPE_UNKNOWN, com.appsamurai.storyly.exoplayer2.common.C.TRACK_TYPE_DEFAULT, com.appsamurai.storyly.exoplayer2.common.C.TRACK_TYPE_AUDIO, com.appsamurai.storyly.exoplayer2.common.C.TRACK_TYPE_VIDEO, com.appsamurai.storyly.exoplayer2.common.C.TRACK_TYPE_TEXT, com.appsamurai.storyly.exoplayer2.common.C.TRACK_TYPE_IMAGE, com.appsamurai.storyly.exoplayer2.common.C.TRACK_TYPE_METADATA, com.appsamurai.storyly.exoplayer2.common.C.TRACK_TYPE_CAMERA_MOTION, com.appsamurai.storyly.exoplayer2.common.C.TRACK_TYPE_NONE}" />
    </annotation>
  </item>
  <item name="com.appsamurai.storyly.exoplayer2.core.source.chunk.ChunkSampleStream int readData(com.appsamurai.storyly.exoplayer2.core.FormatHolder, com.appsamurai.storyly.exoplayer2.decoder.DecoderInputBuffer, int) 2">
    <annotation name="androidx.annotation.IntDef">
      <val name="flag" val="true" />
      <val name="value" val="{com.appsamurai.storyly.exoplayer2.core.source.SampleStream.FLAG_PEEK, com.appsamurai.storyly.exoplayer2.core.source.SampleStream.FLAG_REQUIRE_FORMAT, com.appsamurai.storyly.exoplayer2.core.source.SampleStream.FLAG_OMIT_SAMPLE_DATA}" />
    </annotation>
  </item>
  <item name="com.appsamurai.storyly.exoplayer2.core.source.chunk.ChunkSampleStream primaryTrackType">
    <annotation name="androidx.annotation.IntDef">
      <val name="open" val="true" />
      <val name="value" val="{com.appsamurai.storyly.exoplayer2.common.C.TRACK_TYPE_UNKNOWN, com.appsamurai.storyly.exoplayer2.common.C.TRACK_TYPE_DEFAULT, com.appsamurai.storyly.exoplayer2.common.C.TRACK_TYPE_AUDIO, com.appsamurai.storyly.exoplayer2.common.C.TRACK_TYPE_VIDEO, com.appsamurai.storyly.exoplayer2.common.C.TRACK_TYPE_TEXT, com.appsamurai.storyly.exoplayer2.common.C.TRACK_TYPE_IMAGE, com.appsamurai.storyly.exoplayer2.common.C.TRACK_TYPE_METADATA, com.appsamurai.storyly.exoplayer2.common.C.TRACK_TYPE_CAMERA_MOTION, com.appsamurai.storyly.exoplayer2.common.C.TRACK_TYPE_NONE}" />
    </annotation>
  </item>
  <item name="com.appsamurai.storyly.exoplayer2.core.source.chunk.ChunkSampleStream.EmbeddedSampleStream int readData(com.appsamurai.storyly.exoplayer2.core.FormatHolder, com.appsamurai.storyly.exoplayer2.decoder.DecoderInputBuffer, int) 2">
    <annotation name="androidx.annotation.IntDef">
      <val name="flag" val="true" />
      <val name="value" val="{com.appsamurai.storyly.exoplayer2.core.source.SampleStream.FLAG_PEEK, com.appsamurai.storyly.exoplayer2.core.source.SampleStream.FLAG_REQUIRE_FORMAT, com.appsamurai.storyly.exoplayer2.core.source.SampleStream.FLAG_OMIT_SAMPLE_DATA}" />
    </annotation>
  </item>
  <item name="com.appsamurai.storyly.exoplayer2.core.source.chunk.ContainerMediaChunk ContainerMediaChunk(com.appsamurai.storyly.exoplayer2.datasource.upstream.DataSource, com.appsamurai.storyly.exoplayer2.datasource.upstream.DataSpec, com.appsamurai.storyly.exoplayer2.common.Format, int, java.lang.Object, long, long, long, long, long, int, long, com.appsamurai.storyly.exoplayer2.core.source.chunk.ChunkExtractor) 3">
    <annotation name="androidx.annotation.IntDef">
      <val name="open" val="true" />
      <val name="value" val="{com.appsamurai.storyly.exoplayer2.common.C.SELECTION_REASON_UNKNOWN, com.appsamurai.storyly.exoplayer2.common.C.SELECTION_REASON_INITIAL, com.appsamurai.storyly.exoplayer2.common.C.SELECTION_REASON_MANUAL, com.appsamurai.storyly.exoplayer2.common.C.SELECTION_REASON_ADAPTIVE, com.appsamurai.storyly.exoplayer2.common.C.SELECTION_REASON_TRICK_PLAY}" />
    </annotation>
  </item>
  <item name="com.appsamurai.storyly.exoplayer2.core.source.chunk.DataChunk DataChunk(com.appsamurai.storyly.exoplayer2.datasource.upstream.DataSource, com.appsamurai.storyly.exoplayer2.datasource.upstream.DataSpec, int, com.appsamurai.storyly.exoplayer2.common.Format, int, java.lang.Object, byte[]) 2">
    <annotation name="androidx.annotation.IntDef">
      <val name="open" val="true" />
      <val name="value" val="{com.appsamurai.storyly.exoplayer2.common.C.DATA_TYPE_UNKNOWN, com.appsamurai.storyly.exoplayer2.common.C.DATA_TYPE_MEDIA, com.appsamurai.storyly.exoplayer2.common.C.DATA_TYPE_MEDIA_INITIALIZATION, com.appsamurai.storyly.exoplayer2.common.C.DATA_TYPE_DRM, com.appsamurai.storyly.exoplayer2.common.C.DATA_TYPE_MANIFEST, com.appsamurai.storyly.exoplayer2.common.C.DATA_TYPE_TIME_SYNCHRONIZATION, com.appsamurai.storyly.exoplayer2.common.C.DATA_TYPE_AD, com.appsamurai.storyly.exoplayer2.common.C.DATA_TYPE_MEDIA_PROGRESSIVE_LIVE}" />
    </annotation>
  </item>
  <item name="com.appsamurai.storyly.exoplayer2.core.source.chunk.DataChunk DataChunk(com.appsamurai.storyly.exoplayer2.datasource.upstream.DataSource, com.appsamurai.storyly.exoplayer2.datasource.upstream.DataSpec, int, com.appsamurai.storyly.exoplayer2.common.Format, int, java.lang.Object, byte[]) 4">
    <annotation name="androidx.annotation.IntDef">
      <val name="open" val="true" />
      <val name="value" val="{com.appsamurai.storyly.exoplayer2.common.C.SELECTION_REASON_UNKNOWN, com.appsamurai.storyly.exoplayer2.common.C.SELECTION_REASON_INITIAL, com.appsamurai.storyly.exoplayer2.common.C.SELECTION_REASON_MANUAL, com.appsamurai.storyly.exoplayer2.common.C.SELECTION_REASON_ADAPTIVE, com.appsamurai.storyly.exoplayer2.common.C.SELECTION_REASON_TRICK_PLAY}" />
    </annotation>
  </item>
  <item name="com.appsamurai.storyly.exoplayer2.core.source.chunk.InitializationChunk InitializationChunk(com.appsamurai.storyly.exoplayer2.datasource.upstream.DataSource, com.appsamurai.storyly.exoplayer2.datasource.upstream.DataSpec, com.appsamurai.storyly.exoplayer2.common.Format, int, java.lang.Object, com.appsamurai.storyly.exoplayer2.core.source.chunk.ChunkExtractor) 3">
    <annotation name="androidx.annotation.IntDef">
      <val name="open" val="true" />
      <val name="value" val="{com.appsamurai.storyly.exoplayer2.common.C.SELECTION_REASON_UNKNOWN, com.appsamurai.storyly.exoplayer2.common.C.SELECTION_REASON_INITIAL, com.appsamurai.storyly.exoplayer2.common.C.SELECTION_REASON_MANUAL, com.appsamurai.storyly.exoplayer2.common.C.SELECTION_REASON_ADAPTIVE, com.appsamurai.storyly.exoplayer2.common.C.SELECTION_REASON_TRICK_PLAY}" />
    </annotation>
  </item>
  <item name="com.appsamurai.storyly.exoplayer2.core.source.chunk.MediaChunk MediaChunk(com.appsamurai.storyly.exoplayer2.datasource.upstream.DataSource, com.appsamurai.storyly.exoplayer2.datasource.upstream.DataSpec, com.appsamurai.storyly.exoplayer2.common.Format, int, java.lang.Object, long, long, long) 3">
    <annotation name="androidx.annotation.IntDef">
      <val name="open" val="true" />
      <val name="value" val="{com.appsamurai.storyly.exoplayer2.common.C.SELECTION_REASON_UNKNOWN, com.appsamurai.storyly.exoplayer2.common.C.SELECTION_REASON_INITIAL, com.appsamurai.storyly.exoplayer2.common.C.SELECTION_REASON_MANUAL, com.appsamurai.storyly.exoplayer2.common.C.SELECTION_REASON_ADAPTIVE, com.appsamurai.storyly.exoplayer2.common.C.SELECTION_REASON_TRICK_PLAY}" />
    </annotation>
  </item>
  <item name="com.appsamurai.storyly.exoplayer2.core.source.chunk.MediaParserChunkExtractor MediaParserChunkExtractor(int, com.appsamurai.storyly.exoplayer2.common.Format, java.util.List&lt;com.appsamurai.storyly.exoplayer2.common.Format&gt;, com.appsamurai.storyly.exoplayer2.core.analytics.PlayerId) 0">
    <annotation name="androidx.annotation.IntDef">
      <val name="open" val="true" />
      <val name="value" val="{com.appsamurai.storyly.exoplayer2.common.C.TRACK_TYPE_UNKNOWN, com.appsamurai.storyly.exoplayer2.common.C.TRACK_TYPE_DEFAULT, com.appsamurai.storyly.exoplayer2.common.C.TRACK_TYPE_AUDIO, com.appsamurai.storyly.exoplayer2.common.C.TRACK_TYPE_VIDEO, com.appsamurai.storyly.exoplayer2.common.C.TRACK_TYPE_TEXT, com.appsamurai.storyly.exoplayer2.common.C.TRACK_TYPE_IMAGE, com.appsamurai.storyly.exoplayer2.common.C.TRACK_TYPE_METADATA, com.appsamurai.storyly.exoplayer2.common.C.TRACK_TYPE_CAMERA_MOTION, com.appsamurai.storyly.exoplayer2.common.C.TRACK_TYPE_NONE}" />
    </annotation>
  </item>
  <item name="com.appsamurai.storyly.exoplayer2.core.source.chunk.SingleSampleMediaChunk SingleSampleMediaChunk(com.appsamurai.storyly.exoplayer2.datasource.upstream.DataSource, com.appsamurai.storyly.exoplayer2.datasource.upstream.DataSpec, com.appsamurai.storyly.exoplayer2.common.Format, int, java.lang.Object, long, long, long, int, com.appsamurai.storyly.exoplayer2.common.Format) 3">
    <annotation name="androidx.annotation.IntDef">
      <val name="open" val="true" />
      <val name="value" val="{com.appsamurai.storyly.exoplayer2.common.C.SELECTION_REASON_UNKNOWN, com.appsamurai.storyly.exoplayer2.common.C.SELECTION_REASON_INITIAL, com.appsamurai.storyly.exoplayer2.common.C.SELECTION_REASON_MANUAL, com.appsamurai.storyly.exoplayer2.common.C.SELECTION_REASON_ADAPTIVE, com.appsamurai.storyly.exoplayer2.common.C.SELECTION_REASON_TRICK_PLAY}" />
    </annotation>
  </item>
  <item name="com.appsamurai.storyly.exoplayer2.core.source.chunk.SingleSampleMediaChunk SingleSampleMediaChunk(com.appsamurai.storyly.exoplayer2.datasource.upstream.DataSource, com.appsamurai.storyly.exoplayer2.datasource.upstream.DataSpec, com.appsamurai.storyly.exoplayer2.common.Format, int, java.lang.Object, long, long, long, int, com.appsamurai.storyly.exoplayer2.common.Format) 8">
    <annotation name="androidx.annotation.IntDef">
      <val name="open" val="true" />
      <val name="value" val="{com.appsamurai.storyly.exoplayer2.common.C.TRACK_TYPE_UNKNOWN, com.appsamurai.storyly.exoplayer2.common.C.TRACK_TYPE_DEFAULT, com.appsamurai.storyly.exoplayer2.common.C.TRACK_TYPE_AUDIO, com.appsamurai.storyly.exoplayer2.common.C.TRACK_TYPE_VIDEO, com.appsamurai.storyly.exoplayer2.common.C.TRACK_TYPE_TEXT, com.appsamurai.storyly.exoplayer2.common.C.TRACK_TYPE_IMAGE, com.appsamurai.storyly.exoplayer2.common.C.TRACK_TYPE_METADATA, com.appsamurai.storyly.exoplayer2.common.C.TRACK_TYPE_CAMERA_MOTION, com.appsamurai.storyly.exoplayer2.common.C.TRACK_TYPE_NONE}" />
    </annotation>
  </item>
  <item name="com.appsamurai.storyly.exoplayer2.core.source.chunk.SingleSampleMediaChunk trackType">
    <annotation name="androidx.annotation.IntDef">
      <val name="open" val="true" />
      <val name="value" val="{com.appsamurai.storyly.exoplayer2.common.C.TRACK_TYPE_UNKNOWN, com.appsamurai.storyly.exoplayer2.common.C.TRACK_TYPE_DEFAULT, com.appsamurai.storyly.exoplayer2.common.C.TRACK_TYPE_AUDIO, com.appsamurai.storyly.exoplayer2.common.C.TRACK_TYPE_VIDEO, com.appsamurai.storyly.exoplayer2.common.C.TRACK_TYPE_TEXT, com.appsamurai.storyly.exoplayer2.common.C.TRACK_TYPE_IMAGE, com.appsamurai.storyly.exoplayer2.common.C.TRACK_TYPE_METADATA, com.appsamurai.storyly.exoplayer2.common.C.TRACK_TYPE_CAMERA_MOTION, com.appsamurai.storyly.exoplayer2.common.C.TRACK_TYPE_NONE}" />
    </annotation>
  </item>
</root>

