<?xml version="1.0" encoding="UTF-8"?>
<root>
  <item name="com.appsamurai.storyly.exoplayer2.common.audio.AudioAttributes AudioAttributes(int, int, int, int, int) 0">
    <annotation name="androidx.annotation.IntDef">
      <val name="value" val="{com.appsamurai.storyly.exoplayer2.common.C.AUDIO_CONTENT_TYPE_MOVIE, com.appsamurai.storyly.exoplayer2.common.C.AUDIO_CONTENT_TYPE_MUSIC, com.appsamurai.storyly.exoplayer2.common.C.AUDIO_CONTENT_TYPE_SONIFICATION, com.appsamurai.storyly.exoplayer2.common.C.AUDIO_CONTENT_TYPE_SPEECH, com.appsamurai.storyly.exoplayer2.common.C.AUDIO_CONTENT_TYPE_UNKNOWN}" />
    </annotation>
  </item>
  <item name="com.appsamurai.storyly.exoplayer2.common.audio.AudioAttributes AudioAttributes(int, int, int, int, int) 1">
    <annotation name="androidx.annotation.IntDef">
      <val name="flag" val="true" />
      <val name="value" val="{com.appsamurai.storyly.exoplayer2.common.C.FLAG_AUDIBILITY_ENFORCED}" />
    </annotation>
  </item>
  <item name="com.appsamurai.storyly.exoplayer2.common.audio.AudioAttributes AudioAttributes(int, int, int, int, int) 2">
    <annotation name="androidx.annotation.IntDef">
      <val name="value" val="{com.appsamurai.storyly.exoplayer2.common.C.USAGE_ALARM, com.appsamurai.storyly.exoplayer2.common.C.USAGE_ASSISTANCE_ACCESSIBILITY, com.appsamurai.storyly.exoplayer2.common.C.USAGE_ASSISTANCE_NAVIGATION_GUIDANCE, com.appsamurai.storyly.exoplayer2.common.C.USAGE_ASSISTANCE_SONIFICATION, com.appsamurai.storyly.exoplayer2.common.C.USAGE_ASSISTANT, com.appsamurai.storyly.exoplayer2.common.C.USAGE_GAME, com.appsamurai.storyly.exoplayer2.common.C.USAGE_MEDIA, com.appsamurai.storyly.exoplayer2.common.C.USAGE_NOTIFICATION, com.appsamurai.storyly.exoplayer2.common.C.USAGE_NOTIFICATION_COMMUNICATION_DELAYED, com.appsamurai.storyly.exoplayer2.common.C.USAGE_NOTIFICATION_COMMUNICATION_INSTANT, com.appsamurai.storyly.exoplayer2.common.C.USAGE_NOTIFICATION_COMMUNICATION_REQUEST, com.appsamurai.storyly.exoplayer2.common.C.USAGE_NOTIFICATION_EVENT, com.appsamurai.storyly.exoplayer2.common.C.USAGE_NOTIFICATION_RINGTONE, com.appsamurai.storyly.exoplayer2.common.C.USAGE_UNKNOWN, com.appsamurai.storyly.exoplayer2.common.C.USAGE_VOICE_COMMUNICATION, com.appsamurai.storyly.exoplayer2.common.C.USAGE_VOICE_COMMUNICATION_SIGNALLING}" />
    </annotation>
  </item>
  <item name="com.appsamurai.storyly.exoplayer2.common.audio.AudioAttributes AudioAttributes(int, int, int, int, int) 3">
    <annotation name="androidx.annotation.IntDef">
      <val name="value" val="{com.appsamurai.storyly.exoplayer2.common.C.ALLOW_CAPTURE_BY_ALL, com.appsamurai.storyly.exoplayer2.common.C.ALLOW_CAPTURE_BY_NONE, com.appsamurai.storyly.exoplayer2.common.C.ALLOW_CAPTURE_BY_SYSTEM}" />
    </annotation>
  </item>
  <item name="com.appsamurai.storyly.exoplayer2.common.audio.AudioAttributes AudioAttributes(int, int, int, int, int) 4">
    <annotation name="androidx.annotation.IntDef">
      <val name="value" val="{com.appsamurai.storyly.exoplayer2.common.C.SPATIALIZATION_BEHAVIOR_AUTO, com.appsamurai.storyly.exoplayer2.common.C.SPATIALIZATION_BEHAVIOR_NEVER}" />
    </annotation>
  </item>
  <item name="com.appsamurai.storyly.exoplayer2.common.audio.AudioAttributes allowedCapturePolicy">
    <annotation name="androidx.annotation.IntDef">
      <val name="value" val="{com.appsamurai.storyly.exoplayer2.common.C.ALLOW_CAPTURE_BY_ALL, com.appsamurai.storyly.exoplayer2.common.C.ALLOW_CAPTURE_BY_NONE, com.appsamurai.storyly.exoplayer2.common.C.ALLOW_CAPTURE_BY_SYSTEM}" />
    </annotation>
  </item>
  <item name="com.appsamurai.storyly.exoplayer2.common.audio.AudioAttributes contentType">
    <annotation name="androidx.annotation.IntDef">
      <val name="value" val="{com.appsamurai.storyly.exoplayer2.common.C.AUDIO_CONTENT_TYPE_MOVIE, com.appsamurai.storyly.exoplayer2.common.C.AUDIO_CONTENT_TYPE_MUSIC, com.appsamurai.storyly.exoplayer2.common.C.AUDIO_CONTENT_TYPE_SONIFICATION, com.appsamurai.storyly.exoplayer2.common.C.AUDIO_CONTENT_TYPE_SPEECH, com.appsamurai.storyly.exoplayer2.common.C.AUDIO_CONTENT_TYPE_UNKNOWN}" />
    </annotation>
  </item>
  <item name="com.appsamurai.storyly.exoplayer2.common.audio.AudioAttributes flags">
    <annotation name="androidx.annotation.IntDef">
      <val name="flag" val="true" />
      <val name="value" val="{com.appsamurai.storyly.exoplayer2.common.C.FLAG_AUDIBILITY_ENFORCED}" />
    </annotation>
  </item>
  <item name="com.appsamurai.storyly.exoplayer2.common.audio.AudioAttributes java.lang.String keyForField(int) 0">
    <annotation name="androidx.annotation.IntDef">
      <val name="value" val="{com.appsamurai.storyly.exoplayer2.common.audio.AudioAttributes.FIELD_CONTENT_TYPE, com.appsamurai.storyly.exoplayer2.common.audio.AudioAttributes.FIELD_FLAGS, com.appsamurai.storyly.exoplayer2.common.audio.AudioAttributes.FIELD_USAGE, com.appsamurai.storyly.exoplayer2.common.audio.AudioAttributes.FIELD_ALLOWED_CAPTURE_POLICY, com.appsamurai.storyly.exoplayer2.common.audio.AudioAttributes.FIELD_SPATIALIZATION_BEHAVIOR}" />
    </annotation>
  </item>
  <item name="com.appsamurai.storyly.exoplayer2.common.audio.AudioAttributes spatializationBehavior">
    <annotation name="androidx.annotation.IntDef">
      <val name="value" val="{com.appsamurai.storyly.exoplayer2.common.C.SPATIALIZATION_BEHAVIOR_AUTO, com.appsamurai.storyly.exoplayer2.common.C.SPATIALIZATION_BEHAVIOR_NEVER}" />
    </annotation>
  </item>
  <item name="com.appsamurai.storyly.exoplayer2.common.audio.AudioAttributes usage">
    <annotation name="androidx.annotation.IntDef">
      <val name="value" val="{com.appsamurai.storyly.exoplayer2.common.C.USAGE_ALARM, com.appsamurai.storyly.exoplayer2.common.C.USAGE_ASSISTANCE_ACCESSIBILITY, com.appsamurai.storyly.exoplayer2.common.C.USAGE_ASSISTANCE_NAVIGATION_GUIDANCE, com.appsamurai.storyly.exoplayer2.common.C.USAGE_ASSISTANCE_SONIFICATION, com.appsamurai.storyly.exoplayer2.common.C.USAGE_ASSISTANT, com.appsamurai.storyly.exoplayer2.common.C.USAGE_GAME, com.appsamurai.storyly.exoplayer2.common.C.USAGE_MEDIA, com.appsamurai.storyly.exoplayer2.common.C.USAGE_NOTIFICATION, com.appsamurai.storyly.exoplayer2.common.C.USAGE_NOTIFICATION_COMMUNICATION_DELAYED, com.appsamurai.storyly.exoplayer2.common.C.USAGE_NOTIFICATION_COMMUNICATION_INSTANT, com.appsamurai.storyly.exoplayer2.common.C.USAGE_NOTIFICATION_COMMUNICATION_REQUEST, com.appsamurai.storyly.exoplayer2.common.C.USAGE_NOTIFICATION_EVENT, com.appsamurai.storyly.exoplayer2.common.C.USAGE_NOTIFICATION_RINGTONE, com.appsamurai.storyly.exoplayer2.common.C.USAGE_UNKNOWN, com.appsamurai.storyly.exoplayer2.common.C.USAGE_VOICE_COMMUNICATION, com.appsamurai.storyly.exoplayer2.common.C.USAGE_VOICE_COMMUNICATION_SIGNALLING}" />
    </annotation>
  </item>
  <item name="com.appsamurai.storyly.exoplayer2.common.audio.AudioAttributes.Api29 void setAllowedCapturePolicy(android.media.AudioAttributes.Builder, int) 1">
    <annotation name="androidx.annotation.IntDef">
      <val name="value" val="{com.appsamurai.storyly.exoplayer2.common.C.ALLOW_CAPTURE_BY_ALL, com.appsamurai.storyly.exoplayer2.common.C.ALLOW_CAPTURE_BY_NONE, com.appsamurai.storyly.exoplayer2.common.C.ALLOW_CAPTURE_BY_SYSTEM}" />
    </annotation>
  </item>
  <item name="com.appsamurai.storyly.exoplayer2.common.audio.AudioAttributes.Api32 void setSpatializationBehavior(android.media.AudioAttributes.Builder, int) 1">
    <annotation name="androidx.annotation.IntDef">
      <val name="value" val="{com.appsamurai.storyly.exoplayer2.common.C.SPATIALIZATION_BEHAVIOR_AUTO, com.appsamurai.storyly.exoplayer2.common.C.SPATIALIZATION_BEHAVIOR_NEVER}" />
    </annotation>
  </item>
  <item name="com.appsamurai.storyly.exoplayer2.common.audio.AudioAttributes.Builder allowedCapturePolicy">
    <annotation name="androidx.annotation.IntDef">
      <val name="value" val="{com.appsamurai.storyly.exoplayer2.common.C.ALLOW_CAPTURE_BY_ALL, com.appsamurai.storyly.exoplayer2.common.C.ALLOW_CAPTURE_BY_NONE, com.appsamurai.storyly.exoplayer2.common.C.ALLOW_CAPTURE_BY_SYSTEM}" />
    </annotation>
  </item>
  <item name="com.appsamurai.storyly.exoplayer2.common.audio.AudioAttributes.Builder com.appsamurai.storyly.exoplayer2.common.audio.AudioAttributes.Builder setAllowedCapturePolicy(int) 0">
    <annotation name="androidx.annotation.IntDef">
      <val name="value" val="{com.appsamurai.storyly.exoplayer2.common.C.ALLOW_CAPTURE_BY_ALL, com.appsamurai.storyly.exoplayer2.common.C.ALLOW_CAPTURE_BY_NONE, com.appsamurai.storyly.exoplayer2.common.C.ALLOW_CAPTURE_BY_SYSTEM}" />
    </annotation>
  </item>
  <item name="com.appsamurai.storyly.exoplayer2.common.audio.AudioAttributes.Builder com.appsamurai.storyly.exoplayer2.common.audio.AudioAttributes.Builder setContentType(int) 0">
    <annotation name="androidx.annotation.IntDef">
      <val name="value" val="{com.appsamurai.storyly.exoplayer2.common.C.AUDIO_CONTENT_TYPE_MOVIE, com.appsamurai.storyly.exoplayer2.common.C.AUDIO_CONTENT_TYPE_MUSIC, com.appsamurai.storyly.exoplayer2.common.C.AUDIO_CONTENT_TYPE_SONIFICATION, com.appsamurai.storyly.exoplayer2.common.C.AUDIO_CONTENT_TYPE_SPEECH, com.appsamurai.storyly.exoplayer2.common.C.AUDIO_CONTENT_TYPE_UNKNOWN}" />
    </annotation>
  </item>
  <item name="com.appsamurai.storyly.exoplayer2.common.audio.AudioAttributes.Builder com.appsamurai.storyly.exoplayer2.common.audio.AudioAttributes.Builder setFlags(int) 0">
    <annotation name="androidx.annotation.IntDef">
      <val name="flag" val="true" />
      <val name="value" val="{com.appsamurai.storyly.exoplayer2.common.C.FLAG_AUDIBILITY_ENFORCED}" />
    </annotation>
  </item>
  <item name="com.appsamurai.storyly.exoplayer2.common.audio.AudioAttributes.Builder com.appsamurai.storyly.exoplayer2.common.audio.AudioAttributes.Builder setSpatializationBehavior(int) 0">
    <annotation name="androidx.annotation.IntDef">
      <val name="value" val="{com.appsamurai.storyly.exoplayer2.common.C.SPATIALIZATION_BEHAVIOR_AUTO, com.appsamurai.storyly.exoplayer2.common.C.SPATIALIZATION_BEHAVIOR_NEVER}" />
    </annotation>
  </item>
  <item name="com.appsamurai.storyly.exoplayer2.common.audio.AudioAttributes.Builder com.appsamurai.storyly.exoplayer2.common.audio.AudioAttributes.Builder setUsage(int) 0">
    <annotation name="androidx.annotation.IntDef">
      <val name="value" val="{com.appsamurai.storyly.exoplayer2.common.C.USAGE_ALARM, com.appsamurai.storyly.exoplayer2.common.C.USAGE_ASSISTANCE_ACCESSIBILITY, com.appsamurai.storyly.exoplayer2.common.C.USAGE_ASSISTANCE_NAVIGATION_GUIDANCE, com.appsamurai.storyly.exoplayer2.common.C.USAGE_ASSISTANCE_SONIFICATION, com.appsamurai.storyly.exoplayer2.common.C.USAGE_ASSISTANT, com.appsamurai.storyly.exoplayer2.common.C.USAGE_GAME, com.appsamurai.storyly.exoplayer2.common.C.USAGE_MEDIA, com.appsamurai.storyly.exoplayer2.common.C.USAGE_NOTIFICATION, com.appsamurai.storyly.exoplayer2.common.C.USAGE_NOTIFICATION_COMMUNICATION_DELAYED, com.appsamurai.storyly.exoplayer2.common.C.USAGE_NOTIFICATION_COMMUNICATION_INSTANT, com.appsamurai.storyly.exoplayer2.common.C.USAGE_NOTIFICATION_COMMUNICATION_REQUEST, com.appsamurai.storyly.exoplayer2.common.C.USAGE_NOTIFICATION_EVENT, com.appsamurai.storyly.exoplayer2.common.C.USAGE_NOTIFICATION_RINGTONE, com.appsamurai.storyly.exoplayer2.common.C.USAGE_UNKNOWN, com.appsamurai.storyly.exoplayer2.common.C.USAGE_VOICE_COMMUNICATION, com.appsamurai.storyly.exoplayer2.common.C.USAGE_VOICE_COMMUNICATION_SIGNALLING}" />
    </annotation>
  </item>
  <item name="com.appsamurai.storyly.exoplayer2.common.audio.AudioAttributes.Builder contentType">
    <annotation name="androidx.annotation.IntDef">
      <val name="value" val="{com.appsamurai.storyly.exoplayer2.common.C.AUDIO_CONTENT_TYPE_MOVIE, com.appsamurai.storyly.exoplayer2.common.C.AUDIO_CONTENT_TYPE_MUSIC, com.appsamurai.storyly.exoplayer2.common.C.AUDIO_CONTENT_TYPE_SONIFICATION, com.appsamurai.storyly.exoplayer2.common.C.AUDIO_CONTENT_TYPE_SPEECH, com.appsamurai.storyly.exoplayer2.common.C.AUDIO_CONTENT_TYPE_UNKNOWN}" />
    </annotation>
  </item>
  <item name="com.appsamurai.storyly.exoplayer2.common.audio.AudioAttributes.Builder flags">
    <annotation name="androidx.annotation.IntDef">
      <val name="flag" val="true" />
      <val name="value" val="{com.appsamurai.storyly.exoplayer2.common.C.FLAG_AUDIBILITY_ENFORCED}" />
    </annotation>
  </item>
  <item name="com.appsamurai.storyly.exoplayer2.common.audio.AudioAttributes.Builder spatializationBehavior">
    <annotation name="androidx.annotation.IntDef">
      <val name="value" val="{com.appsamurai.storyly.exoplayer2.common.C.SPATIALIZATION_BEHAVIOR_AUTO, com.appsamurai.storyly.exoplayer2.common.C.SPATIALIZATION_BEHAVIOR_NEVER}" />
    </annotation>
  </item>
  <item name="com.appsamurai.storyly.exoplayer2.common.audio.AudioAttributes.Builder usage">
    <annotation name="androidx.annotation.IntDef">
      <val name="value" val="{com.appsamurai.storyly.exoplayer2.common.C.USAGE_ALARM, com.appsamurai.storyly.exoplayer2.common.C.USAGE_ASSISTANCE_ACCESSIBILITY, com.appsamurai.storyly.exoplayer2.common.C.USAGE_ASSISTANCE_NAVIGATION_GUIDANCE, com.appsamurai.storyly.exoplayer2.common.C.USAGE_ASSISTANCE_SONIFICATION, com.appsamurai.storyly.exoplayer2.common.C.USAGE_ASSISTANT, com.appsamurai.storyly.exoplayer2.common.C.USAGE_GAME, com.appsamurai.storyly.exoplayer2.common.C.USAGE_MEDIA, com.appsamurai.storyly.exoplayer2.common.C.USAGE_NOTIFICATION, com.appsamurai.storyly.exoplayer2.common.C.USAGE_NOTIFICATION_COMMUNICATION_DELAYED, com.appsamurai.storyly.exoplayer2.common.C.USAGE_NOTIFICATION_COMMUNICATION_INSTANT, com.appsamurai.storyly.exoplayer2.common.C.USAGE_NOTIFICATION_COMMUNICATION_REQUEST, com.appsamurai.storyly.exoplayer2.common.C.USAGE_NOTIFICATION_EVENT, com.appsamurai.storyly.exoplayer2.common.C.USAGE_NOTIFICATION_RINGTONE, com.appsamurai.storyly.exoplayer2.common.C.USAGE_UNKNOWN, com.appsamurai.storyly.exoplayer2.common.C.USAGE_VOICE_COMMUNICATION, com.appsamurai.storyly.exoplayer2.common.C.USAGE_VOICE_COMMUNICATION_SIGNALLING}" />
    </annotation>
  </item>
</root>

