<?xml version="1.0" encoding="UTF-8"?>
<root>
  <item name="com.appsamurai.storyly.exoplayer2.common.source.ads.AdPlaybackState java.lang.String keyForField(int) 0">
    <annotation name="androidx.annotation.IntDef">
      <val name="value" val="{com.appsamurai.storyly.exoplayer2.common.source.ads.AdPlaybackState.FIELD_AD_GROUPS, com.appsamurai.storyly.exoplayer2.common.source.ads.AdPlaybackState.FIELD_AD_RESUME_POSITION_US, com.appsamurai.storyly.exoplayer2.common.source.ads.AdPlaybackState.FIELD_CONTENT_DURATION_US, com.appsamurai.storyly.exoplayer2.common.source.ads.AdPlaybackState.FIELD_REMOVED_AD_GROUP_COUNT}" />
    </annotation>
  </item>
  <item name="com.appsamurai.storyly.exoplayer2.common.source.ads.AdPlaybackState.AdGroup AdGroup(long, int, int[], android.net.Uri[], long[], long, boolean) 2">
    <annotation name="androidx.annotation.IntDef">
      <val name="value" val="{com.appsamurai.storyly.exoplayer2.common.source.ads.AdPlaybackState.AD_STATE_UNAVAILABLE, com.appsamurai.storyly.exoplayer2.common.source.ads.AdPlaybackState.AD_STATE_AVAILABLE, com.appsamurai.storyly.exoplayer2.common.source.ads.AdPlaybackState.AD_STATE_SKIPPED, com.appsamurai.storyly.exoplayer2.common.source.ads.AdPlaybackState.AD_STATE_PLAYED, com.appsamurai.storyly.exoplayer2.common.source.ads.AdPlaybackState.AD_STATE_ERROR}" />
    </annotation>
  </item>
  <item name="com.appsamurai.storyly.exoplayer2.common.source.ads.AdPlaybackState.AdGroup com.appsamurai.storyly.exoplayer2.common.source.ads.AdPlaybackState.AdGroup withAdState(int, int) 0">
    <annotation name="androidx.annotation.IntDef">
      <val name="value" val="{com.appsamurai.storyly.exoplayer2.common.source.ads.AdPlaybackState.AD_STATE_UNAVAILABLE, com.appsamurai.storyly.exoplayer2.common.source.ads.AdPlaybackState.AD_STATE_AVAILABLE, com.appsamurai.storyly.exoplayer2.common.source.ads.AdPlaybackState.AD_STATE_SKIPPED, com.appsamurai.storyly.exoplayer2.common.source.ads.AdPlaybackState.AD_STATE_PLAYED, com.appsamurai.storyly.exoplayer2.common.source.ads.AdPlaybackState.AD_STATE_ERROR}" />
    </annotation>
  </item>
  <item name="com.appsamurai.storyly.exoplayer2.common.source.ads.AdPlaybackState.AdGroup int[] copyStatesWithSpaceForAdCount(int[], int)">
    <annotation name="androidx.annotation.IntDef">
      <val name="value" val="{com.appsamurai.storyly.exoplayer2.common.source.ads.AdPlaybackState.AD_STATE_UNAVAILABLE, com.appsamurai.storyly.exoplayer2.common.source.ads.AdPlaybackState.AD_STATE_AVAILABLE, com.appsamurai.storyly.exoplayer2.common.source.ads.AdPlaybackState.AD_STATE_SKIPPED, com.appsamurai.storyly.exoplayer2.common.source.ads.AdPlaybackState.AD_STATE_PLAYED, com.appsamurai.storyly.exoplayer2.common.source.ads.AdPlaybackState.AD_STATE_ERROR}" />
    </annotation>
  </item>
  <item name="com.appsamurai.storyly.exoplayer2.common.source.ads.AdPlaybackState.AdGroup int[] copyStatesWithSpaceForAdCount(int[], int) 0">
    <annotation name="androidx.annotation.IntDef">
      <val name="value" val="{com.appsamurai.storyly.exoplayer2.common.source.ads.AdPlaybackState.AD_STATE_UNAVAILABLE, com.appsamurai.storyly.exoplayer2.common.source.ads.AdPlaybackState.AD_STATE_AVAILABLE, com.appsamurai.storyly.exoplayer2.common.source.ads.AdPlaybackState.AD_STATE_SKIPPED, com.appsamurai.storyly.exoplayer2.common.source.ads.AdPlaybackState.AD_STATE_PLAYED, com.appsamurai.storyly.exoplayer2.common.source.ads.AdPlaybackState.AD_STATE_ERROR}" />
    </annotation>
  </item>
  <item name="com.appsamurai.storyly.exoplayer2.common.source.ads.AdPlaybackState.AdGroup java.lang.String keyForField(int) 0">
    <annotation name="androidx.annotation.IntDef">
      <val name="value" val="{com.appsamurai.storyly.exoplayer2.common.source.ads.AdPlaybackState.AdGroup.FIELD_TIME_US, com.appsamurai.storyly.exoplayer2.common.source.ads.AdPlaybackState.AdGroup.FIELD_COUNT, com.appsamurai.storyly.exoplayer2.common.source.ads.AdPlaybackState.AdGroup.FIELD_URIS, com.appsamurai.storyly.exoplayer2.common.source.ads.AdPlaybackState.AdGroup.FIELD_STATES, com.appsamurai.storyly.exoplayer2.common.source.ads.AdPlaybackState.AdGroup.FIELD_DURATIONS_US, com.appsamurai.storyly.exoplayer2.common.source.ads.AdPlaybackState.AdGroup.FIELD_CONTENT_RESUME_OFFSET_US, com.appsamurai.storyly.exoplayer2.common.source.ads.AdPlaybackState.AdGroup.FIELD_IS_SERVER_SIDE_INSERTED}" />
    </annotation>
  </item>
  <item name="com.appsamurai.storyly.exoplayer2.common.source.ads.AdPlaybackState.AdGroup states">
    <annotation name="androidx.annotation.IntDef">
      <val name="value" val="{com.appsamurai.storyly.exoplayer2.common.source.ads.AdPlaybackState.AD_STATE_UNAVAILABLE, com.appsamurai.storyly.exoplayer2.common.source.ads.AdPlaybackState.AD_STATE_AVAILABLE, com.appsamurai.storyly.exoplayer2.common.source.ads.AdPlaybackState.AD_STATE_SKIPPED, com.appsamurai.storyly.exoplayer2.common.source.ads.AdPlaybackState.AD_STATE_PLAYED, com.appsamurai.storyly.exoplayer2.common.source.ads.AdPlaybackState.AD_STATE_ERROR}" />
    </annotation>
  </item>
  <item name="com.appsamurai.storyly.exoplayer2.common.source.ads.AdPlaybackState.AdState">
    <annotation name="androidx.annotation.IntDef">
      <val name="value" val="{com.appsamurai.storyly.exoplayer2.common.source.ads.AdPlaybackState.AD_STATE_UNAVAILABLE, com.appsamurai.storyly.exoplayer2.common.source.ads.AdPlaybackState.AD_STATE_AVAILABLE, com.appsamurai.storyly.exoplayer2.common.source.ads.AdPlaybackState.AD_STATE_SKIPPED, com.appsamurai.storyly.exoplayer2.common.source.ads.AdPlaybackState.AD_STATE_PLAYED, com.appsamurai.storyly.exoplayer2.common.source.ads.AdPlaybackState.AD_STATE_ERROR}" />
    </annotation>
  </item>
</root>

