<?xml version="1.0" encoding="UTF-8"?>
<root>
  <item name="com.appsamurai.storyly.exoplayer2.extractor.text.webvtt.WebvttCssStyle bold">
    <annotation name="androidx.annotation.IntDef">
      <val name="value" val="{com.appsamurai.storyly.exoplayer2.extractor.text.webvtt.WebvttCssStyle.UNSPECIFIED, com.appsamurai.storyly.exoplayer2.extractor.text.webvtt.WebvttCssStyle.OFF, com.appsamurai.storyly.exoplayer2.extractor.text.webvtt.WebvttCssStyle.ON}" />
    </annotation>
  </item>
  <item name="com.appsamurai.storyly.exoplayer2.extractor.text.webvtt.WebvttCssStyle com.appsamurai.storyly.exoplayer2.extractor.text.webvtt.WebvttCssStyle setFontSizeUnit(int) 0">
    <annotation name="androidx.annotation.IntDef">
      <val name="value" val="{com.appsamurai.storyly.exoplayer2.extractor.text.webvtt.WebvttCssStyle.UNSPECIFIED, com.appsamurai.storyly.exoplayer2.extractor.text.webvtt.WebvttCssStyle.FONT_SIZE_UNIT_PIXEL, com.appsamurai.storyly.exoplayer2.extractor.text.webvtt.WebvttCssStyle.FONT_SIZE_UNIT_EM, com.appsamurai.storyly.exoplayer2.extractor.text.webvtt.WebvttCssStyle.FONT_SIZE_UNIT_PERCENT}" />
    </annotation>
  </item>
  <item name="com.appsamurai.storyly.exoplayer2.extractor.text.webvtt.WebvttCssStyle com.appsamurai.storyly.exoplayer2.extractor.text.webvtt.WebvttCssStyle setRubyPosition(int) 0">
    <annotation name="androidx.annotation.IntDef">
      <val name="value" val="{com.appsamurai.storyly.exoplayer2.common.text.span.TextAnnotation.POSITION_UNKNOWN, com.appsamurai.storyly.exoplayer2.common.text.span.TextAnnotation.POSITION_BEFORE, com.appsamurai.storyly.exoplayer2.common.text.span.TextAnnotation.POSITION_AFTER}" />
    </annotation>
  </item>
  <item name="com.appsamurai.storyly.exoplayer2.extractor.text.webvtt.WebvttCssStyle fontSizeUnit">
    <annotation name="androidx.annotation.IntDef">
      <val name="value" val="{com.appsamurai.storyly.exoplayer2.extractor.text.webvtt.WebvttCssStyle.UNSPECIFIED, com.appsamurai.storyly.exoplayer2.extractor.text.webvtt.WebvttCssStyle.FONT_SIZE_UNIT_PIXEL, com.appsamurai.storyly.exoplayer2.extractor.text.webvtt.WebvttCssStyle.FONT_SIZE_UNIT_EM, com.appsamurai.storyly.exoplayer2.extractor.text.webvtt.WebvttCssStyle.FONT_SIZE_UNIT_PERCENT}" />
    </annotation>
  </item>
  <item name="com.appsamurai.storyly.exoplayer2.extractor.text.webvtt.WebvttCssStyle int getFontSizeUnit()">
    <annotation name="androidx.annotation.IntDef">
      <val name="value" val="{com.appsamurai.storyly.exoplayer2.extractor.text.webvtt.WebvttCssStyle.UNSPECIFIED, com.appsamurai.storyly.exoplayer2.extractor.text.webvtt.WebvttCssStyle.FONT_SIZE_UNIT_PIXEL, com.appsamurai.storyly.exoplayer2.extractor.text.webvtt.WebvttCssStyle.FONT_SIZE_UNIT_EM, com.appsamurai.storyly.exoplayer2.extractor.text.webvtt.WebvttCssStyle.FONT_SIZE_UNIT_PERCENT}" />
    </annotation>
  </item>
  <item name="com.appsamurai.storyly.exoplayer2.extractor.text.webvtt.WebvttCssStyle int getRubyPosition()">
    <annotation name="androidx.annotation.IntDef">
      <val name="value" val="{com.appsamurai.storyly.exoplayer2.common.text.span.TextAnnotation.POSITION_UNKNOWN, com.appsamurai.storyly.exoplayer2.common.text.span.TextAnnotation.POSITION_BEFORE, com.appsamurai.storyly.exoplayer2.common.text.span.TextAnnotation.POSITION_AFTER}" />
    </annotation>
  </item>
  <item name="com.appsamurai.storyly.exoplayer2.extractor.text.webvtt.WebvttCssStyle int getStyle()">
    <annotation name="androidx.annotation.IntDef">
      <val name="flag" val="true" />
      <val name="value" val="{com.appsamurai.storyly.exoplayer2.extractor.text.webvtt.WebvttCssStyle.UNSPECIFIED, com.appsamurai.storyly.exoplayer2.extractor.text.webvtt.WebvttCssStyle.STYLE_NORMAL, com.appsamurai.storyly.exoplayer2.extractor.text.webvtt.WebvttCssStyle.STYLE_BOLD, com.appsamurai.storyly.exoplayer2.extractor.text.webvtt.WebvttCssStyle.STYLE_ITALIC, com.appsamurai.storyly.exoplayer2.extractor.text.webvtt.WebvttCssStyle.STYLE_BOLD_ITALIC}" />
    </annotation>
  </item>
  <item name="com.appsamurai.storyly.exoplayer2.extractor.text.webvtt.WebvttCssStyle italic">
    <annotation name="androidx.annotation.IntDef">
      <val name="value" val="{com.appsamurai.storyly.exoplayer2.extractor.text.webvtt.WebvttCssStyle.UNSPECIFIED, com.appsamurai.storyly.exoplayer2.extractor.text.webvtt.WebvttCssStyle.OFF, com.appsamurai.storyly.exoplayer2.extractor.text.webvtt.WebvttCssStyle.ON}" />
    </annotation>
  </item>
  <item name="com.appsamurai.storyly.exoplayer2.extractor.text.webvtt.WebvttCssStyle linethrough">
    <annotation name="androidx.annotation.IntDef">
      <val name="value" val="{com.appsamurai.storyly.exoplayer2.extractor.text.webvtt.WebvttCssStyle.UNSPECIFIED, com.appsamurai.storyly.exoplayer2.extractor.text.webvtt.WebvttCssStyle.OFF, com.appsamurai.storyly.exoplayer2.extractor.text.webvtt.WebvttCssStyle.ON}" />
    </annotation>
  </item>
  <item name="com.appsamurai.storyly.exoplayer2.extractor.text.webvtt.WebvttCssStyle rubyPosition">
    <annotation name="androidx.annotation.IntDef">
      <val name="value" val="{com.appsamurai.storyly.exoplayer2.common.text.span.TextAnnotation.POSITION_UNKNOWN, com.appsamurai.storyly.exoplayer2.common.text.span.TextAnnotation.POSITION_BEFORE, com.appsamurai.storyly.exoplayer2.common.text.span.TextAnnotation.POSITION_AFTER}" />
    </annotation>
  </item>
  <item name="com.appsamurai.storyly.exoplayer2.extractor.text.webvtt.WebvttCssStyle underline">
    <annotation name="androidx.annotation.IntDef">
      <val name="value" val="{com.appsamurai.storyly.exoplayer2.extractor.text.webvtt.WebvttCssStyle.UNSPECIFIED, com.appsamurai.storyly.exoplayer2.extractor.text.webvtt.WebvttCssStyle.OFF, com.appsamurai.storyly.exoplayer2.extractor.text.webvtt.WebvttCssStyle.ON}" />
    </annotation>
  </item>
  <item name="com.appsamurai.storyly.exoplayer2.extractor.text.webvtt.WebvttCssStyle.FontSizeUnit">
    <annotation name="androidx.annotation.IntDef">
      <val name="value" val="{com.appsamurai.storyly.exoplayer2.extractor.text.webvtt.WebvttCssStyle.UNSPECIFIED, com.appsamurai.storyly.exoplayer2.extractor.text.webvtt.WebvttCssStyle.FONT_SIZE_UNIT_PIXEL, com.appsamurai.storyly.exoplayer2.extractor.text.webvtt.WebvttCssStyle.FONT_SIZE_UNIT_EM, com.appsamurai.storyly.exoplayer2.extractor.text.webvtt.WebvttCssStyle.FONT_SIZE_UNIT_PERCENT}" />
    </annotation>
  </item>
  <item name="com.appsamurai.storyly.exoplayer2.extractor.text.webvtt.WebvttCssStyle.StyleFlags">
    <annotation name="androidx.annotation.IntDef">
      <val name="flag" val="true" />
      <val name="value" val="{com.appsamurai.storyly.exoplayer2.extractor.text.webvtt.WebvttCssStyle.UNSPECIFIED, com.appsamurai.storyly.exoplayer2.extractor.text.webvtt.WebvttCssStyle.STYLE_NORMAL, com.appsamurai.storyly.exoplayer2.extractor.text.webvtt.WebvttCssStyle.STYLE_BOLD, com.appsamurai.storyly.exoplayer2.extractor.text.webvtt.WebvttCssStyle.STYLE_ITALIC, com.appsamurai.storyly.exoplayer2.extractor.text.webvtt.WebvttCssStyle.STYLE_BOLD_ITALIC}" />
    </annotation>
  </item>
  <item name="com.appsamurai.storyly.exoplayer2.extractor.text.webvtt.WebvttCueParser int firstKnownRubyPosition(int, int, int)">
    <annotation name="androidx.annotation.IntDef">
      <val name="value" val="{com.appsamurai.storyly.exoplayer2.common.text.span.TextAnnotation.POSITION_UNKNOWN, com.appsamurai.storyly.exoplayer2.common.text.span.TextAnnotation.POSITION_BEFORE, com.appsamurai.storyly.exoplayer2.common.text.span.TextAnnotation.POSITION_AFTER}" />
    </annotation>
  </item>
  <item name="com.appsamurai.storyly.exoplayer2.extractor.text.webvtt.WebvttCueParser int firstKnownRubyPosition(int, int, int) 0">
    <annotation name="androidx.annotation.IntDef">
      <val name="value" val="{com.appsamurai.storyly.exoplayer2.common.text.span.TextAnnotation.POSITION_UNKNOWN, com.appsamurai.storyly.exoplayer2.common.text.span.TextAnnotation.POSITION_BEFORE, com.appsamurai.storyly.exoplayer2.common.text.span.TextAnnotation.POSITION_AFTER}" />
    </annotation>
  </item>
  <item name="com.appsamurai.storyly.exoplayer2.extractor.text.webvtt.WebvttCueParser int firstKnownRubyPosition(int, int, int) 1">
    <annotation name="androidx.annotation.IntDef">
      <val name="value" val="{com.appsamurai.storyly.exoplayer2.common.text.span.TextAnnotation.POSITION_UNKNOWN, com.appsamurai.storyly.exoplayer2.common.text.span.TextAnnotation.POSITION_BEFORE, com.appsamurai.storyly.exoplayer2.common.text.span.TextAnnotation.POSITION_AFTER}" />
    </annotation>
  </item>
  <item name="com.appsamurai.storyly.exoplayer2.extractor.text.webvtt.WebvttCueParser int firstKnownRubyPosition(int, int, int) 2">
    <annotation name="androidx.annotation.IntDef">
      <val name="value" val="{com.appsamurai.storyly.exoplayer2.common.text.span.TextAnnotation.POSITION_UNKNOWN, com.appsamurai.storyly.exoplayer2.common.text.span.TextAnnotation.POSITION_BEFORE, com.appsamurai.storyly.exoplayer2.common.text.span.TextAnnotation.POSITION_AFTER}" />
    </annotation>
  </item>
  <item name="com.appsamurai.storyly.exoplayer2.extractor.text.webvtt.WebvttCueParser int getRubyPosition(java.util.List&lt;com.appsamurai.storyly.exoplayer2.extractor.text.webvtt.WebvttCssStyle&gt;, java.lang.String, com.appsamurai.storyly.exoplayer2.extractor.text.webvtt.WebvttCueParser.StartTag)">
    <annotation name="androidx.annotation.IntDef">
      <val name="value" val="{com.appsamurai.storyly.exoplayer2.common.text.span.TextAnnotation.POSITION_UNKNOWN, com.appsamurai.storyly.exoplayer2.common.text.span.TextAnnotation.POSITION_BEFORE, com.appsamurai.storyly.exoplayer2.common.text.span.TextAnnotation.POSITION_AFTER}" />
    </annotation>
  </item>
  <item name="com.appsamurai.storyly.exoplayer2.extractor.text.webvtt.WebvttCueParser int parseLineAnchor(java.lang.String)">
    <annotation name="androidx.annotation.IntDef">
      <val name="value" val="{com.appsamurai.storyly.exoplayer2.common.text.Cue.TYPE_UNSET, com.appsamurai.storyly.exoplayer2.common.text.Cue.ANCHOR_TYPE_START, com.appsamurai.storyly.exoplayer2.common.text.Cue.ANCHOR_TYPE_MIDDLE, com.appsamurai.storyly.exoplayer2.common.text.Cue.ANCHOR_TYPE_END}" />
    </annotation>
  </item>
  <item name="com.appsamurai.storyly.exoplayer2.extractor.text.webvtt.WebvttCueParser int parsePositionAnchor(java.lang.String)">
    <annotation name="androidx.annotation.IntDef">
      <val name="value" val="{com.appsamurai.storyly.exoplayer2.common.text.Cue.TYPE_UNSET, com.appsamurai.storyly.exoplayer2.common.text.Cue.ANCHOR_TYPE_START, com.appsamurai.storyly.exoplayer2.common.text.Cue.ANCHOR_TYPE_MIDDLE, com.appsamurai.storyly.exoplayer2.common.text.Cue.ANCHOR_TYPE_END}" />
    </annotation>
  </item>
  <item name="com.appsamurai.storyly.exoplayer2.extractor.text.webvtt.WebvttCueParser int parseTextAlignment(java.lang.String)">
    <annotation name="androidx.annotation.IntDef">
      <val name="value" val="{com.appsamurai.storyly.exoplayer2.extractor.text.webvtt.WebvttCueParser.TEXT_ALIGNMENT_START, com.appsamurai.storyly.exoplayer2.extractor.text.webvtt.WebvttCueParser.TEXT_ALIGNMENT_CENTER, com.appsamurai.storyly.exoplayer2.extractor.text.webvtt.WebvttCueParser.TEXT_ALIGNMENT_END, com.appsamurai.storyly.exoplayer2.extractor.text.webvtt.WebvttCueParser.TEXT_ALIGNMENT_LEFT, com.appsamurai.storyly.exoplayer2.extractor.text.webvtt.WebvttCueParser.TEXT_ALIGNMENT_RIGHT}" />
    </annotation>
  </item>
  <item name="com.appsamurai.storyly.exoplayer2.extractor.text.webvtt.WebvttCueParser int parseVerticalAttribute(java.lang.String)">
    <annotation name="androidx.annotation.IntDef">
      <val name="value" val="{com.appsamurai.storyly.exoplayer2.common.text.Cue.TYPE_UNSET, com.appsamurai.storyly.exoplayer2.common.text.Cue.VERTICAL_TYPE_RL, com.appsamurai.storyly.exoplayer2.common.text.Cue.VERTICAL_TYPE_LR}" />
    </annotation>
  </item>
  <item name="com.appsamurai.storyly.exoplayer2.extractor.text.webvtt.WebvttCueParser.WebvttCueInfoBuilder android.text.Layout.Alignment convertTextAlignment(int) 0">
    <annotation name="androidx.annotation.IntDef">
      <val name="value" val="{com.appsamurai.storyly.exoplayer2.extractor.text.webvtt.WebvttCueParser.TEXT_ALIGNMENT_START, com.appsamurai.storyly.exoplayer2.extractor.text.webvtt.WebvttCueParser.TEXT_ALIGNMENT_CENTER, com.appsamurai.storyly.exoplayer2.extractor.text.webvtt.WebvttCueParser.TEXT_ALIGNMENT_END, com.appsamurai.storyly.exoplayer2.extractor.text.webvtt.WebvttCueParser.TEXT_ALIGNMENT_LEFT, com.appsamurai.storyly.exoplayer2.extractor.text.webvtt.WebvttCueParser.TEXT_ALIGNMENT_RIGHT}" />
    </annotation>
  </item>
  <item name="com.appsamurai.storyly.exoplayer2.extractor.text.webvtt.WebvttCueParser.WebvttCueInfoBuilder float computeLine(float, int) 1">
    <annotation name="androidx.annotation.IntDef">
      <val name="value" val="{com.appsamurai.storyly.exoplayer2.common.text.Cue.TYPE_UNSET, com.appsamurai.storyly.exoplayer2.common.text.Cue.LINE_TYPE_FRACTION, com.appsamurai.storyly.exoplayer2.common.text.Cue.LINE_TYPE_NUMBER}" />
    </annotation>
  </item>
  <item name="com.appsamurai.storyly.exoplayer2.extractor.text.webvtt.WebvttCueParser.WebvttCueInfoBuilder float deriveMaxSize(int, float) 0">
    <annotation name="androidx.annotation.IntDef">
      <val name="value" val="{com.appsamurai.storyly.exoplayer2.common.text.Cue.TYPE_UNSET, com.appsamurai.storyly.exoplayer2.common.text.Cue.ANCHOR_TYPE_START, com.appsamurai.storyly.exoplayer2.common.text.Cue.ANCHOR_TYPE_MIDDLE, com.appsamurai.storyly.exoplayer2.common.text.Cue.ANCHOR_TYPE_END}" />
    </annotation>
  </item>
  <item name="com.appsamurai.storyly.exoplayer2.extractor.text.webvtt.WebvttCueParser.WebvttCueInfoBuilder float derivePosition(int) 0">
    <annotation name="androidx.annotation.IntDef">
      <val name="value" val="{com.appsamurai.storyly.exoplayer2.extractor.text.webvtt.WebvttCueParser.TEXT_ALIGNMENT_START, com.appsamurai.storyly.exoplayer2.extractor.text.webvtt.WebvttCueParser.TEXT_ALIGNMENT_CENTER, com.appsamurai.storyly.exoplayer2.extractor.text.webvtt.WebvttCueParser.TEXT_ALIGNMENT_END, com.appsamurai.storyly.exoplayer2.extractor.text.webvtt.WebvttCueParser.TEXT_ALIGNMENT_LEFT, com.appsamurai.storyly.exoplayer2.extractor.text.webvtt.WebvttCueParser.TEXT_ALIGNMENT_RIGHT}" />
    </annotation>
  </item>
  <item name="com.appsamurai.storyly.exoplayer2.extractor.text.webvtt.WebvttCueParser.WebvttCueInfoBuilder int derivePositionAnchor(int)">
    <annotation name="androidx.annotation.IntDef">
      <val name="value" val="{com.appsamurai.storyly.exoplayer2.common.text.Cue.TYPE_UNSET, com.appsamurai.storyly.exoplayer2.common.text.Cue.ANCHOR_TYPE_START, com.appsamurai.storyly.exoplayer2.common.text.Cue.ANCHOR_TYPE_MIDDLE, com.appsamurai.storyly.exoplayer2.common.text.Cue.ANCHOR_TYPE_END}" />
    </annotation>
  </item>
  <item name="com.appsamurai.storyly.exoplayer2.extractor.text.webvtt.WebvttCueParser.WebvttCueInfoBuilder int derivePositionAnchor(int) 0">
    <annotation name="androidx.annotation.IntDef">
      <val name="value" val="{com.appsamurai.storyly.exoplayer2.extractor.text.webvtt.WebvttCueParser.TEXT_ALIGNMENT_START, com.appsamurai.storyly.exoplayer2.extractor.text.webvtt.WebvttCueParser.TEXT_ALIGNMENT_CENTER, com.appsamurai.storyly.exoplayer2.extractor.text.webvtt.WebvttCueParser.TEXT_ALIGNMENT_END, com.appsamurai.storyly.exoplayer2.extractor.text.webvtt.WebvttCueParser.TEXT_ALIGNMENT_LEFT, com.appsamurai.storyly.exoplayer2.extractor.text.webvtt.WebvttCueParser.TEXT_ALIGNMENT_RIGHT}" />
    </annotation>
  </item>
  <item name="com.appsamurai.storyly.exoplayer2.extractor.text.webvtt.WebvttCueParser.WebvttCueInfoBuilder lineAnchor">
    <annotation name="androidx.annotation.IntDef">
      <val name="value" val="{com.appsamurai.storyly.exoplayer2.common.text.Cue.TYPE_UNSET, com.appsamurai.storyly.exoplayer2.common.text.Cue.ANCHOR_TYPE_START, com.appsamurai.storyly.exoplayer2.common.text.Cue.ANCHOR_TYPE_MIDDLE, com.appsamurai.storyly.exoplayer2.common.text.Cue.ANCHOR_TYPE_END}" />
    </annotation>
  </item>
  <item name="com.appsamurai.storyly.exoplayer2.extractor.text.webvtt.WebvttCueParser.WebvttCueInfoBuilder lineType">
    <annotation name="androidx.annotation.IntDef">
      <val name="value" val="{com.appsamurai.storyly.exoplayer2.common.text.Cue.TYPE_UNSET, com.appsamurai.storyly.exoplayer2.common.text.Cue.LINE_TYPE_FRACTION, com.appsamurai.storyly.exoplayer2.common.text.Cue.LINE_TYPE_NUMBER}" />
    </annotation>
  </item>
  <item name="com.appsamurai.storyly.exoplayer2.extractor.text.webvtt.WebvttCueParser.WebvttCueInfoBuilder positionAnchor">
    <annotation name="androidx.annotation.IntDef">
      <val name="value" val="{com.appsamurai.storyly.exoplayer2.common.text.Cue.TYPE_UNSET, com.appsamurai.storyly.exoplayer2.common.text.Cue.ANCHOR_TYPE_START, com.appsamurai.storyly.exoplayer2.common.text.Cue.ANCHOR_TYPE_MIDDLE, com.appsamurai.storyly.exoplayer2.common.text.Cue.ANCHOR_TYPE_END}" />
    </annotation>
  </item>
  <item name="com.appsamurai.storyly.exoplayer2.extractor.text.webvtt.WebvttCueParser.WebvttCueInfoBuilder textAlignment">
    <annotation name="androidx.annotation.IntDef">
      <val name="value" val="{com.appsamurai.storyly.exoplayer2.extractor.text.webvtt.WebvttCueParser.TEXT_ALIGNMENT_START, com.appsamurai.storyly.exoplayer2.extractor.text.webvtt.WebvttCueParser.TEXT_ALIGNMENT_CENTER, com.appsamurai.storyly.exoplayer2.extractor.text.webvtt.WebvttCueParser.TEXT_ALIGNMENT_END, com.appsamurai.storyly.exoplayer2.extractor.text.webvtt.WebvttCueParser.TEXT_ALIGNMENT_LEFT, com.appsamurai.storyly.exoplayer2.extractor.text.webvtt.WebvttCueParser.TEXT_ALIGNMENT_RIGHT}" />
    </annotation>
  </item>
  <item name="com.appsamurai.storyly.exoplayer2.extractor.text.webvtt.WebvttCueParser.WebvttCueInfoBuilder verticalType">
    <annotation name="androidx.annotation.IntDef">
      <val name="value" val="{com.appsamurai.storyly.exoplayer2.common.text.Cue.TYPE_UNSET, com.appsamurai.storyly.exoplayer2.common.text.Cue.VERTICAL_TYPE_RL, com.appsamurai.storyly.exoplayer2.common.text.Cue.VERTICAL_TYPE_LR}" />
    </annotation>
  </item>
</root>

