<?xml version="1.0" encoding="UTF-8"?>
<root>
  <item name="com.appsamurai.storyly.exoplayer2.core.video.spherical.CameraMotionRenderer int supportsFormat(com.appsamurai.storyly.exoplayer2.common.Format)">
  </item>
  <item name="com.appsamurai.storyly.exoplayer2.core.video.spherical.CameraMotionRenderer void handleMessage(int, java.lang.Object) 0">
    <annotation name="androidx.annotation.IntDef">
      <val name="open" val="true" />
      <val name="value" val="{com.appsamurai.storyly.exoplayer2.core.Renderer.MSG_SET_VIDEO_OUTPUT, com.appsamurai.storyly.exoplayer2.core.Renderer.MSG_SET_VOLUME, com.appsamurai.storyly.exoplayer2.core.Renderer.MSG_SET_AUDIO_ATTRIBUTES, com.appsamurai.storyly.exoplayer2.core.Renderer.MSG_SET_SCALING_MODE, com.appsamurai.storyly.exoplayer2.core.Renderer.MSG_SET_CHANGE_FRAME_RATE_STRATEGY, com.appsamurai.storyly.exoplayer2.core.Renderer.MSG_SET_AUX_EFFECT_INFO, com.appsamurai.storyly.exoplayer2.core.Renderer.MSG_SET_VIDEO_FRAME_METADATA_LISTENER, com.appsamurai.storyly.exoplayer2.core.Renderer.MSG_SET_CAMERA_MOTION_LISTENER, com.appsamurai.storyly.exoplayer2.core.Renderer.MSG_SET_SKIP_SILENCE_ENABLED, com.appsamurai.storyly.exoplayer2.core.Renderer.MSG_SET_AUDIO_SESSION_ID, com.appsamurai.storyly.exoplayer2.core.Renderer.MSG_SET_WAKEUP_LISTENER}" />
    </annotation>
  </item>
  <item name="com.appsamurai.storyly.exoplayer2.core.video.spherical.Projection com.appsamurai.storyly.exoplayer2.core.video.spherical.Projection createEquirectangular(float, int, int, float, float, int) 5">
    <annotation name="androidx.annotation.IntDef">
      <val name="value" val="{com.appsamurai.storyly.exoplayer2.common.Format.NO_VALUE, com.appsamurai.storyly.exoplayer2.common.C.STEREO_MODE_MONO, com.appsamurai.storyly.exoplayer2.common.C.STEREO_MODE_TOP_BOTTOM, com.appsamurai.storyly.exoplayer2.common.C.STEREO_MODE_LEFT_RIGHT, com.appsamurai.storyly.exoplayer2.common.C.STEREO_MODE_STEREO_MESH}" />
    </annotation>
  </item>
  <item name="com.appsamurai.storyly.exoplayer2.core.video.spherical.Projection com.appsamurai.storyly.exoplayer2.core.video.spherical.Projection createEquirectangular(int) 0">
    <annotation name="androidx.annotation.IntDef">
      <val name="value" val="{com.appsamurai.storyly.exoplayer2.common.Format.NO_VALUE, com.appsamurai.storyly.exoplayer2.common.C.STEREO_MODE_MONO, com.appsamurai.storyly.exoplayer2.common.C.STEREO_MODE_TOP_BOTTOM, com.appsamurai.storyly.exoplayer2.common.C.STEREO_MODE_LEFT_RIGHT, com.appsamurai.storyly.exoplayer2.common.C.STEREO_MODE_STEREO_MESH}" />
    </annotation>
  </item>
  <item name="com.appsamurai.storyly.exoplayer2.core.video.spherical.Projection stereoMode">
    <annotation name="androidx.annotation.IntDef">
      <val name="value" val="{com.appsamurai.storyly.exoplayer2.common.Format.NO_VALUE, com.appsamurai.storyly.exoplayer2.common.C.STEREO_MODE_MONO, com.appsamurai.storyly.exoplayer2.common.C.STEREO_MODE_TOP_BOTTOM, com.appsamurai.storyly.exoplayer2.common.C.STEREO_MODE_LEFT_RIGHT, com.appsamurai.storyly.exoplayer2.common.C.STEREO_MODE_STEREO_MESH}" />
    </annotation>
  </item>
  <item name="com.appsamurai.storyly.exoplayer2.core.video.spherical.Projection.DrawMode">
    <annotation name="androidx.annotation.IntDef">
      <val name="value" val="{com.appsamurai.storyly.exoplayer2.core.video.spherical.Projection.DRAW_MODE_TRIANGLES, com.appsamurai.storyly.exoplayer2.core.video.spherical.Projection.DRAW_MODE_TRIANGLES_STRIP, com.appsamurai.storyly.exoplayer2.core.video.spherical.Projection.DRAW_MODE_TRIANGLES_FAN}" />
    </annotation>
  </item>
  <item name="com.appsamurai.storyly.exoplayer2.core.video.spherical.Projection.SubMesh SubMesh(int, float[], float[], int) 3">
    <annotation name="androidx.annotation.IntDef">
      <val name="value" val="{com.appsamurai.storyly.exoplayer2.core.video.spherical.Projection.DRAW_MODE_TRIANGLES, com.appsamurai.storyly.exoplayer2.core.video.spherical.Projection.DRAW_MODE_TRIANGLES_STRIP, com.appsamurai.storyly.exoplayer2.core.video.spherical.Projection.DRAW_MODE_TRIANGLES_FAN}" />
    </annotation>
  </item>
  <item name="com.appsamurai.storyly.exoplayer2.core.video.spherical.Projection.SubMesh mode">
    <annotation name="androidx.annotation.IntDef">
      <val name="value" val="{com.appsamurai.storyly.exoplayer2.core.video.spherical.Projection.DRAW_MODE_TRIANGLES, com.appsamurai.storyly.exoplayer2.core.video.spherical.Projection.DRAW_MODE_TRIANGLES_STRIP, com.appsamurai.storyly.exoplayer2.core.video.spherical.Projection.DRAW_MODE_TRIANGLES_FAN}" />
    </annotation>
  </item>
  <item name="com.appsamurai.storyly.exoplayer2.core.video.spherical.ProjectionDecoder com.appsamurai.storyly.exoplayer2.core.video.spherical.Projection decode(byte[], int) 1">
    <annotation name="androidx.annotation.IntDef">
      <val name="value" val="{com.appsamurai.storyly.exoplayer2.common.Format.NO_VALUE, com.appsamurai.storyly.exoplayer2.common.C.STEREO_MODE_MONO, com.appsamurai.storyly.exoplayer2.common.C.STEREO_MODE_TOP_BOTTOM, com.appsamurai.storyly.exoplayer2.common.C.STEREO_MODE_LEFT_RIGHT, com.appsamurai.storyly.exoplayer2.common.C.STEREO_MODE_STEREO_MESH}" />
    </annotation>
  </item>
  <item name="com.appsamurai.storyly.exoplayer2.core.video.spherical.SceneRenderer defaultStereoMode">
    <annotation name="androidx.annotation.IntDef">
      <val name="value" val="{com.appsamurai.storyly.exoplayer2.common.Format.NO_VALUE, com.appsamurai.storyly.exoplayer2.common.C.STEREO_MODE_MONO, com.appsamurai.storyly.exoplayer2.common.C.STEREO_MODE_TOP_BOTTOM, com.appsamurai.storyly.exoplayer2.common.C.STEREO_MODE_LEFT_RIGHT, com.appsamurai.storyly.exoplayer2.common.C.STEREO_MODE_STEREO_MESH}" />
    </annotation>
  </item>
  <item name="com.appsamurai.storyly.exoplayer2.core.video.spherical.SceneRenderer lastStereoMode">
    <annotation name="androidx.annotation.IntDef">
      <val name="value" val="{com.appsamurai.storyly.exoplayer2.common.Format.NO_VALUE, com.appsamurai.storyly.exoplayer2.common.C.STEREO_MODE_MONO, com.appsamurai.storyly.exoplayer2.common.C.STEREO_MODE_TOP_BOTTOM, com.appsamurai.storyly.exoplayer2.common.C.STEREO_MODE_LEFT_RIGHT, com.appsamurai.storyly.exoplayer2.common.C.STEREO_MODE_STEREO_MESH}" />
    </annotation>
  </item>
  <item name="com.appsamurai.storyly.exoplayer2.core.video.spherical.SceneRenderer void setDefaultStereoMode(int) 0">
    <annotation name="androidx.annotation.IntDef">
      <val name="value" val="{com.appsamurai.storyly.exoplayer2.common.Format.NO_VALUE, com.appsamurai.storyly.exoplayer2.common.C.STEREO_MODE_MONO, com.appsamurai.storyly.exoplayer2.common.C.STEREO_MODE_TOP_BOTTOM, com.appsamurai.storyly.exoplayer2.common.C.STEREO_MODE_LEFT_RIGHT, com.appsamurai.storyly.exoplayer2.common.C.STEREO_MODE_STEREO_MESH}" />
    </annotation>
  </item>
  <item name="com.appsamurai.storyly.exoplayer2.core.video.spherical.SceneRenderer void setProjection(byte[], int, long) 1">
    <annotation name="androidx.annotation.IntDef">
      <val name="value" val="{com.appsamurai.storyly.exoplayer2.common.Format.NO_VALUE, com.appsamurai.storyly.exoplayer2.common.C.STEREO_MODE_MONO, com.appsamurai.storyly.exoplayer2.common.C.STEREO_MODE_TOP_BOTTOM, com.appsamurai.storyly.exoplayer2.common.C.STEREO_MODE_LEFT_RIGHT, com.appsamurai.storyly.exoplayer2.common.C.STEREO_MODE_STEREO_MESH}" />
    </annotation>
  </item>
  <item name="com.appsamurai.storyly.exoplayer2.core.video.spherical.SphericalGLSurfaceView void setDefaultStereoMode(int) 0">
    <annotation name="androidx.annotation.IntDef">
      <val name="value" val="{com.appsamurai.storyly.exoplayer2.common.Format.NO_VALUE, com.appsamurai.storyly.exoplayer2.common.C.STEREO_MODE_MONO, com.appsamurai.storyly.exoplayer2.common.C.STEREO_MODE_TOP_BOTTOM, com.appsamurai.storyly.exoplayer2.common.C.STEREO_MODE_LEFT_RIGHT, com.appsamurai.storyly.exoplayer2.common.C.STEREO_MODE_STEREO_MESH}" />
    </annotation>
  </item>
</root>

