<?xml version="1.0" encoding="UTF-8"?>
<root>
  <item name="com.appsamurai.storyly.exoplayer2.core.audio.AudioCapabilities boolean supportsEncoding(int) 0">
    <annotation name="androidx.annotation.IntDef">
      <val name="value" val="{com.appsamurai.storyly.exoplayer2.common.Format.NO_VALUE, com.appsamurai.storyly.exoplayer2.common.C.ENCODING_INVALID, com.appsamurai.storyly.exoplayer2.common.C.ENCODING_PCM_8BIT, com.appsamurai.storyly.exoplayer2.common.C.ENCODING_PCM_16BIT, com.appsamurai.storyly.exoplayer2.common.C.ENCODING_PCM_16BIT_BIG_ENDIAN, com.appsamurai.storyly.exoplayer2.common.C.ENCODING_PCM_24BIT, com.appsamurai.storyly.exoplayer2.common.C.ENCODING_PCM_32BIT, com.appsamurai.storyly.exoplayer2.common.C.ENCODING_PCM_FLOAT, com.appsamurai.storyly.exoplayer2.common.C.ENCODING_MP3, com.appsamurai.storyly.exoplayer2.common.C.ENCODING_AAC_LC, com.appsamurai.storyly.exoplayer2.common.C.ENCODING_AAC_HE_V1, com.appsamurai.storyly.exoplayer2.common.C.ENCODING_AAC_HE_V2, com.appsamurai.storyly.exoplayer2.common.C.ENCODING_AAC_XHE, com.appsamurai.storyly.exoplayer2.common.C.ENCODING_AAC_ELD, com.appsamurai.storyly.exoplayer2.common.C.ENCODING_AAC_ER_BSAC, com.appsamurai.storyly.exoplayer2.common.C.ENCODING_AC3, com.appsamurai.storyly.exoplayer2.common.C.ENCODING_E_AC3, com.appsamurai.storyly.exoplayer2.common.C.ENCODING_E_AC3_JOC, com.appsamurai.storyly.exoplayer2.common.C.ENCODING_AC4, com.appsamurai.storyly.exoplayer2.common.C.ENCODING_DTS, com.appsamurai.storyly.exoplayer2.common.C.ENCODING_DTS_HD, com.appsamurai.storyly.exoplayer2.common.C.ENCODING_DOLBY_TRUEHD}" />
    </annotation>
  </item>
  <item name="com.appsamurai.storyly.exoplayer2.core.audio.AudioCapabilities int getMaxSupportedChannelCountForPassthrough(int, int) 0">
    <annotation name="androidx.annotation.IntDef">
      <val name="value" val="{com.appsamurai.storyly.exoplayer2.common.Format.NO_VALUE, com.appsamurai.storyly.exoplayer2.common.C.ENCODING_INVALID, com.appsamurai.storyly.exoplayer2.common.C.ENCODING_PCM_8BIT, com.appsamurai.storyly.exoplayer2.common.C.ENCODING_PCM_16BIT, com.appsamurai.storyly.exoplayer2.common.C.ENCODING_PCM_16BIT_BIG_ENDIAN, com.appsamurai.storyly.exoplayer2.common.C.ENCODING_PCM_24BIT, com.appsamurai.storyly.exoplayer2.common.C.ENCODING_PCM_32BIT, com.appsamurai.storyly.exoplayer2.common.C.ENCODING_PCM_FLOAT, com.appsamurai.storyly.exoplayer2.common.C.ENCODING_MP3, com.appsamurai.storyly.exoplayer2.common.C.ENCODING_AAC_LC, com.appsamurai.storyly.exoplayer2.common.C.ENCODING_AAC_HE_V1, com.appsamurai.storyly.exoplayer2.common.C.ENCODING_AAC_HE_V2, com.appsamurai.storyly.exoplayer2.common.C.ENCODING_AAC_XHE, com.appsamurai.storyly.exoplayer2.common.C.ENCODING_AAC_ELD, com.appsamurai.storyly.exoplayer2.common.C.ENCODING_AAC_ER_BSAC, com.appsamurai.storyly.exoplayer2.common.C.ENCODING_AC3, com.appsamurai.storyly.exoplayer2.common.C.ENCODING_E_AC3, com.appsamurai.storyly.exoplayer2.common.C.ENCODING_E_AC3_JOC, com.appsamurai.storyly.exoplayer2.common.C.ENCODING_AC4, com.appsamurai.storyly.exoplayer2.common.C.ENCODING_DTS, com.appsamurai.storyly.exoplayer2.common.C.ENCODING_DTS_HD, com.appsamurai.storyly.exoplayer2.common.C.ENCODING_DOLBY_TRUEHD}" />
    </annotation>
  </item>
  <item name="com.appsamurai.storyly.exoplayer2.core.audio.AudioCapabilities.Api29 int getMaxSupportedChannelCountForPassthrough(int, int) 0">
    <annotation name="androidx.annotation.IntDef">
      <val name="value" val="{com.appsamurai.storyly.exoplayer2.common.Format.NO_VALUE, com.appsamurai.storyly.exoplayer2.common.C.ENCODING_INVALID, com.appsamurai.storyly.exoplayer2.common.C.ENCODING_PCM_8BIT, com.appsamurai.storyly.exoplayer2.common.C.ENCODING_PCM_16BIT, com.appsamurai.storyly.exoplayer2.common.C.ENCODING_PCM_16BIT_BIG_ENDIAN, com.appsamurai.storyly.exoplayer2.common.C.ENCODING_PCM_24BIT, com.appsamurai.storyly.exoplayer2.common.C.ENCODING_PCM_32BIT, com.appsamurai.storyly.exoplayer2.common.C.ENCODING_PCM_FLOAT, com.appsamurai.storyly.exoplayer2.common.C.ENCODING_MP3, com.appsamurai.storyly.exoplayer2.common.C.ENCODING_AAC_LC, com.appsamurai.storyly.exoplayer2.common.C.ENCODING_AAC_HE_V1, com.appsamurai.storyly.exoplayer2.common.C.ENCODING_AAC_HE_V2, com.appsamurai.storyly.exoplayer2.common.C.ENCODING_AAC_XHE, com.appsamurai.storyly.exoplayer2.common.C.ENCODING_AAC_ELD, com.appsamurai.storyly.exoplayer2.common.C.ENCODING_AAC_ER_BSAC, com.appsamurai.storyly.exoplayer2.common.C.ENCODING_AC3, com.appsamurai.storyly.exoplayer2.common.C.ENCODING_E_AC3, com.appsamurai.storyly.exoplayer2.common.C.ENCODING_E_AC3_JOC, com.appsamurai.storyly.exoplayer2.common.C.ENCODING_AC4, com.appsamurai.storyly.exoplayer2.common.C.ENCODING_DTS, com.appsamurai.storyly.exoplayer2.common.C.ENCODING_DTS_HD, com.appsamurai.storyly.exoplayer2.common.C.ENCODING_DOLBY_TRUEHD}" />
    </annotation>
  </item>
  <item name="com.appsamurai.storyly.exoplayer2.core.audio.AudioProcessor.AudioFormat AudioFormat(int, int, int) 2">
    <annotation name="androidx.annotation.IntDef">
      <val name="value" val="{com.appsamurai.storyly.exoplayer2.common.Format.NO_VALUE, com.appsamurai.storyly.exoplayer2.common.C.ENCODING_INVALID, com.appsamurai.storyly.exoplayer2.common.C.ENCODING_PCM_8BIT, com.appsamurai.storyly.exoplayer2.common.C.ENCODING_PCM_16BIT, com.appsamurai.storyly.exoplayer2.common.C.ENCODING_PCM_16BIT_BIG_ENDIAN, com.appsamurai.storyly.exoplayer2.common.C.ENCODING_PCM_24BIT, com.appsamurai.storyly.exoplayer2.common.C.ENCODING_PCM_32BIT, com.appsamurai.storyly.exoplayer2.common.C.ENCODING_PCM_FLOAT}" />
    </annotation>
  </item>
  <item name="com.appsamurai.storyly.exoplayer2.core.audio.AudioProcessor.AudioFormat encoding">
    <annotation name="androidx.annotation.IntDef">
      <val name="value" val="{com.appsamurai.storyly.exoplayer2.common.Format.NO_VALUE, com.appsamurai.storyly.exoplayer2.common.C.ENCODING_INVALID, com.appsamurai.storyly.exoplayer2.common.C.ENCODING_PCM_8BIT, com.appsamurai.storyly.exoplayer2.common.C.ENCODING_PCM_16BIT, com.appsamurai.storyly.exoplayer2.common.C.ENCODING_PCM_16BIT_BIG_ENDIAN, com.appsamurai.storyly.exoplayer2.common.C.ENCODING_PCM_24BIT, com.appsamurai.storyly.exoplayer2.common.C.ENCODING_PCM_32BIT, com.appsamurai.storyly.exoplayer2.common.C.ENCODING_PCM_FLOAT}" />
    </annotation>
  </item>
  <item name="com.appsamurai.storyly.exoplayer2.core.audio.AudioSink int getFormatSupport(com.appsamurai.storyly.exoplayer2.common.Format)">
    <annotation name="androidx.annotation.IntDef">
      <val name="value" val="{com.appsamurai.storyly.exoplayer2.core.audio.AudioSink.SINK_FORMAT_SUPPORTED_DIRECTLY, com.appsamurai.storyly.exoplayer2.core.audio.AudioSink.SINK_FORMAT_SUPPORTED_WITH_TRANSCODING, com.appsamurai.storyly.exoplayer2.core.audio.AudioSink.SINK_FORMAT_UNSUPPORTED}" />
    </annotation>
  </item>
  <item name="com.appsamurai.storyly.exoplayer2.core.audio.AudioSink.SinkFormatSupport">
    <annotation name="androidx.annotation.IntDef">
      <val name="value" val="{com.appsamurai.storyly.exoplayer2.core.audio.AudioSink.SINK_FORMAT_SUPPORTED_DIRECTLY, com.appsamurai.storyly.exoplayer2.core.audio.AudioSink.SINK_FORMAT_SUPPORTED_WITH_TRANSCODING, com.appsamurai.storyly.exoplayer2.core.audio.AudioSink.SINK_FORMAT_UNSUPPORTED}" />
    </annotation>
  </item>
  <item name="com.appsamurai.storyly.exoplayer2.core.audio.AudioTimestampPoller state">
    <annotation name="androidx.annotation.IntDef">
      <val name="value" val="{com.appsamurai.storyly.exoplayer2.core.audio.AudioTimestampPoller.STATE_INITIALIZING, com.appsamurai.storyly.exoplayer2.core.audio.AudioTimestampPoller.STATE_TIMESTAMP, com.appsamurai.storyly.exoplayer2.core.audio.AudioTimestampPoller.STATE_TIMESTAMP_ADVANCING, com.appsamurai.storyly.exoplayer2.core.audio.AudioTimestampPoller.STATE_NO_TIMESTAMP, com.appsamurai.storyly.exoplayer2.core.audio.AudioTimestampPoller.STATE_ERROR}" />
    </annotation>
  </item>
  <item name="com.appsamurai.storyly.exoplayer2.core.audio.AudioTimestampPoller void updateState(int) 0">
    <annotation name="androidx.annotation.IntDef">
      <val name="value" val="{com.appsamurai.storyly.exoplayer2.core.audio.AudioTimestampPoller.STATE_INITIALIZING, com.appsamurai.storyly.exoplayer2.core.audio.AudioTimestampPoller.STATE_TIMESTAMP, com.appsamurai.storyly.exoplayer2.core.audio.AudioTimestampPoller.STATE_TIMESTAMP_ADVANCING, com.appsamurai.storyly.exoplayer2.core.audio.AudioTimestampPoller.STATE_NO_TIMESTAMP, com.appsamurai.storyly.exoplayer2.core.audio.AudioTimestampPoller.STATE_ERROR}" />
    </annotation>
  </item>
  <item name="com.appsamurai.storyly.exoplayer2.core.audio.AudioTrackPositionTracker boolean needsPassthroughWorkarounds(int) 0">
    <annotation name="androidx.annotation.IntDef">
      <val name="value" val="{com.appsamurai.storyly.exoplayer2.common.Format.NO_VALUE, com.appsamurai.storyly.exoplayer2.common.C.ENCODING_INVALID, com.appsamurai.storyly.exoplayer2.common.C.ENCODING_PCM_8BIT, com.appsamurai.storyly.exoplayer2.common.C.ENCODING_PCM_16BIT, com.appsamurai.storyly.exoplayer2.common.C.ENCODING_PCM_16BIT_BIG_ENDIAN, com.appsamurai.storyly.exoplayer2.common.C.ENCODING_PCM_24BIT, com.appsamurai.storyly.exoplayer2.common.C.ENCODING_PCM_32BIT, com.appsamurai.storyly.exoplayer2.common.C.ENCODING_PCM_FLOAT, com.appsamurai.storyly.exoplayer2.common.C.ENCODING_MP3, com.appsamurai.storyly.exoplayer2.common.C.ENCODING_AAC_LC, com.appsamurai.storyly.exoplayer2.common.C.ENCODING_AAC_HE_V1, com.appsamurai.storyly.exoplayer2.common.C.ENCODING_AAC_HE_V2, com.appsamurai.storyly.exoplayer2.common.C.ENCODING_AAC_XHE, com.appsamurai.storyly.exoplayer2.common.C.ENCODING_AAC_ELD, com.appsamurai.storyly.exoplayer2.common.C.ENCODING_AAC_ER_BSAC, com.appsamurai.storyly.exoplayer2.common.C.ENCODING_AC3, com.appsamurai.storyly.exoplayer2.common.C.ENCODING_E_AC3, com.appsamurai.storyly.exoplayer2.common.C.ENCODING_E_AC3_JOC, com.appsamurai.storyly.exoplayer2.common.C.ENCODING_AC4, com.appsamurai.storyly.exoplayer2.common.C.ENCODING_DTS, com.appsamurai.storyly.exoplayer2.common.C.ENCODING_DTS_HD, com.appsamurai.storyly.exoplayer2.common.C.ENCODING_DOLBY_TRUEHD}" />
    </annotation>
  </item>
  <item name="com.appsamurai.storyly.exoplayer2.core.audio.AudioTrackPositionTracker void setAudioTrack(android.media.AudioTrack, boolean, int, int, int) 2">
    <annotation name="androidx.annotation.IntDef">
      <val name="value" val="{com.appsamurai.storyly.exoplayer2.common.Format.NO_VALUE, com.appsamurai.storyly.exoplayer2.common.C.ENCODING_INVALID, com.appsamurai.storyly.exoplayer2.common.C.ENCODING_PCM_8BIT, com.appsamurai.storyly.exoplayer2.common.C.ENCODING_PCM_16BIT, com.appsamurai.storyly.exoplayer2.common.C.ENCODING_PCM_16BIT_BIG_ENDIAN, com.appsamurai.storyly.exoplayer2.common.C.ENCODING_PCM_24BIT, com.appsamurai.storyly.exoplayer2.common.C.ENCODING_PCM_32BIT, com.appsamurai.storyly.exoplayer2.common.C.ENCODING_PCM_FLOAT, com.appsamurai.storyly.exoplayer2.common.C.ENCODING_MP3, com.appsamurai.storyly.exoplayer2.common.C.ENCODING_AAC_LC, com.appsamurai.storyly.exoplayer2.common.C.ENCODING_AAC_HE_V1, com.appsamurai.storyly.exoplayer2.common.C.ENCODING_AAC_HE_V2, com.appsamurai.storyly.exoplayer2.common.C.ENCODING_AAC_XHE, com.appsamurai.storyly.exoplayer2.common.C.ENCODING_AAC_ELD, com.appsamurai.storyly.exoplayer2.common.C.ENCODING_AAC_ER_BSAC, com.appsamurai.storyly.exoplayer2.common.C.ENCODING_AC3, com.appsamurai.storyly.exoplayer2.common.C.ENCODING_E_AC3, com.appsamurai.storyly.exoplayer2.common.C.ENCODING_E_AC3_JOC, com.appsamurai.storyly.exoplayer2.common.C.ENCODING_AC4, com.appsamurai.storyly.exoplayer2.common.C.ENCODING_DTS, com.appsamurai.storyly.exoplayer2.common.C.ENCODING_DTS_HD, com.appsamurai.storyly.exoplayer2.common.C.ENCODING_DOLBY_TRUEHD}" />
    </annotation>
  </item>
  <item name="com.appsamurai.storyly.exoplayer2.core.audio.DecoderAudioRenderer decoderReinitializationState">
    <annotation name="androidx.annotation.IntDef">
      <val name="value" val="{com.appsamurai.storyly.exoplayer2.core.audio.DecoderAudioRenderer.REINITIALIZATION_STATE_NONE, com.appsamurai.storyly.exoplayer2.core.audio.DecoderAudioRenderer.REINITIALIZATION_STATE_SIGNAL_END_OF_STREAM, com.appsamurai.storyly.exoplayer2.core.audio.DecoderAudioRenderer.REINITIALIZATION_STATE_WAIT_END_OF_STREAM}" />
    </annotation>
  </item>
  <item name="com.appsamurai.storyly.exoplayer2.core.audio.DecoderAudioRenderer int getSinkFormatSupport(com.appsamurai.storyly.exoplayer2.common.Format)">
    <annotation name="androidx.annotation.IntDef">
      <val name="value" val="{com.appsamurai.storyly.exoplayer2.core.audio.AudioSink.SINK_FORMAT_SUPPORTED_DIRECTLY, com.appsamurai.storyly.exoplayer2.core.audio.AudioSink.SINK_FORMAT_SUPPORTED_WITH_TRANSCODING, com.appsamurai.storyly.exoplayer2.core.audio.AudioSink.SINK_FORMAT_UNSUPPORTED}" />
    </annotation>
  </item>
  <item name="com.appsamurai.storyly.exoplayer2.core.audio.DecoderAudioRenderer int supportsFormat(com.appsamurai.storyly.exoplayer2.common.Format)">
  </item>
  <item name="com.appsamurai.storyly.exoplayer2.core.audio.DecoderAudioRenderer int supportsFormatInternal(com.appsamurai.storyly.exoplayer2.common.Format)">
    <annotation name="androidx.annotation.IntDef">
      <val name="value" val="{com.appsamurai.storyly.exoplayer2.common.C.FORMAT_HANDLED, com.appsamurai.storyly.exoplayer2.common.C.FORMAT_EXCEEDS_CAPABILITIES, com.appsamurai.storyly.exoplayer2.common.C.FORMAT_UNSUPPORTED_DRM, com.appsamurai.storyly.exoplayer2.common.C.FORMAT_UNSUPPORTED_SUBTYPE, com.appsamurai.storyly.exoplayer2.common.C.FORMAT_UNSUPPORTED_TYPE}" />
    </annotation>
  </item>
  <item name="com.appsamurai.storyly.exoplayer2.core.audio.DecoderAudioRenderer void handleMessage(int, java.lang.Object) 0">
    <annotation name="androidx.annotation.IntDef">
      <val name="open" val="true" />
      <val name="value" val="{com.appsamurai.storyly.exoplayer2.core.Renderer.MSG_SET_VIDEO_OUTPUT, com.appsamurai.storyly.exoplayer2.core.Renderer.MSG_SET_VOLUME, com.appsamurai.storyly.exoplayer2.core.Renderer.MSG_SET_AUDIO_ATTRIBUTES, com.appsamurai.storyly.exoplayer2.core.Renderer.MSG_SET_SCALING_MODE, com.appsamurai.storyly.exoplayer2.core.Renderer.MSG_SET_CHANGE_FRAME_RATE_STRATEGY, com.appsamurai.storyly.exoplayer2.core.Renderer.MSG_SET_AUX_EFFECT_INFO, com.appsamurai.storyly.exoplayer2.core.Renderer.MSG_SET_VIDEO_FRAME_METADATA_LISTENER, com.appsamurai.storyly.exoplayer2.core.Renderer.MSG_SET_CAMERA_MOTION_LISTENER, com.appsamurai.storyly.exoplayer2.core.Renderer.MSG_SET_SKIP_SILENCE_ENABLED, com.appsamurai.storyly.exoplayer2.core.Renderer.MSG_SET_AUDIO_SESSION_ID, com.appsamurai.storyly.exoplayer2.core.Renderer.MSG_SET_WAKEUP_LISTENER}" />
    </annotation>
  </item>
  <item name="com.appsamurai.storyly.exoplayer2.core.audio.DefaultAudioSink DefaultAudioSink(com.appsamurai.storyly.exoplayer2.core.audio.AudioCapabilities, com.appsamurai.storyly.exoplayer2.core.audio.DefaultAudioSink.AudioProcessorChain, boolean, boolean, int) 4">
    <annotation name="androidx.annotation.IntDef">
      <val name="value" val="{com.appsamurai.storyly.exoplayer2.core.audio.DefaultAudioSink.OFFLOAD_MODE_DISABLED, com.appsamurai.storyly.exoplayer2.core.audio.DefaultAudioSink.OFFLOAD_MODE_ENABLED_GAPLESS_REQUIRED, com.appsamurai.storyly.exoplayer2.core.audio.DefaultAudioSink.OFFLOAD_MODE_ENABLED_GAPLESS_NOT_REQUIRED, com.appsamurai.storyly.exoplayer2.core.audio.DefaultAudioSink.OFFLOAD_MODE_ENABLED_GAPLESS_DISABLED}" />
    </annotation>
  </item>
  <item name="com.appsamurai.storyly.exoplayer2.core.audio.DefaultAudioSink boolean shouldUseFloatOutput(int) 0">
    <annotation name="androidx.annotation.IntDef">
      <val name="value" val="{com.appsamurai.storyly.exoplayer2.common.Format.NO_VALUE, com.appsamurai.storyly.exoplayer2.common.C.ENCODING_INVALID, com.appsamurai.storyly.exoplayer2.common.C.ENCODING_PCM_8BIT, com.appsamurai.storyly.exoplayer2.common.C.ENCODING_PCM_16BIT, com.appsamurai.storyly.exoplayer2.common.C.ENCODING_PCM_16BIT_BIG_ENDIAN, com.appsamurai.storyly.exoplayer2.common.C.ENCODING_PCM_24BIT, com.appsamurai.storyly.exoplayer2.common.C.ENCODING_PCM_32BIT, com.appsamurai.storyly.exoplayer2.common.C.ENCODING_PCM_FLOAT}" />
    </annotation>
  </item>
  <item name="com.appsamurai.storyly.exoplayer2.core.audio.DefaultAudioSink int getFormatSupport(com.appsamurai.storyly.exoplayer2.common.Format)">
    <annotation name="androidx.annotation.IntDef">
      <val name="value" val="{com.appsamurai.storyly.exoplayer2.core.audio.AudioSink.SINK_FORMAT_SUPPORTED_DIRECTLY, com.appsamurai.storyly.exoplayer2.core.audio.AudioSink.SINK_FORMAT_SUPPORTED_WITH_TRANSCODING, com.appsamurai.storyly.exoplayer2.core.audio.AudioSink.SINK_FORMAT_UNSUPPORTED}" />
    </annotation>
  </item>
  <item name="com.appsamurai.storyly.exoplayer2.core.audio.DefaultAudioSink int getFramesPerEncodedSample(int, java.nio.ByteBuffer) 0">
    <annotation name="androidx.annotation.IntDef">
      <val name="value" val="{com.appsamurai.storyly.exoplayer2.common.Format.NO_VALUE, com.appsamurai.storyly.exoplayer2.common.C.ENCODING_INVALID, com.appsamurai.storyly.exoplayer2.common.C.ENCODING_PCM_8BIT, com.appsamurai.storyly.exoplayer2.common.C.ENCODING_PCM_16BIT, com.appsamurai.storyly.exoplayer2.common.C.ENCODING_PCM_16BIT_BIG_ENDIAN, com.appsamurai.storyly.exoplayer2.common.C.ENCODING_PCM_24BIT, com.appsamurai.storyly.exoplayer2.common.C.ENCODING_PCM_32BIT, com.appsamurai.storyly.exoplayer2.common.C.ENCODING_PCM_FLOAT, com.appsamurai.storyly.exoplayer2.common.C.ENCODING_MP3, com.appsamurai.storyly.exoplayer2.common.C.ENCODING_AAC_LC, com.appsamurai.storyly.exoplayer2.common.C.ENCODING_AAC_HE_V1, com.appsamurai.storyly.exoplayer2.common.C.ENCODING_AAC_HE_V2, com.appsamurai.storyly.exoplayer2.common.C.ENCODING_AAC_XHE, com.appsamurai.storyly.exoplayer2.common.C.ENCODING_AAC_ELD, com.appsamurai.storyly.exoplayer2.common.C.ENCODING_AAC_ER_BSAC, com.appsamurai.storyly.exoplayer2.common.C.ENCODING_AC3, com.appsamurai.storyly.exoplayer2.common.C.ENCODING_E_AC3, com.appsamurai.storyly.exoplayer2.common.C.ENCODING_E_AC3_JOC, com.appsamurai.storyly.exoplayer2.common.C.ENCODING_AC4, com.appsamurai.storyly.exoplayer2.common.C.ENCODING_DTS, com.appsamurai.storyly.exoplayer2.common.C.ENCODING_DTS_HD, com.appsamurai.storyly.exoplayer2.common.C.ENCODING_DOLBY_TRUEHD}" />
    </annotation>
  </item>
  <item name="com.appsamurai.storyly.exoplayer2.core.audio.DefaultAudioSink offloadMode">
    <annotation name="androidx.annotation.IntDef">
      <val name="value" val="{com.appsamurai.storyly.exoplayer2.core.audio.DefaultAudioSink.OFFLOAD_MODE_DISABLED, com.appsamurai.storyly.exoplayer2.core.audio.DefaultAudioSink.OFFLOAD_MODE_ENABLED_GAPLESS_REQUIRED, com.appsamurai.storyly.exoplayer2.core.audio.DefaultAudioSink.OFFLOAD_MODE_ENABLED_GAPLESS_NOT_REQUIRED, com.appsamurai.storyly.exoplayer2.core.audio.DefaultAudioSink.OFFLOAD_MODE_ENABLED_GAPLESS_DISABLED}" />
    </annotation>
  </item>
  <item name="com.appsamurai.storyly.exoplayer2.core.audio.DefaultAudioSink.AudioTrackBufferSizeProvider int getBufferSizeInBytes(int, int, int, int, int, double) 1">
    <annotation name="androidx.annotation.IntDef">
      <val name="value" val="{com.appsamurai.storyly.exoplayer2.common.Format.NO_VALUE, com.appsamurai.storyly.exoplayer2.common.C.ENCODING_INVALID, com.appsamurai.storyly.exoplayer2.common.C.ENCODING_PCM_8BIT, com.appsamurai.storyly.exoplayer2.common.C.ENCODING_PCM_16BIT, com.appsamurai.storyly.exoplayer2.common.C.ENCODING_PCM_16BIT_BIG_ENDIAN, com.appsamurai.storyly.exoplayer2.common.C.ENCODING_PCM_24BIT, com.appsamurai.storyly.exoplayer2.common.C.ENCODING_PCM_32BIT, com.appsamurai.storyly.exoplayer2.common.C.ENCODING_PCM_FLOAT, com.appsamurai.storyly.exoplayer2.common.C.ENCODING_MP3, com.appsamurai.storyly.exoplayer2.common.C.ENCODING_AAC_LC, com.appsamurai.storyly.exoplayer2.common.C.ENCODING_AAC_HE_V1, com.appsamurai.storyly.exoplayer2.common.C.ENCODING_AAC_HE_V2, com.appsamurai.storyly.exoplayer2.common.C.ENCODING_AAC_XHE, com.appsamurai.storyly.exoplayer2.common.C.ENCODING_AAC_ELD, com.appsamurai.storyly.exoplayer2.common.C.ENCODING_AAC_ER_BSAC, com.appsamurai.storyly.exoplayer2.common.C.ENCODING_AC3, com.appsamurai.storyly.exoplayer2.common.C.ENCODING_E_AC3, com.appsamurai.storyly.exoplayer2.common.C.ENCODING_E_AC3_JOC, com.appsamurai.storyly.exoplayer2.common.C.ENCODING_AC4, com.appsamurai.storyly.exoplayer2.common.C.ENCODING_DTS, com.appsamurai.storyly.exoplayer2.common.C.ENCODING_DTS_HD, com.appsamurai.storyly.exoplayer2.common.C.ENCODING_DOLBY_TRUEHD}" />
    </annotation>
  </item>
  <item name="com.appsamurai.storyly.exoplayer2.core.audio.DefaultAudioSink.AudioTrackBufferSizeProvider int getBufferSizeInBytes(int, int, int, int, int, double) 2">
    <annotation name="androidx.annotation.IntDef">
      <val name="value" val="{com.appsamurai.storyly.exoplayer2.core.audio.DefaultAudioSink.OUTPUT_MODE_PCM, com.appsamurai.storyly.exoplayer2.core.audio.DefaultAudioSink.OUTPUT_MODE_OFFLOAD, com.appsamurai.storyly.exoplayer2.core.audio.DefaultAudioSink.OUTPUT_MODE_PASSTHROUGH}" />
    </annotation>
  </item>
  <item name="com.appsamurai.storyly.exoplayer2.core.audio.DefaultAudioSink.Builder com.appsamurai.storyly.exoplayer2.core.audio.DefaultAudioSink.Builder setOffloadMode(int) 0">
    <annotation name="androidx.annotation.IntDef">
      <val name="value" val="{com.appsamurai.storyly.exoplayer2.core.audio.DefaultAudioSink.OFFLOAD_MODE_DISABLED, com.appsamurai.storyly.exoplayer2.core.audio.DefaultAudioSink.OFFLOAD_MODE_ENABLED_GAPLESS_REQUIRED, com.appsamurai.storyly.exoplayer2.core.audio.DefaultAudioSink.OFFLOAD_MODE_ENABLED_GAPLESS_NOT_REQUIRED, com.appsamurai.storyly.exoplayer2.core.audio.DefaultAudioSink.OFFLOAD_MODE_ENABLED_GAPLESS_DISABLED}" />
    </annotation>
  </item>
  <item name="com.appsamurai.storyly.exoplayer2.core.audio.DefaultAudioSink.Configuration Configuration(com.appsamurai.storyly.exoplayer2.common.Format, int, int, int, int, int, int, int, com.appsamurai.storyly.exoplayer2.core.audio.AudioProcessor[]) 2">
    <annotation name="androidx.annotation.IntDef">
      <val name="value" val="{com.appsamurai.storyly.exoplayer2.core.audio.DefaultAudioSink.OUTPUT_MODE_PCM, com.appsamurai.storyly.exoplayer2.core.audio.DefaultAudioSink.OUTPUT_MODE_OFFLOAD, com.appsamurai.storyly.exoplayer2.core.audio.DefaultAudioSink.OUTPUT_MODE_PASSTHROUGH}" />
    </annotation>
  </item>
  <item name="com.appsamurai.storyly.exoplayer2.core.audio.DefaultAudioSink.Configuration outputEncoding">
    <annotation name="androidx.annotation.IntDef">
      <val name="value" val="{com.appsamurai.storyly.exoplayer2.common.Format.NO_VALUE, com.appsamurai.storyly.exoplayer2.common.C.ENCODING_INVALID, com.appsamurai.storyly.exoplayer2.common.C.ENCODING_PCM_8BIT, com.appsamurai.storyly.exoplayer2.common.C.ENCODING_PCM_16BIT, com.appsamurai.storyly.exoplayer2.common.C.ENCODING_PCM_16BIT_BIG_ENDIAN, com.appsamurai.storyly.exoplayer2.common.C.ENCODING_PCM_24BIT, com.appsamurai.storyly.exoplayer2.common.C.ENCODING_PCM_32BIT, com.appsamurai.storyly.exoplayer2.common.C.ENCODING_PCM_FLOAT, com.appsamurai.storyly.exoplayer2.common.C.ENCODING_MP3, com.appsamurai.storyly.exoplayer2.common.C.ENCODING_AAC_LC, com.appsamurai.storyly.exoplayer2.common.C.ENCODING_AAC_HE_V1, com.appsamurai.storyly.exoplayer2.common.C.ENCODING_AAC_HE_V2, com.appsamurai.storyly.exoplayer2.common.C.ENCODING_AAC_XHE, com.appsamurai.storyly.exoplayer2.common.C.ENCODING_AAC_ELD, com.appsamurai.storyly.exoplayer2.common.C.ENCODING_AAC_ER_BSAC, com.appsamurai.storyly.exoplayer2.common.C.ENCODING_AC3, com.appsamurai.storyly.exoplayer2.common.C.ENCODING_E_AC3, com.appsamurai.storyly.exoplayer2.common.C.ENCODING_E_AC3_JOC, com.appsamurai.storyly.exoplayer2.common.C.ENCODING_AC4, com.appsamurai.storyly.exoplayer2.common.C.ENCODING_DTS, com.appsamurai.storyly.exoplayer2.common.C.ENCODING_DTS_HD, com.appsamurai.storyly.exoplayer2.common.C.ENCODING_DOLBY_TRUEHD}" />
    </annotation>
  </item>
  <item name="com.appsamurai.storyly.exoplayer2.core.audio.DefaultAudioSink.Configuration outputMode">
    <annotation name="androidx.annotation.IntDef">
      <val name="value" val="{com.appsamurai.storyly.exoplayer2.core.audio.DefaultAudioSink.OUTPUT_MODE_PCM, com.appsamurai.storyly.exoplayer2.core.audio.DefaultAudioSink.OUTPUT_MODE_OFFLOAD, com.appsamurai.storyly.exoplayer2.core.audio.DefaultAudioSink.OUTPUT_MODE_PASSTHROUGH}" />
    </annotation>
  </item>
  <item name="com.appsamurai.storyly.exoplayer2.core.audio.DefaultAudioSink.OffloadMode">
    <annotation name="androidx.annotation.IntDef">
      <val name="value" val="{com.appsamurai.storyly.exoplayer2.core.audio.DefaultAudioSink.OFFLOAD_MODE_DISABLED, com.appsamurai.storyly.exoplayer2.core.audio.DefaultAudioSink.OFFLOAD_MODE_ENABLED_GAPLESS_REQUIRED, com.appsamurai.storyly.exoplayer2.core.audio.DefaultAudioSink.OFFLOAD_MODE_ENABLED_GAPLESS_NOT_REQUIRED, com.appsamurai.storyly.exoplayer2.core.audio.DefaultAudioSink.OFFLOAD_MODE_ENABLED_GAPLESS_DISABLED}" />
    </annotation>
  </item>
  <item name="com.appsamurai.storyly.exoplayer2.core.audio.DefaultAudioSink.OutputMode">
    <annotation name="androidx.annotation.IntDef">
      <val name="value" val="{com.appsamurai.storyly.exoplayer2.core.audio.DefaultAudioSink.OUTPUT_MODE_PCM, com.appsamurai.storyly.exoplayer2.core.audio.DefaultAudioSink.OUTPUT_MODE_OFFLOAD, com.appsamurai.storyly.exoplayer2.core.audio.DefaultAudioSink.OUTPUT_MODE_PASSTHROUGH}" />
    </annotation>
  </item>
  <item name="com.appsamurai.storyly.exoplayer2.core.audio.DefaultAudioTrackBufferSizeProvider int getBufferSizeInBytes(int, int, int, int, int, double) 1">
    <annotation name="androidx.annotation.IntDef">
      <val name="value" val="{com.appsamurai.storyly.exoplayer2.common.Format.NO_VALUE, com.appsamurai.storyly.exoplayer2.common.C.ENCODING_INVALID, com.appsamurai.storyly.exoplayer2.common.C.ENCODING_PCM_8BIT, com.appsamurai.storyly.exoplayer2.common.C.ENCODING_PCM_16BIT, com.appsamurai.storyly.exoplayer2.common.C.ENCODING_PCM_16BIT_BIG_ENDIAN, com.appsamurai.storyly.exoplayer2.common.C.ENCODING_PCM_24BIT, com.appsamurai.storyly.exoplayer2.common.C.ENCODING_PCM_32BIT, com.appsamurai.storyly.exoplayer2.common.C.ENCODING_PCM_FLOAT, com.appsamurai.storyly.exoplayer2.common.C.ENCODING_MP3, com.appsamurai.storyly.exoplayer2.common.C.ENCODING_AAC_LC, com.appsamurai.storyly.exoplayer2.common.C.ENCODING_AAC_HE_V1, com.appsamurai.storyly.exoplayer2.common.C.ENCODING_AAC_HE_V2, com.appsamurai.storyly.exoplayer2.common.C.ENCODING_AAC_XHE, com.appsamurai.storyly.exoplayer2.common.C.ENCODING_AAC_ELD, com.appsamurai.storyly.exoplayer2.common.C.ENCODING_AAC_ER_BSAC, com.appsamurai.storyly.exoplayer2.common.C.ENCODING_AC3, com.appsamurai.storyly.exoplayer2.common.C.ENCODING_E_AC3, com.appsamurai.storyly.exoplayer2.common.C.ENCODING_E_AC3_JOC, com.appsamurai.storyly.exoplayer2.common.C.ENCODING_AC4, com.appsamurai.storyly.exoplayer2.common.C.ENCODING_DTS, com.appsamurai.storyly.exoplayer2.common.C.ENCODING_DTS_HD, com.appsamurai.storyly.exoplayer2.common.C.ENCODING_DOLBY_TRUEHD}" />
    </annotation>
  </item>
  <item name="com.appsamurai.storyly.exoplayer2.core.audio.DefaultAudioTrackBufferSizeProvider int getBufferSizeInBytes(int, int, int, int, int, double) 2">
    <annotation name="androidx.annotation.IntDef">
      <val name="value" val="{com.appsamurai.storyly.exoplayer2.core.audio.DefaultAudioSink.OUTPUT_MODE_PCM, com.appsamurai.storyly.exoplayer2.core.audio.DefaultAudioSink.OUTPUT_MODE_OFFLOAD, com.appsamurai.storyly.exoplayer2.core.audio.DefaultAudioSink.OUTPUT_MODE_PASSTHROUGH}" />
    </annotation>
  </item>
  <item name="com.appsamurai.storyly.exoplayer2.core.audio.DefaultAudioTrackBufferSizeProvider int getMaximumEncodedRateBytesPerSecond(int) 0">
    <annotation name="androidx.annotation.IntDef">
      <val name="value" val="{com.appsamurai.storyly.exoplayer2.common.Format.NO_VALUE, com.appsamurai.storyly.exoplayer2.common.C.ENCODING_INVALID, com.appsamurai.storyly.exoplayer2.common.C.ENCODING_PCM_8BIT, com.appsamurai.storyly.exoplayer2.common.C.ENCODING_PCM_16BIT, com.appsamurai.storyly.exoplayer2.common.C.ENCODING_PCM_16BIT_BIG_ENDIAN, com.appsamurai.storyly.exoplayer2.common.C.ENCODING_PCM_24BIT, com.appsamurai.storyly.exoplayer2.common.C.ENCODING_PCM_32BIT, com.appsamurai.storyly.exoplayer2.common.C.ENCODING_PCM_FLOAT, com.appsamurai.storyly.exoplayer2.common.C.ENCODING_MP3, com.appsamurai.storyly.exoplayer2.common.C.ENCODING_AAC_LC, com.appsamurai.storyly.exoplayer2.common.C.ENCODING_AAC_HE_V1, com.appsamurai.storyly.exoplayer2.common.C.ENCODING_AAC_HE_V2, com.appsamurai.storyly.exoplayer2.common.C.ENCODING_AAC_XHE, com.appsamurai.storyly.exoplayer2.common.C.ENCODING_AAC_ELD, com.appsamurai.storyly.exoplayer2.common.C.ENCODING_AAC_ER_BSAC, com.appsamurai.storyly.exoplayer2.common.C.ENCODING_AC3, com.appsamurai.storyly.exoplayer2.common.C.ENCODING_E_AC3, com.appsamurai.storyly.exoplayer2.common.C.ENCODING_E_AC3_JOC, com.appsamurai.storyly.exoplayer2.common.C.ENCODING_AC4, com.appsamurai.storyly.exoplayer2.common.C.ENCODING_DTS, com.appsamurai.storyly.exoplayer2.common.C.ENCODING_DTS_HD, com.appsamurai.storyly.exoplayer2.common.C.ENCODING_DOLBY_TRUEHD}" />
    </annotation>
  </item>
  <item name="com.appsamurai.storyly.exoplayer2.core.audio.DefaultAudioTrackBufferSizeProvider int getOffloadBufferSizeInBytes(int) 0">
    <annotation name="androidx.annotation.IntDef">
      <val name="value" val="{com.appsamurai.storyly.exoplayer2.common.Format.NO_VALUE, com.appsamurai.storyly.exoplayer2.common.C.ENCODING_INVALID, com.appsamurai.storyly.exoplayer2.common.C.ENCODING_PCM_8BIT, com.appsamurai.storyly.exoplayer2.common.C.ENCODING_PCM_16BIT, com.appsamurai.storyly.exoplayer2.common.C.ENCODING_PCM_16BIT_BIG_ENDIAN, com.appsamurai.storyly.exoplayer2.common.C.ENCODING_PCM_24BIT, com.appsamurai.storyly.exoplayer2.common.C.ENCODING_PCM_32BIT, com.appsamurai.storyly.exoplayer2.common.C.ENCODING_PCM_FLOAT, com.appsamurai.storyly.exoplayer2.common.C.ENCODING_MP3, com.appsamurai.storyly.exoplayer2.common.C.ENCODING_AAC_LC, com.appsamurai.storyly.exoplayer2.common.C.ENCODING_AAC_HE_V1, com.appsamurai.storyly.exoplayer2.common.C.ENCODING_AAC_HE_V2, com.appsamurai.storyly.exoplayer2.common.C.ENCODING_AAC_XHE, com.appsamurai.storyly.exoplayer2.common.C.ENCODING_AAC_ELD, com.appsamurai.storyly.exoplayer2.common.C.ENCODING_AAC_ER_BSAC, com.appsamurai.storyly.exoplayer2.common.C.ENCODING_AC3, com.appsamurai.storyly.exoplayer2.common.C.ENCODING_E_AC3, com.appsamurai.storyly.exoplayer2.common.C.ENCODING_E_AC3_JOC, com.appsamurai.storyly.exoplayer2.common.C.ENCODING_AC4, com.appsamurai.storyly.exoplayer2.common.C.ENCODING_DTS, com.appsamurai.storyly.exoplayer2.common.C.ENCODING_DTS_HD, com.appsamurai.storyly.exoplayer2.common.C.ENCODING_DOLBY_TRUEHD}" />
    </annotation>
  </item>
  <item name="com.appsamurai.storyly.exoplayer2.core.audio.DefaultAudioTrackBufferSizeProvider int getPassthroughBufferSizeInBytes(int) 0">
    <annotation name="androidx.annotation.IntDef">
      <val name="value" val="{com.appsamurai.storyly.exoplayer2.common.Format.NO_VALUE, com.appsamurai.storyly.exoplayer2.common.C.ENCODING_INVALID, com.appsamurai.storyly.exoplayer2.common.C.ENCODING_PCM_8BIT, com.appsamurai.storyly.exoplayer2.common.C.ENCODING_PCM_16BIT, com.appsamurai.storyly.exoplayer2.common.C.ENCODING_PCM_16BIT_BIG_ENDIAN, com.appsamurai.storyly.exoplayer2.common.C.ENCODING_PCM_24BIT, com.appsamurai.storyly.exoplayer2.common.C.ENCODING_PCM_32BIT, com.appsamurai.storyly.exoplayer2.common.C.ENCODING_PCM_FLOAT, com.appsamurai.storyly.exoplayer2.common.C.ENCODING_MP3, com.appsamurai.storyly.exoplayer2.common.C.ENCODING_AAC_LC, com.appsamurai.storyly.exoplayer2.common.C.ENCODING_AAC_HE_V1, com.appsamurai.storyly.exoplayer2.common.C.ENCODING_AAC_HE_V2, com.appsamurai.storyly.exoplayer2.common.C.ENCODING_AAC_XHE, com.appsamurai.storyly.exoplayer2.common.C.ENCODING_AAC_ELD, com.appsamurai.storyly.exoplayer2.common.C.ENCODING_AAC_ER_BSAC, com.appsamurai.storyly.exoplayer2.common.C.ENCODING_AC3, com.appsamurai.storyly.exoplayer2.common.C.ENCODING_E_AC3, com.appsamurai.storyly.exoplayer2.common.C.ENCODING_E_AC3_JOC, com.appsamurai.storyly.exoplayer2.common.C.ENCODING_AC4, com.appsamurai.storyly.exoplayer2.common.C.ENCODING_DTS, com.appsamurai.storyly.exoplayer2.common.C.ENCODING_DTS_HD, com.appsamurai.storyly.exoplayer2.common.C.ENCODING_DOLBY_TRUEHD}" />
    </annotation>
  </item>
  <item name="com.appsamurai.storyly.exoplayer2.core.audio.ForwardingAudioSink int getFormatSupport(com.appsamurai.storyly.exoplayer2.common.Format)">
    <annotation name="androidx.annotation.IntDef">
      <val name="value" val="{com.appsamurai.storyly.exoplayer2.core.audio.AudioSink.SINK_FORMAT_SUPPORTED_DIRECTLY, com.appsamurai.storyly.exoplayer2.core.audio.AudioSink.SINK_FORMAT_SUPPORTED_WITH_TRANSCODING, com.appsamurai.storyly.exoplayer2.core.audio.AudioSink.SINK_FORMAT_UNSUPPORTED}" />
    </annotation>
  </item>
  <item name="com.appsamurai.storyly.exoplayer2.core.audio.MediaCodecAudioRenderer int supportsFormat(com.appsamurai.storyly.exoplayer2.core.mediacodec.MediaCodecSelector, com.appsamurai.storyly.exoplayer2.common.Format)">
  </item>
  <item name="com.appsamurai.storyly.exoplayer2.core.audio.MediaCodecAudioRenderer void handleMessage(int, java.lang.Object) 0">
    <annotation name="androidx.annotation.IntDef">
      <val name="open" val="true" />
      <val name="value" val="{com.appsamurai.storyly.exoplayer2.core.Renderer.MSG_SET_VIDEO_OUTPUT, com.appsamurai.storyly.exoplayer2.core.Renderer.MSG_SET_VOLUME, com.appsamurai.storyly.exoplayer2.core.Renderer.MSG_SET_AUDIO_ATTRIBUTES, com.appsamurai.storyly.exoplayer2.core.Renderer.MSG_SET_SCALING_MODE, com.appsamurai.storyly.exoplayer2.core.Renderer.MSG_SET_CHANGE_FRAME_RATE_STRATEGY, com.appsamurai.storyly.exoplayer2.core.Renderer.MSG_SET_AUX_EFFECT_INFO, com.appsamurai.storyly.exoplayer2.core.Renderer.MSG_SET_VIDEO_FRAME_METADATA_LISTENER, com.appsamurai.storyly.exoplayer2.core.Renderer.MSG_SET_CAMERA_MOTION_LISTENER, com.appsamurai.storyly.exoplayer2.core.Renderer.MSG_SET_SKIP_SILENCE_ENABLED, com.appsamurai.storyly.exoplayer2.core.Renderer.MSG_SET_AUDIO_SESSION_ID, com.appsamurai.storyly.exoplayer2.core.Renderer.MSG_SET_WAKEUP_LISTENER}" />
    </annotation>
  </item>
  <item name="com.appsamurai.storyly.exoplayer2.core.audio.SilenceSkippingAudioProcessor state">
    <annotation name="androidx.annotation.IntDef">
      <val name="value" val="{com.appsamurai.storyly.exoplayer2.core.audio.SilenceSkippingAudioProcessor.STATE_NOISY, com.appsamurai.storyly.exoplayer2.core.audio.SilenceSkippingAudioProcessor.STATE_MAYBE_SILENT, com.appsamurai.storyly.exoplayer2.core.audio.SilenceSkippingAudioProcessor.STATE_SILENT}" />
    </annotation>
  </item>
  <item name="com.appsamurai.storyly.exoplayer2.core.audio.TeeAudioProcessor.AudioBufferSink void flush(int, int, int) 2">
    <annotation name="androidx.annotation.IntDef">
      <val name="value" val="{com.appsamurai.storyly.exoplayer2.common.Format.NO_VALUE, com.appsamurai.storyly.exoplayer2.common.C.ENCODING_INVALID, com.appsamurai.storyly.exoplayer2.common.C.ENCODING_PCM_8BIT, com.appsamurai.storyly.exoplayer2.common.C.ENCODING_PCM_16BIT, com.appsamurai.storyly.exoplayer2.common.C.ENCODING_PCM_16BIT_BIG_ENDIAN, com.appsamurai.storyly.exoplayer2.common.C.ENCODING_PCM_24BIT, com.appsamurai.storyly.exoplayer2.common.C.ENCODING_PCM_32BIT, com.appsamurai.storyly.exoplayer2.common.C.ENCODING_PCM_FLOAT}" />
    </annotation>
  </item>
  <item name="com.appsamurai.storyly.exoplayer2.core.audio.TeeAudioProcessor.WavFileAudioBufferSink encoding">
    <annotation name="androidx.annotation.IntDef">
      <val name="value" val="{com.appsamurai.storyly.exoplayer2.common.Format.NO_VALUE, com.appsamurai.storyly.exoplayer2.common.C.ENCODING_INVALID, com.appsamurai.storyly.exoplayer2.common.C.ENCODING_PCM_8BIT, com.appsamurai.storyly.exoplayer2.common.C.ENCODING_PCM_16BIT, com.appsamurai.storyly.exoplayer2.common.C.ENCODING_PCM_16BIT_BIG_ENDIAN, com.appsamurai.storyly.exoplayer2.common.C.ENCODING_PCM_24BIT, com.appsamurai.storyly.exoplayer2.common.C.ENCODING_PCM_32BIT, com.appsamurai.storyly.exoplayer2.common.C.ENCODING_PCM_FLOAT}" />
    </annotation>
  </item>
  <item name="com.appsamurai.storyly.exoplayer2.core.audio.TeeAudioProcessor.WavFileAudioBufferSink void flush(int, int, int) 2">
    <annotation name="androidx.annotation.IntDef">
      <val name="value" val="{com.appsamurai.storyly.exoplayer2.common.Format.NO_VALUE, com.appsamurai.storyly.exoplayer2.common.C.ENCODING_INVALID, com.appsamurai.storyly.exoplayer2.common.C.ENCODING_PCM_8BIT, com.appsamurai.storyly.exoplayer2.common.C.ENCODING_PCM_16BIT, com.appsamurai.storyly.exoplayer2.common.C.ENCODING_PCM_16BIT_BIG_ENDIAN, com.appsamurai.storyly.exoplayer2.common.C.ENCODING_PCM_24BIT, com.appsamurai.storyly.exoplayer2.common.C.ENCODING_PCM_32BIT, com.appsamurai.storyly.exoplayer2.common.C.ENCODING_PCM_FLOAT}" />
    </annotation>
  </item>
  <item name="com.appsamurai.storyly.exoplayer2.core.audio.TrimmingAudioProcessor OUTPUT_ENCODING">
    <annotation name="androidx.annotation.IntDef">
      <val name="value" val="{com.appsamurai.storyly.exoplayer2.common.Format.NO_VALUE, com.appsamurai.storyly.exoplayer2.common.C.ENCODING_INVALID, com.appsamurai.storyly.exoplayer2.common.C.ENCODING_PCM_8BIT, com.appsamurai.storyly.exoplayer2.common.C.ENCODING_PCM_16BIT, com.appsamurai.storyly.exoplayer2.common.C.ENCODING_PCM_16BIT_BIG_ENDIAN, com.appsamurai.storyly.exoplayer2.common.C.ENCODING_PCM_24BIT, com.appsamurai.storyly.exoplayer2.common.C.ENCODING_PCM_32BIT, com.appsamurai.storyly.exoplayer2.common.C.ENCODING_PCM_FLOAT}" />
    </annotation>
  </item>
</root>

