<?xml version="1.0" encoding="UTF-8"?>
<root>
  <item name="com.appsamurai.storyly.exoplayer2.core.analytics.AnalyticsListener void onDrmSessionAcquired(com.appsamurai.storyly.exoplayer2.core.analytics.AnalyticsListener.EventTime, int) 1">
    <annotation name="androidx.annotation.IntDef">
      <val name="value" val="{com.appsamurai.storyly.exoplayer2.core.drm.DrmSession.STATE_RELEASED, com.appsamurai.storyly.exoplayer2.core.drm.DrmSession.STATE_ERROR, com.appsamurai.storyly.exoplayer2.core.drm.DrmSession.STATE_OPENING, com.appsamurai.storyly.exoplayer2.core.drm.DrmSession.STATE_OPENED, com.appsamurai.storyly.exoplayer2.core.drm.DrmSession.STATE_OPENED_WITH_KEYS}" />
    </annotation>
  </item>
  <item name="com.appsamurai.storyly.exoplayer2.core.analytics.AnalyticsListener void onMediaItemTransition(com.appsamurai.storyly.exoplayer2.core.analytics.AnalyticsListener.EventTime, com.appsamurai.storyly.exoplayer2.common.MediaItem, int) 2">
    <annotation name="androidx.annotation.IntDef">
      <val name="value" val="{com.appsamurai.storyly.exoplayer2.common.Player.MEDIA_ITEM_TRANSITION_REASON_REPEAT, com.appsamurai.storyly.exoplayer2.common.Player.MEDIA_ITEM_TRANSITION_REASON_AUTO, com.appsamurai.storyly.exoplayer2.common.Player.MEDIA_ITEM_TRANSITION_REASON_SEEK, com.appsamurai.storyly.exoplayer2.common.Player.MEDIA_ITEM_TRANSITION_REASON_PLAYLIST_CHANGED}" />
    </annotation>
  </item>
  <item name="com.appsamurai.storyly.exoplayer2.core.analytics.AnalyticsListener void onPlayWhenReadyChanged(com.appsamurai.storyly.exoplayer2.core.analytics.AnalyticsListener.EventTime, boolean, int) 2">
    <annotation name="androidx.annotation.IntDef">
      <val name="value" val="{com.appsamurai.storyly.exoplayer2.common.Player.PLAY_WHEN_READY_CHANGE_REASON_USER_REQUEST, com.appsamurai.storyly.exoplayer2.common.Player.PLAY_WHEN_READY_CHANGE_REASON_AUDIO_FOCUS_LOSS, com.appsamurai.storyly.exoplayer2.common.Player.PLAY_WHEN_READY_CHANGE_REASON_AUDIO_BECOMING_NOISY, com.appsamurai.storyly.exoplayer2.common.Player.PLAY_WHEN_READY_CHANGE_REASON_REMOTE, com.appsamurai.storyly.exoplayer2.common.Player.PLAY_WHEN_READY_CHANGE_REASON_END_OF_MEDIA_ITEM}" />
    </annotation>
  </item>
  <item name="com.appsamurai.storyly.exoplayer2.core.analytics.AnalyticsListener void onPlaybackStateChanged(com.appsamurai.storyly.exoplayer2.core.analytics.AnalyticsListener.EventTime, int) 1">
    <annotation name="androidx.annotation.IntDef">
      <val name="value" val="{com.appsamurai.storyly.exoplayer2.common.Player.STATE_IDLE, com.appsamurai.storyly.exoplayer2.common.Player.STATE_BUFFERING, com.appsamurai.storyly.exoplayer2.common.Player.STATE_READY, com.appsamurai.storyly.exoplayer2.common.Player.STATE_ENDED}" />
    </annotation>
  </item>
  <item name="com.appsamurai.storyly.exoplayer2.core.analytics.AnalyticsListener void onPlaybackSuppressionReasonChanged(com.appsamurai.storyly.exoplayer2.core.analytics.AnalyticsListener.EventTime, int) 1">
    <annotation name="androidx.annotation.IntDef">
      <val name="value" val="{com.appsamurai.storyly.exoplayer2.common.Player.PLAYBACK_SUPPRESSION_REASON_NONE, com.appsamurai.storyly.exoplayer2.common.Player.PLAYBACK_SUPPRESSION_REASON_TRANSIENT_AUDIO_FOCUS_LOSS}" />
    </annotation>
  </item>
  <item name="com.appsamurai.storyly.exoplayer2.core.analytics.AnalyticsListener void onPlayerStateChanged(com.appsamurai.storyly.exoplayer2.core.analytics.AnalyticsListener.EventTime, boolean, int) 2">
    <annotation name="androidx.annotation.IntDef">
      <val name="value" val="{com.appsamurai.storyly.exoplayer2.common.Player.STATE_IDLE, com.appsamurai.storyly.exoplayer2.common.Player.STATE_BUFFERING, com.appsamurai.storyly.exoplayer2.common.Player.STATE_READY, com.appsamurai.storyly.exoplayer2.common.Player.STATE_ENDED}" />
    </annotation>
  </item>
  <item name="com.appsamurai.storyly.exoplayer2.core.analytics.AnalyticsListener void onPositionDiscontinuity(com.appsamurai.storyly.exoplayer2.core.analytics.AnalyticsListener.EventTime, com.appsamurai.storyly.exoplayer2.common.Player.PositionInfo, com.appsamurai.storyly.exoplayer2.common.Player.PositionInfo, int) 3">
    <annotation name="androidx.annotation.IntDef">
      <val name="value" val="{com.appsamurai.storyly.exoplayer2.common.Player.DISCONTINUITY_REASON_AUTO_TRANSITION, com.appsamurai.storyly.exoplayer2.common.Player.DISCONTINUITY_REASON_SEEK, com.appsamurai.storyly.exoplayer2.common.Player.DISCONTINUITY_REASON_SEEK_ADJUSTMENT, com.appsamurai.storyly.exoplayer2.common.Player.DISCONTINUITY_REASON_SKIP, com.appsamurai.storyly.exoplayer2.common.Player.DISCONTINUITY_REASON_REMOVE, com.appsamurai.storyly.exoplayer2.common.Player.DISCONTINUITY_REASON_INTERNAL}" />
    </annotation>
  </item>
  <item name="com.appsamurai.storyly.exoplayer2.core.analytics.AnalyticsListener void onPositionDiscontinuity(com.appsamurai.storyly.exoplayer2.core.analytics.AnalyticsListener.EventTime, int) 1">
    <annotation name="androidx.annotation.IntDef">
      <val name="value" val="{com.appsamurai.storyly.exoplayer2.common.Player.DISCONTINUITY_REASON_AUTO_TRANSITION, com.appsamurai.storyly.exoplayer2.common.Player.DISCONTINUITY_REASON_SEEK, com.appsamurai.storyly.exoplayer2.common.Player.DISCONTINUITY_REASON_SEEK_ADJUSTMENT, com.appsamurai.storyly.exoplayer2.common.Player.DISCONTINUITY_REASON_SKIP, com.appsamurai.storyly.exoplayer2.common.Player.DISCONTINUITY_REASON_REMOVE, com.appsamurai.storyly.exoplayer2.common.Player.DISCONTINUITY_REASON_INTERNAL}" />
    </annotation>
  </item>
  <item name="com.appsamurai.storyly.exoplayer2.core.analytics.AnalyticsListener void onRepeatModeChanged(com.appsamurai.storyly.exoplayer2.core.analytics.AnalyticsListener.EventTime, int) 1">
    <annotation name="androidx.annotation.IntDef">
      <val name="value" val="{com.appsamurai.storyly.exoplayer2.common.Player.REPEAT_MODE_OFF, com.appsamurai.storyly.exoplayer2.common.Player.REPEAT_MODE_ONE, com.appsamurai.storyly.exoplayer2.common.Player.REPEAT_MODE_ALL}" />
    </annotation>
  </item>
  <item name="com.appsamurai.storyly.exoplayer2.core.analytics.AnalyticsListener void onTimelineChanged(com.appsamurai.storyly.exoplayer2.core.analytics.AnalyticsListener.EventTime, int) 1">
    <annotation name="androidx.annotation.IntDef">
      <val name="value" val="{com.appsamurai.storyly.exoplayer2.common.Player.TIMELINE_CHANGE_REASON_PLAYLIST_CHANGED, com.appsamurai.storyly.exoplayer2.common.Player.TIMELINE_CHANGE_REASON_SOURCE_UPDATE}" />
    </annotation>
  </item>
  <item name="com.appsamurai.storyly.exoplayer2.core.analytics.AnalyticsListener.EventFlags">
    <annotation name="androidx.annotation.IntDef">
      <val name="value" val="{com.appsamurai.storyly.exoplayer2.core.analytics.AnalyticsListener.EVENT_TIMELINE_CHANGED, com.appsamurai.storyly.exoplayer2.core.analytics.AnalyticsListener.EVENT_MEDIA_ITEM_TRANSITION, com.appsamurai.storyly.exoplayer2.core.analytics.AnalyticsListener.EVENT_TRACKS_CHANGED, com.appsamurai.storyly.exoplayer2.core.analytics.AnalyticsListener.EVENT_IS_LOADING_CHANGED, com.appsamurai.storyly.exoplayer2.core.analytics.AnalyticsListener.EVENT_PLAYBACK_STATE_CHANGED, com.appsamurai.storyly.exoplayer2.core.analytics.AnalyticsListener.EVENT_PLAY_WHEN_READY_CHANGED, com.appsamurai.storyly.exoplayer2.core.analytics.AnalyticsListener.EVENT_PLAYBACK_SUPPRESSION_REASON_CHANGED, com.appsamurai.storyly.exoplayer2.core.analytics.AnalyticsListener.EVENT_IS_PLAYING_CHANGED, com.appsamurai.storyly.exoplayer2.core.analytics.AnalyticsListener.EVENT_REPEAT_MODE_CHANGED, com.appsamurai.storyly.exoplayer2.core.analytics.AnalyticsListener.EVENT_SHUFFLE_MODE_ENABLED_CHANGED, com.appsamurai.storyly.exoplayer2.core.analytics.AnalyticsListener.EVENT_PLAYER_ERROR, com.appsamurai.storyly.exoplayer2.core.analytics.AnalyticsListener.EVENT_POSITION_DISCONTINUITY, com.appsamurai.storyly.exoplayer2.core.analytics.AnalyticsListener.EVENT_PLAYBACK_PARAMETERS_CHANGED, com.appsamurai.storyly.exoplayer2.core.analytics.AnalyticsListener.EVENT_AVAILABLE_COMMANDS_CHANGED, com.appsamurai.storyly.exoplayer2.core.analytics.AnalyticsListener.EVENT_MEDIA_METADATA_CHANGED, com.appsamurai.storyly.exoplayer2.core.analytics.AnalyticsListener.EVENT_PLAYLIST_METADATA_CHANGED, com.appsamurai.storyly.exoplayer2.core.analytics.AnalyticsListener.EVENT_SEEK_BACK_INCREMENT_CHANGED, com.appsamurai.storyly.exoplayer2.core.analytics.AnalyticsListener.EVENT_SEEK_FORWARD_INCREMENT_CHANGED, com.appsamurai.storyly.exoplayer2.core.analytics.AnalyticsListener.EVENT_MAX_SEEK_TO_PREVIOUS_POSITION_CHANGED, com.appsamurai.storyly.exoplayer2.core.analytics.AnalyticsListener.EVENT_TRACK_SELECTION_PARAMETERS_CHANGED, com.appsamurai.storyly.exoplayer2.core.analytics.AnalyticsListener.EVENT_DEVICE_INFO_CHANGED, com.appsamurai.storyly.exoplayer2.core.analytics.AnalyticsListener.EVENT_DEVICE_VOLUME_CHANGED, com.appsamurai.storyly.exoplayer2.core.analytics.AnalyticsListener.EVENT_LOAD_STARTED, com.appsamurai.storyly.exoplayer2.core.analytics.AnalyticsListener.EVENT_LOAD_COMPLETED, com.appsamurai.storyly.exoplayer2.core.analytics.AnalyticsListener.EVENT_LOAD_CANCELED, com.appsamurai.storyly.exoplayer2.core.analytics.AnalyticsListener.EVENT_LOAD_ERROR, com.appsamurai.storyly.exoplayer2.core.analytics.AnalyticsListener.EVENT_DOWNSTREAM_FORMAT_CHANGED, com.appsamurai.storyly.exoplayer2.core.analytics.AnalyticsListener.EVENT_UPSTREAM_DISCARDED, com.appsamurai.storyly.exoplayer2.core.analytics.AnalyticsListener.EVENT_BANDWIDTH_ESTIMATE, com.appsamurai.storyly.exoplayer2.core.analytics.AnalyticsListener.EVENT_METADATA, com.appsamurai.storyly.exoplayer2.core.analytics.AnalyticsListener.EVENT_CUES, com.appsamurai.storyly.exoplayer2.core.analytics.AnalyticsListener.EVENT_AUDIO_ENABLED, com.appsamurai.storyly.exoplayer2.core.analytics.AnalyticsListener.EVENT_AUDIO_DECODER_INITIALIZED, com.appsamurai.storyly.exoplayer2.core.analytics.AnalyticsListener.EVENT_AUDIO_INPUT_FORMAT_CHANGED, com.appsamurai.storyly.exoplayer2.core.analytics.AnalyticsListener.EVENT_AUDIO_POSITION_ADVANCING, com.appsamurai.storyly.exoplayer2.core.analytics.AnalyticsListener.EVENT_AUDIO_UNDERRUN, com.appsamurai.storyly.exoplayer2.core.analytics.AnalyticsListener.EVENT_AUDIO_DECODER_RELEASED, com.appsamurai.storyly.exoplayer2.core.analytics.AnalyticsListener.EVENT_AUDIO_DISABLED, com.appsamurai.storyly.exoplayer2.core.analytics.AnalyticsListener.EVENT_AUDIO_SESSION_ID, com.appsamurai.storyly.exoplayer2.core.analytics.AnalyticsListener.EVENT_AUDIO_ATTRIBUTES_CHANGED, com.appsamurai.storyly.exoplayer2.core.analytics.AnalyticsListener.EVENT_SKIP_SILENCE_ENABLED_CHANGED, com.appsamurai.storyly.exoplayer2.core.analytics.AnalyticsListener.EVENT_AUDIO_SINK_ERROR, com.appsamurai.storyly.exoplayer2.core.analytics.AnalyticsListener.EVENT_VOLUME_CHANGED, com.appsamurai.storyly.exoplayer2.core.analytics.AnalyticsListener.EVENT_VIDEO_ENABLED, com.appsamurai.storyly.exoplayer2.core.analytics.AnalyticsListener.EVENT_VIDEO_DECODER_INITIALIZED, com.appsamurai.storyly.exoplayer2.core.analytics.AnalyticsListener.EVENT_VIDEO_INPUT_FORMAT_CHANGED, com.appsamurai.storyly.exoplayer2.core.analytics.AnalyticsListener.EVENT_DROPPED_VIDEO_FRAMES, com.appsamurai.storyly.exoplayer2.core.analytics.AnalyticsListener.EVENT_VIDEO_DECODER_RELEASED, com.appsamurai.storyly.exoplayer2.core.analytics.AnalyticsListener.EVENT_VIDEO_DISABLED, com.appsamurai.storyly.exoplayer2.core.analytics.AnalyticsListener.EVENT_VIDEO_FRAME_PROCESSING_OFFSET, com.appsamurai.storyly.exoplayer2.core.analytics.AnalyticsListener.EVENT_RENDERED_FIRST_FRAME, com.appsamurai.storyly.exoplayer2.core.analytics.AnalyticsListener.EVENT_VIDEO_SIZE_CHANGED, com.appsamurai.storyly.exoplayer2.core.analytics.AnalyticsListener.EVENT_SURFACE_SIZE_CHANGED, com.appsamurai.storyly.exoplayer2.core.analytics.AnalyticsListener.EVENT_DRM_SESSION_ACQUIRED, com.appsamurai.storyly.exoplayer2.core.analytics.AnalyticsListener.EVENT_DRM_KEYS_LOADED, com.appsamurai.storyly.exoplayer2.core.analytics.AnalyticsListener.EVENT_DRM_SESSION_MANAGER_ERROR, com.appsamurai.storyly.exoplayer2.core.analytics.AnalyticsListener.EVENT_DRM_KEYS_RESTORED, com.appsamurai.storyly.exoplayer2.core.analytics.AnalyticsListener.EVENT_DRM_KEYS_REMOVED, com.appsamurai.storyly.exoplayer2.core.analytics.AnalyticsListener.EVENT_DRM_SESSION_RELEASED, com.appsamurai.storyly.exoplayer2.core.analytics.AnalyticsListener.EVENT_PLAYER_RELEASED, com.appsamurai.storyly.exoplayer2.core.analytics.AnalyticsListener.EVENT_AUDIO_CODEC_ERROR, com.appsamurai.storyly.exoplayer2.core.analytics.AnalyticsListener.EVENT_VIDEO_CODEC_ERROR}" />
    </annotation>
  </item>
  <item name="com.appsamurai.storyly.exoplayer2.core.analytics.AnalyticsListener.Events boolean contains(int) 0">
    <annotation name="androidx.annotation.IntDef">
      <val name="value" val="{com.appsamurai.storyly.exoplayer2.core.analytics.AnalyticsListener.EVENT_TIMELINE_CHANGED, com.appsamurai.storyly.exoplayer2.core.analytics.AnalyticsListener.EVENT_MEDIA_ITEM_TRANSITION, com.appsamurai.storyly.exoplayer2.core.analytics.AnalyticsListener.EVENT_TRACKS_CHANGED, com.appsamurai.storyly.exoplayer2.core.analytics.AnalyticsListener.EVENT_IS_LOADING_CHANGED, com.appsamurai.storyly.exoplayer2.core.analytics.AnalyticsListener.EVENT_PLAYBACK_STATE_CHANGED, com.appsamurai.storyly.exoplayer2.core.analytics.AnalyticsListener.EVENT_PLAY_WHEN_READY_CHANGED, com.appsamurai.storyly.exoplayer2.core.analytics.AnalyticsListener.EVENT_PLAYBACK_SUPPRESSION_REASON_CHANGED, com.appsamurai.storyly.exoplayer2.core.analytics.AnalyticsListener.EVENT_IS_PLAYING_CHANGED, com.appsamurai.storyly.exoplayer2.core.analytics.AnalyticsListener.EVENT_REPEAT_MODE_CHANGED, com.appsamurai.storyly.exoplayer2.core.analytics.AnalyticsListener.EVENT_SHUFFLE_MODE_ENABLED_CHANGED, com.appsamurai.storyly.exoplayer2.core.analytics.AnalyticsListener.EVENT_PLAYER_ERROR, com.appsamurai.storyly.exoplayer2.core.analytics.AnalyticsListener.EVENT_POSITION_DISCONTINUITY, com.appsamurai.storyly.exoplayer2.core.analytics.AnalyticsListener.EVENT_PLAYBACK_PARAMETERS_CHANGED, com.appsamurai.storyly.exoplayer2.core.analytics.AnalyticsListener.EVENT_AVAILABLE_COMMANDS_CHANGED, com.appsamurai.storyly.exoplayer2.core.analytics.AnalyticsListener.EVENT_MEDIA_METADATA_CHANGED, com.appsamurai.storyly.exoplayer2.core.analytics.AnalyticsListener.EVENT_PLAYLIST_METADATA_CHANGED, com.appsamurai.storyly.exoplayer2.core.analytics.AnalyticsListener.EVENT_SEEK_BACK_INCREMENT_CHANGED, com.appsamurai.storyly.exoplayer2.core.analytics.AnalyticsListener.EVENT_SEEK_FORWARD_INCREMENT_CHANGED, com.appsamurai.storyly.exoplayer2.core.analytics.AnalyticsListener.EVENT_MAX_SEEK_TO_PREVIOUS_POSITION_CHANGED, com.appsamurai.storyly.exoplayer2.core.analytics.AnalyticsListener.EVENT_TRACK_SELECTION_PARAMETERS_CHANGED, com.appsamurai.storyly.exoplayer2.core.analytics.AnalyticsListener.EVENT_DEVICE_INFO_CHANGED, com.appsamurai.storyly.exoplayer2.core.analytics.AnalyticsListener.EVENT_DEVICE_VOLUME_CHANGED, com.appsamurai.storyly.exoplayer2.core.analytics.AnalyticsListener.EVENT_LOAD_STARTED, com.appsamurai.storyly.exoplayer2.core.analytics.AnalyticsListener.EVENT_LOAD_COMPLETED, com.appsamurai.storyly.exoplayer2.core.analytics.AnalyticsListener.EVENT_LOAD_CANCELED, com.appsamurai.storyly.exoplayer2.core.analytics.AnalyticsListener.EVENT_LOAD_ERROR, com.appsamurai.storyly.exoplayer2.core.analytics.AnalyticsListener.EVENT_DOWNSTREAM_FORMAT_CHANGED, com.appsamurai.storyly.exoplayer2.core.analytics.AnalyticsListener.EVENT_UPSTREAM_DISCARDED, com.appsamurai.storyly.exoplayer2.core.analytics.AnalyticsListener.EVENT_BANDWIDTH_ESTIMATE, com.appsamurai.storyly.exoplayer2.core.analytics.AnalyticsListener.EVENT_METADATA, com.appsamurai.storyly.exoplayer2.core.analytics.AnalyticsListener.EVENT_CUES, com.appsamurai.storyly.exoplayer2.core.analytics.AnalyticsListener.EVENT_AUDIO_ENABLED, com.appsamurai.storyly.exoplayer2.core.analytics.AnalyticsListener.EVENT_AUDIO_DECODER_INITIALIZED, com.appsamurai.storyly.exoplayer2.core.analytics.AnalyticsListener.EVENT_AUDIO_INPUT_FORMAT_CHANGED, com.appsamurai.storyly.exoplayer2.core.analytics.AnalyticsListener.EVENT_AUDIO_POSITION_ADVANCING, com.appsamurai.storyly.exoplayer2.core.analytics.AnalyticsListener.EVENT_AUDIO_UNDERRUN, com.appsamurai.storyly.exoplayer2.core.analytics.AnalyticsListener.EVENT_AUDIO_DECODER_RELEASED, com.appsamurai.storyly.exoplayer2.core.analytics.AnalyticsListener.EVENT_AUDIO_DISABLED, com.appsamurai.storyly.exoplayer2.core.analytics.AnalyticsListener.EVENT_AUDIO_SESSION_ID, com.appsamurai.storyly.exoplayer2.core.analytics.AnalyticsListener.EVENT_AUDIO_ATTRIBUTES_CHANGED, com.appsamurai.storyly.exoplayer2.core.analytics.AnalyticsListener.EVENT_SKIP_SILENCE_ENABLED_CHANGED, com.appsamurai.storyly.exoplayer2.core.analytics.AnalyticsListener.EVENT_AUDIO_SINK_ERROR, com.appsamurai.storyly.exoplayer2.core.analytics.AnalyticsListener.EVENT_VOLUME_CHANGED, com.appsamurai.storyly.exoplayer2.core.analytics.AnalyticsListener.EVENT_VIDEO_ENABLED, com.appsamurai.storyly.exoplayer2.core.analytics.AnalyticsListener.EVENT_VIDEO_DECODER_INITIALIZED, com.appsamurai.storyly.exoplayer2.core.analytics.AnalyticsListener.EVENT_VIDEO_INPUT_FORMAT_CHANGED, com.appsamurai.storyly.exoplayer2.core.analytics.AnalyticsListener.EVENT_DROPPED_VIDEO_FRAMES, com.appsamurai.storyly.exoplayer2.core.analytics.AnalyticsListener.EVENT_VIDEO_DECODER_RELEASED, com.appsamurai.storyly.exoplayer2.core.analytics.AnalyticsListener.EVENT_VIDEO_DISABLED, com.appsamurai.storyly.exoplayer2.core.analytics.AnalyticsListener.EVENT_VIDEO_FRAME_PROCESSING_OFFSET, com.appsamurai.storyly.exoplayer2.core.analytics.AnalyticsListener.EVENT_RENDERED_FIRST_FRAME, com.appsamurai.storyly.exoplayer2.core.analytics.AnalyticsListener.EVENT_VIDEO_SIZE_CHANGED, com.appsamurai.storyly.exoplayer2.core.analytics.AnalyticsListener.EVENT_SURFACE_SIZE_CHANGED, com.appsamurai.storyly.exoplayer2.core.analytics.AnalyticsListener.EVENT_DRM_SESSION_ACQUIRED, com.appsamurai.storyly.exoplayer2.core.analytics.AnalyticsListener.EVENT_DRM_KEYS_LOADED, com.appsamurai.storyly.exoplayer2.core.analytics.AnalyticsListener.EVENT_DRM_SESSION_MANAGER_ERROR, com.appsamurai.storyly.exoplayer2.core.analytics.AnalyticsListener.EVENT_DRM_KEYS_RESTORED, com.appsamurai.storyly.exoplayer2.core.analytics.AnalyticsListener.EVENT_DRM_KEYS_REMOVED, com.appsamurai.storyly.exoplayer2.core.analytics.AnalyticsListener.EVENT_DRM_SESSION_RELEASED, com.appsamurai.storyly.exoplayer2.core.analytics.AnalyticsListener.EVENT_PLAYER_RELEASED, com.appsamurai.storyly.exoplayer2.core.analytics.AnalyticsListener.EVENT_AUDIO_CODEC_ERROR, com.appsamurai.storyly.exoplayer2.core.analytics.AnalyticsListener.EVENT_VIDEO_CODEC_ERROR}" />
    </annotation>
  </item>
  <item name="com.appsamurai.storyly.exoplayer2.core.analytics.AnalyticsListener.Events boolean containsAny(int...) 0">
    <annotation name="androidx.annotation.IntDef">
      <val name="value" val="{com.appsamurai.storyly.exoplayer2.core.analytics.AnalyticsListener.EVENT_TIMELINE_CHANGED, com.appsamurai.storyly.exoplayer2.core.analytics.AnalyticsListener.EVENT_MEDIA_ITEM_TRANSITION, com.appsamurai.storyly.exoplayer2.core.analytics.AnalyticsListener.EVENT_TRACKS_CHANGED, com.appsamurai.storyly.exoplayer2.core.analytics.AnalyticsListener.EVENT_IS_LOADING_CHANGED, com.appsamurai.storyly.exoplayer2.core.analytics.AnalyticsListener.EVENT_PLAYBACK_STATE_CHANGED, com.appsamurai.storyly.exoplayer2.core.analytics.AnalyticsListener.EVENT_PLAY_WHEN_READY_CHANGED, com.appsamurai.storyly.exoplayer2.core.analytics.AnalyticsListener.EVENT_PLAYBACK_SUPPRESSION_REASON_CHANGED, com.appsamurai.storyly.exoplayer2.core.analytics.AnalyticsListener.EVENT_IS_PLAYING_CHANGED, com.appsamurai.storyly.exoplayer2.core.analytics.AnalyticsListener.EVENT_REPEAT_MODE_CHANGED, com.appsamurai.storyly.exoplayer2.core.analytics.AnalyticsListener.EVENT_SHUFFLE_MODE_ENABLED_CHANGED, com.appsamurai.storyly.exoplayer2.core.analytics.AnalyticsListener.EVENT_PLAYER_ERROR, com.appsamurai.storyly.exoplayer2.core.analytics.AnalyticsListener.EVENT_POSITION_DISCONTINUITY, com.appsamurai.storyly.exoplayer2.core.analytics.AnalyticsListener.EVENT_PLAYBACK_PARAMETERS_CHANGED, com.appsamurai.storyly.exoplayer2.core.analytics.AnalyticsListener.EVENT_AVAILABLE_COMMANDS_CHANGED, com.appsamurai.storyly.exoplayer2.core.analytics.AnalyticsListener.EVENT_MEDIA_METADATA_CHANGED, com.appsamurai.storyly.exoplayer2.core.analytics.AnalyticsListener.EVENT_PLAYLIST_METADATA_CHANGED, com.appsamurai.storyly.exoplayer2.core.analytics.AnalyticsListener.EVENT_SEEK_BACK_INCREMENT_CHANGED, com.appsamurai.storyly.exoplayer2.core.analytics.AnalyticsListener.EVENT_SEEK_FORWARD_INCREMENT_CHANGED, com.appsamurai.storyly.exoplayer2.core.analytics.AnalyticsListener.EVENT_MAX_SEEK_TO_PREVIOUS_POSITION_CHANGED, com.appsamurai.storyly.exoplayer2.core.analytics.AnalyticsListener.EVENT_TRACK_SELECTION_PARAMETERS_CHANGED, com.appsamurai.storyly.exoplayer2.core.analytics.AnalyticsListener.EVENT_DEVICE_INFO_CHANGED, com.appsamurai.storyly.exoplayer2.core.analytics.AnalyticsListener.EVENT_DEVICE_VOLUME_CHANGED, com.appsamurai.storyly.exoplayer2.core.analytics.AnalyticsListener.EVENT_LOAD_STARTED, com.appsamurai.storyly.exoplayer2.core.analytics.AnalyticsListener.EVENT_LOAD_COMPLETED, com.appsamurai.storyly.exoplayer2.core.analytics.AnalyticsListener.EVENT_LOAD_CANCELED, com.appsamurai.storyly.exoplayer2.core.analytics.AnalyticsListener.EVENT_LOAD_ERROR, com.appsamurai.storyly.exoplayer2.core.analytics.AnalyticsListener.EVENT_DOWNSTREAM_FORMAT_CHANGED, com.appsamurai.storyly.exoplayer2.core.analytics.AnalyticsListener.EVENT_UPSTREAM_DISCARDED, com.appsamurai.storyly.exoplayer2.core.analytics.AnalyticsListener.EVENT_BANDWIDTH_ESTIMATE, com.appsamurai.storyly.exoplayer2.core.analytics.AnalyticsListener.EVENT_METADATA, com.appsamurai.storyly.exoplayer2.core.analytics.AnalyticsListener.EVENT_CUES, com.appsamurai.storyly.exoplayer2.core.analytics.AnalyticsListener.EVENT_AUDIO_ENABLED, com.appsamurai.storyly.exoplayer2.core.analytics.AnalyticsListener.EVENT_AUDIO_DECODER_INITIALIZED, com.appsamurai.storyly.exoplayer2.core.analytics.AnalyticsListener.EVENT_AUDIO_INPUT_FORMAT_CHANGED, com.appsamurai.storyly.exoplayer2.core.analytics.AnalyticsListener.EVENT_AUDIO_POSITION_ADVANCING, com.appsamurai.storyly.exoplayer2.core.analytics.AnalyticsListener.EVENT_AUDIO_UNDERRUN, com.appsamurai.storyly.exoplayer2.core.analytics.AnalyticsListener.EVENT_AUDIO_DECODER_RELEASED, com.appsamurai.storyly.exoplayer2.core.analytics.AnalyticsListener.EVENT_AUDIO_DISABLED, com.appsamurai.storyly.exoplayer2.core.analytics.AnalyticsListener.EVENT_AUDIO_SESSION_ID, com.appsamurai.storyly.exoplayer2.core.analytics.AnalyticsListener.EVENT_AUDIO_ATTRIBUTES_CHANGED, com.appsamurai.storyly.exoplayer2.core.analytics.AnalyticsListener.EVENT_SKIP_SILENCE_ENABLED_CHANGED, com.appsamurai.storyly.exoplayer2.core.analytics.AnalyticsListener.EVENT_AUDIO_SINK_ERROR, com.appsamurai.storyly.exoplayer2.core.analytics.AnalyticsListener.EVENT_VOLUME_CHANGED, com.appsamurai.storyly.exoplayer2.core.analytics.AnalyticsListener.EVENT_VIDEO_ENABLED, com.appsamurai.storyly.exoplayer2.core.analytics.AnalyticsListener.EVENT_VIDEO_DECODER_INITIALIZED, com.appsamurai.storyly.exoplayer2.core.analytics.AnalyticsListener.EVENT_VIDEO_INPUT_FORMAT_CHANGED, com.appsamurai.storyly.exoplayer2.core.analytics.AnalyticsListener.EVENT_DROPPED_VIDEO_FRAMES, com.appsamurai.storyly.exoplayer2.core.analytics.AnalyticsListener.EVENT_VIDEO_DECODER_RELEASED, com.appsamurai.storyly.exoplayer2.core.analytics.AnalyticsListener.EVENT_VIDEO_DISABLED, com.appsamurai.storyly.exoplayer2.core.analytics.AnalyticsListener.EVENT_VIDEO_FRAME_PROCESSING_OFFSET, com.appsamurai.storyly.exoplayer2.core.analytics.AnalyticsListener.EVENT_RENDERED_FIRST_FRAME, com.appsamurai.storyly.exoplayer2.core.analytics.AnalyticsListener.EVENT_VIDEO_SIZE_CHANGED, com.appsamurai.storyly.exoplayer2.core.analytics.AnalyticsListener.EVENT_SURFACE_SIZE_CHANGED, com.appsamurai.storyly.exoplayer2.core.analytics.AnalyticsListener.EVENT_DRM_SESSION_ACQUIRED, com.appsamurai.storyly.exoplayer2.core.analytics.AnalyticsListener.EVENT_DRM_KEYS_LOADED, com.appsamurai.storyly.exoplayer2.core.analytics.AnalyticsListener.EVENT_DRM_SESSION_MANAGER_ERROR, com.appsamurai.storyly.exoplayer2.core.analytics.AnalyticsListener.EVENT_DRM_KEYS_RESTORED, com.appsamurai.storyly.exoplayer2.core.analytics.AnalyticsListener.EVENT_DRM_KEYS_REMOVED, com.appsamurai.storyly.exoplayer2.core.analytics.AnalyticsListener.EVENT_DRM_SESSION_RELEASED, com.appsamurai.storyly.exoplayer2.core.analytics.AnalyticsListener.EVENT_PLAYER_RELEASED, com.appsamurai.storyly.exoplayer2.core.analytics.AnalyticsListener.EVENT_AUDIO_CODEC_ERROR, com.appsamurai.storyly.exoplayer2.core.analytics.AnalyticsListener.EVENT_VIDEO_CODEC_ERROR}" />
    </annotation>
  </item>
  <item name="com.appsamurai.storyly.exoplayer2.core.analytics.AnalyticsListener.Events com.appsamurai.storyly.exoplayer2.core.analytics.AnalyticsListener.EventTime getEventTime(int) 0">
    <annotation name="androidx.annotation.IntDef">
      <val name="value" val="{com.appsamurai.storyly.exoplayer2.core.analytics.AnalyticsListener.EVENT_TIMELINE_CHANGED, com.appsamurai.storyly.exoplayer2.core.analytics.AnalyticsListener.EVENT_MEDIA_ITEM_TRANSITION, com.appsamurai.storyly.exoplayer2.core.analytics.AnalyticsListener.EVENT_TRACKS_CHANGED, com.appsamurai.storyly.exoplayer2.core.analytics.AnalyticsListener.EVENT_IS_LOADING_CHANGED, com.appsamurai.storyly.exoplayer2.core.analytics.AnalyticsListener.EVENT_PLAYBACK_STATE_CHANGED, com.appsamurai.storyly.exoplayer2.core.analytics.AnalyticsListener.EVENT_PLAY_WHEN_READY_CHANGED, com.appsamurai.storyly.exoplayer2.core.analytics.AnalyticsListener.EVENT_PLAYBACK_SUPPRESSION_REASON_CHANGED, com.appsamurai.storyly.exoplayer2.core.analytics.AnalyticsListener.EVENT_IS_PLAYING_CHANGED, com.appsamurai.storyly.exoplayer2.core.analytics.AnalyticsListener.EVENT_REPEAT_MODE_CHANGED, com.appsamurai.storyly.exoplayer2.core.analytics.AnalyticsListener.EVENT_SHUFFLE_MODE_ENABLED_CHANGED, com.appsamurai.storyly.exoplayer2.core.analytics.AnalyticsListener.EVENT_PLAYER_ERROR, com.appsamurai.storyly.exoplayer2.core.analytics.AnalyticsListener.EVENT_POSITION_DISCONTINUITY, com.appsamurai.storyly.exoplayer2.core.analytics.AnalyticsListener.EVENT_PLAYBACK_PARAMETERS_CHANGED, com.appsamurai.storyly.exoplayer2.core.analytics.AnalyticsListener.EVENT_AVAILABLE_COMMANDS_CHANGED, com.appsamurai.storyly.exoplayer2.core.analytics.AnalyticsListener.EVENT_MEDIA_METADATA_CHANGED, com.appsamurai.storyly.exoplayer2.core.analytics.AnalyticsListener.EVENT_PLAYLIST_METADATA_CHANGED, com.appsamurai.storyly.exoplayer2.core.analytics.AnalyticsListener.EVENT_SEEK_BACK_INCREMENT_CHANGED, com.appsamurai.storyly.exoplayer2.core.analytics.AnalyticsListener.EVENT_SEEK_FORWARD_INCREMENT_CHANGED, com.appsamurai.storyly.exoplayer2.core.analytics.AnalyticsListener.EVENT_MAX_SEEK_TO_PREVIOUS_POSITION_CHANGED, com.appsamurai.storyly.exoplayer2.core.analytics.AnalyticsListener.EVENT_TRACK_SELECTION_PARAMETERS_CHANGED, com.appsamurai.storyly.exoplayer2.core.analytics.AnalyticsListener.EVENT_DEVICE_INFO_CHANGED, com.appsamurai.storyly.exoplayer2.core.analytics.AnalyticsListener.EVENT_DEVICE_VOLUME_CHANGED, com.appsamurai.storyly.exoplayer2.core.analytics.AnalyticsListener.EVENT_LOAD_STARTED, com.appsamurai.storyly.exoplayer2.core.analytics.AnalyticsListener.EVENT_LOAD_COMPLETED, com.appsamurai.storyly.exoplayer2.core.analytics.AnalyticsListener.EVENT_LOAD_CANCELED, com.appsamurai.storyly.exoplayer2.core.analytics.AnalyticsListener.EVENT_LOAD_ERROR, com.appsamurai.storyly.exoplayer2.core.analytics.AnalyticsListener.EVENT_DOWNSTREAM_FORMAT_CHANGED, com.appsamurai.storyly.exoplayer2.core.analytics.AnalyticsListener.EVENT_UPSTREAM_DISCARDED, com.appsamurai.storyly.exoplayer2.core.analytics.AnalyticsListener.EVENT_BANDWIDTH_ESTIMATE, com.appsamurai.storyly.exoplayer2.core.analytics.AnalyticsListener.EVENT_METADATA, com.appsamurai.storyly.exoplayer2.core.analytics.AnalyticsListener.EVENT_CUES, com.appsamurai.storyly.exoplayer2.core.analytics.AnalyticsListener.EVENT_AUDIO_ENABLED, com.appsamurai.storyly.exoplayer2.core.analytics.AnalyticsListener.EVENT_AUDIO_DECODER_INITIALIZED, com.appsamurai.storyly.exoplayer2.core.analytics.AnalyticsListener.EVENT_AUDIO_INPUT_FORMAT_CHANGED, com.appsamurai.storyly.exoplayer2.core.analytics.AnalyticsListener.EVENT_AUDIO_POSITION_ADVANCING, com.appsamurai.storyly.exoplayer2.core.analytics.AnalyticsListener.EVENT_AUDIO_UNDERRUN, com.appsamurai.storyly.exoplayer2.core.analytics.AnalyticsListener.EVENT_AUDIO_DECODER_RELEASED, com.appsamurai.storyly.exoplayer2.core.analytics.AnalyticsListener.EVENT_AUDIO_DISABLED, com.appsamurai.storyly.exoplayer2.core.analytics.AnalyticsListener.EVENT_AUDIO_SESSION_ID, com.appsamurai.storyly.exoplayer2.core.analytics.AnalyticsListener.EVENT_AUDIO_ATTRIBUTES_CHANGED, com.appsamurai.storyly.exoplayer2.core.analytics.AnalyticsListener.EVENT_SKIP_SILENCE_ENABLED_CHANGED, com.appsamurai.storyly.exoplayer2.core.analytics.AnalyticsListener.EVENT_AUDIO_SINK_ERROR, com.appsamurai.storyly.exoplayer2.core.analytics.AnalyticsListener.EVENT_VOLUME_CHANGED, com.appsamurai.storyly.exoplayer2.core.analytics.AnalyticsListener.EVENT_VIDEO_ENABLED, com.appsamurai.storyly.exoplayer2.core.analytics.AnalyticsListener.EVENT_VIDEO_DECODER_INITIALIZED, com.appsamurai.storyly.exoplayer2.core.analytics.AnalyticsListener.EVENT_VIDEO_INPUT_FORMAT_CHANGED, com.appsamurai.storyly.exoplayer2.core.analytics.AnalyticsListener.EVENT_DROPPED_VIDEO_FRAMES, com.appsamurai.storyly.exoplayer2.core.analytics.AnalyticsListener.EVENT_VIDEO_DECODER_RELEASED, com.appsamurai.storyly.exoplayer2.core.analytics.AnalyticsListener.EVENT_VIDEO_DISABLED, com.appsamurai.storyly.exoplayer2.core.analytics.AnalyticsListener.EVENT_VIDEO_FRAME_PROCESSING_OFFSET, com.appsamurai.storyly.exoplayer2.core.analytics.AnalyticsListener.EVENT_RENDERED_FIRST_FRAME, com.appsamurai.storyly.exoplayer2.core.analytics.AnalyticsListener.EVENT_VIDEO_SIZE_CHANGED, com.appsamurai.storyly.exoplayer2.core.analytics.AnalyticsListener.EVENT_SURFACE_SIZE_CHANGED, com.appsamurai.storyly.exoplayer2.core.analytics.AnalyticsListener.EVENT_DRM_SESSION_ACQUIRED, com.appsamurai.storyly.exoplayer2.core.analytics.AnalyticsListener.EVENT_DRM_KEYS_LOADED, com.appsamurai.storyly.exoplayer2.core.analytics.AnalyticsListener.EVENT_DRM_SESSION_MANAGER_ERROR, com.appsamurai.storyly.exoplayer2.core.analytics.AnalyticsListener.EVENT_DRM_KEYS_RESTORED, com.appsamurai.storyly.exoplayer2.core.analytics.AnalyticsListener.EVENT_DRM_KEYS_REMOVED, com.appsamurai.storyly.exoplayer2.core.analytics.AnalyticsListener.EVENT_DRM_SESSION_RELEASED, com.appsamurai.storyly.exoplayer2.core.analytics.AnalyticsListener.EVENT_PLAYER_RELEASED, com.appsamurai.storyly.exoplayer2.core.analytics.AnalyticsListener.EVENT_AUDIO_CODEC_ERROR, com.appsamurai.storyly.exoplayer2.core.analytics.AnalyticsListener.EVENT_VIDEO_CODEC_ERROR}" />
    </annotation>
  </item>
  <item name="com.appsamurai.storyly.exoplayer2.core.analytics.AnalyticsListener.Events int get(int)">
    <annotation name="androidx.annotation.IntDef">
      <val name="value" val="{com.appsamurai.storyly.exoplayer2.core.analytics.AnalyticsListener.EVENT_TIMELINE_CHANGED, com.appsamurai.storyly.exoplayer2.core.analytics.AnalyticsListener.EVENT_MEDIA_ITEM_TRANSITION, com.appsamurai.storyly.exoplayer2.core.analytics.AnalyticsListener.EVENT_TRACKS_CHANGED, com.appsamurai.storyly.exoplayer2.core.analytics.AnalyticsListener.EVENT_IS_LOADING_CHANGED, com.appsamurai.storyly.exoplayer2.core.analytics.AnalyticsListener.EVENT_PLAYBACK_STATE_CHANGED, com.appsamurai.storyly.exoplayer2.core.analytics.AnalyticsListener.EVENT_PLAY_WHEN_READY_CHANGED, com.appsamurai.storyly.exoplayer2.core.analytics.AnalyticsListener.EVENT_PLAYBACK_SUPPRESSION_REASON_CHANGED, com.appsamurai.storyly.exoplayer2.core.analytics.AnalyticsListener.EVENT_IS_PLAYING_CHANGED, com.appsamurai.storyly.exoplayer2.core.analytics.AnalyticsListener.EVENT_REPEAT_MODE_CHANGED, com.appsamurai.storyly.exoplayer2.core.analytics.AnalyticsListener.EVENT_SHUFFLE_MODE_ENABLED_CHANGED, com.appsamurai.storyly.exoplayer2.core.analytics.AnalyticsListener.EVENT_PLAYER_ERROR, com.appsamurai.storyly.exoplayer2.core.analytics.AnalyticsListener.EVENT_POSITION_DISCONTINUITY, com.appsamurai.storyly.exoplayer2.core.analytics.AnalyticsListener.EVENT_PLAYBACK_PARAMETERS_CHANGED, com.appsamurai.storyly.exoplayer2.core.analytics.AnalyticsListener.EVENT_AVAILABLE_COMMANDS_CHANGED, com.appsamurai.storyly.exoplayer2.core.analytics.AnalyticsListener.EVENT_MEDIA_METADATA_CHANGED, com.appsamurai.storyly.exoplayer2.core.analytics.AnalyticsListener.EVENT_PLAYLIST_METADATA_CHANGED, com.appsamurai.storyly.exoplayer2.core.analytics.AnalyticsListener.EVENT_SEEK_BACK_INCREMENT_CHANGED, com.appsamurai.storyly.exoplayer2.core.analytics.AnalyticsListener.EVENT_SEEK_FORWARD_INCREMENT_CHANGED, com.appsamurai.storyly.exoplayer2.core.analytics.AnalyticsListener.EVENT_MAX_SEEK_TO_PREVIOUS_POSITION_CHANGED, com.appsamurai.storyly.exoplayer2.core.analytics.AnalyticsListener.EVENT_TRACK_SELECTION_PARAMETERS_CHANGED, com.appsamurai.storyly.exoplayer2.core.analytics.AnalyticsListener.EVENT_DEVICE_INFO_CHANGED, com.appsamurai.storyly.exoplayer2.core.analytics.AnalyticsListener.EVENT_DEVICE_VOLUME_CHANGED, com.appsamurai.storyly.exoplayer2.core.analytics.AnalyticsListener.EVENT_LOAD_STARTED, com.appsamurai.storyly.exoplayer2.core.analytics.AnalyticsListener.EVENT_LOAD_COMPLETED, com.appsamurai.storyly.exoplayer2.core.analytics.AnalyticsListener.EVENT_LOAD_CANCELED, com.appsamurai.storyly.exoplayer2.core.analytics.AnalyticsListener.EVENT_LOAD_ERROR, com.appsamurai.storyly.exoplayer2.core.analytics.AnalyticsListener.EVENT_DOWNSTREAM_FORMAT_CHANGED, com.appsamurai.storyly.exoplayer2.core.analytics.AnalyticsListener.EVENT_UPSTREAM_DISCARDED, com.appsamurai.storyly.exoplayer2.core.analytics.AnalyticsListener.EVENT_BANDWIDTH_ESTIMATE, com.appsamurai.storyly.exoplayer2.core.analytics.AnalyticsListener.EVENT_METADATA, com.appsamurai.storyly.exoplayer2.core.analytics.AnalyticsListener.EVENT_CUES, com.appsamurai.storyly.exoplayer2.core.analytics.AnalyticsListener.EVENT_AUDIO_ENABLED, com.appsamurai.storyly.exoplayer2.core.analytics.AnalyticsListener.EVENT_AUDIO_DECODER_INITIALIZED, com.appsamurai.storyly.exoplayer2.core.analytics.AnalyticsListener.EVENT_AUDIO_INPUT_FORMAT_CHANGED, com.appsamurai.storyly.exoplayer2.core.analytics.AnalyticsListener.EVENT_AUDIO_POSITION_ADVANCING, com.appsamurai.storyly.exoplayer2.core.analytics.AnalyticsListener.EVENT_AUDIO_UNDERRUN, com.appsamurai.storyly.exoplayer2.core.analytics.AnalyticsListener.EVENT_AUDIO_DECODER_RELEASED, com.appsamurai.storyly.exoplayer2.core.analytics.AnalyticsListener.EVENT_AUDIO_DISABLED, com.appsamurai.storyly.exoplayer2.core.analytics.AnalyticsListener.EVENT_AUDIO_SESSION_ID, com.appsamurai.storyly.exoplayer2.core.analytics.AnalyticsListener.EVENT_AUDIO_ATTRIBUTES_CHANGED, com.appsamurai.storyly.exoplayer2.core.analytics.AnalyticsListener.EVENT_SKIP_SILENCE_ENABLED_CHANGED, com.appsamurai.storyly.exoplayer2.core.analytics.AnalyticsListener.EVENT_AUDIO_SINK_ERROR, com.appsamurai.storyly.exoplayer2.core.analytics.AnalyticsListener.EVENT_VOLUME_CHANGED, com.appsamurai.storyly.exoplayer2.core.analytics.AnalyticsListener.EVENT_VIDEO_ENABLED, com.appsamurai.storyly.exoplayer2.core.analytics.AnalyticsListener.EVENT_VIDEO_DECODER_INITIALIZED, com.appsamurai.storyly.exoplayer2.core.analytics.AnalyticsListener.EVENT_VIDEO_INPUT_FORMAT_CHANGED, com.appsamurai.storyly.exoplayer2.core.analytics.AnalyticsListener.EVENT_DROPPED_VIDEO_FRAMES, com.appsamurai.storyly.exoplayer2.core.analytics.AnalyticsListener.EVENT_VIDEO_DECODER_RELEASED, com.appsamurai.storyly.exoplayer2.core.analytics.AnalyticsListener.EVENT_VIDEO_DISABLED, com.appsamurai.storyly.exoplayer2.core.analytics.AnalyticsListener.EVENT_VIDEO_FRAME_PROCESSING_OFFSET, com.appsamurai.storyly.exoplayer2.core.analytics.AnalyticsListener.EVENT_RENDERED_FIRST_FRAME, com.appsamurai.storyly.exoplayer2.core.analytics.AnalyticsListener.EVENT_VIDEO_SIZE_CHANGED, com.appsamurai.storyly.exoplayer2.core.analytics.AnalyticsListener.EVENT_SURFACE_SIZE_CHANGED, com.appsamurai.storyly.exoplayer2.core.analytics.AnalyticsListener.EVENT_DRM_SESSION_ACQUIRED, com.appsamurai.storyly.exoplayer2.core.analytics.AnalyticsListener.EVENT_DRM_KEYS_LOADED, com.appsamurai.storyly.exoplayer2.core.analytics.AnalyticsListener.EVENT_DRM_SESSION_MANAGER_ERROR, com.appsamurai.storyly.exoplayer2.core.analytics.AnalyticsListener.EVENT_DRM_KEYS_RESTORED, com.appsamurai.storyly.exoplayer2.core.analytics.AnalyticsListener.EVENT_DRM_KEYS_REMOVED, com.appsamurai.storyly.exoplayer2.core.analytics.AnalyticsListener.EVENT_DRM_SESSION_RELEASED, com.appsamurai.storyly.exoplayer2.core.analytics.AnalyticsListener.EVENT_PLAYER_RELEASED, com.appsamurai.storyly.exoplayer2.core.analytics.AnalyticsListener.EVENT_AUDIO_CODEC_ERROR, com.appsamurai.storyly.exoplayer2.core.analytics.AnalyticsListener.EVENT_VIDEO_CODEC_ERROR}" />
    </annotation>
  </item>
  <item name="com.appsamurai.storyly.exoplayer2.core.analytics.DefaultAnalyticsCollector void onDrmSessionAcquired(int, com.appsamurai.storyly.exoplayer2.core.source.MediaSource.MediaPeriodId, int) 2">
    <annotation name="androidx.annotation.IntDef">
      <val name="value" val="{com.appsamurai.storyly.exoplayer2.core.drm.DrmSession.STATE_RELEASED, com.appsamurai.storyly.exoplayer2.core.drm.DrmSession.STATE_ERROR, com.appsamurai.storyly.exoplayer2.core.drm.DrmSession.STATE_OPENING, com.appsamurai.storyly.exoplayer2.core.drm.DrmSession.STATE_OPENED, com.appsamurai.storyly.exoplayer2.core.drm.DrmSession.STATE_OPENED_WITH_KEYS}" />
    </annotation>
  </item>
  <item name="com.appsamurai.storyly.exoplayer2.core.analytics.DefaultAnalyticsCollector void onMediaItemTransition(com.appsamurai.storyly.exoplayer2.common.MediaItem, int) 1">
    <annotation name="androidx.annotation.IntDef">
      <val name="value" val="{com.appsamurai.storyly.exoplayer2.common.Player.MEDIA_ITEM_TRANSITION_REASON_REPEAT, com.appsamurai.storyly.exoplayer2.common.Player.MEDIA_ITEM_TRANSITION_REASON_AUTO, com.appsamurai.storyly.exoplayer2.common.Player.MEDIA_ITEM_TRANSITION_REASON_SEEK, com.appsamurai.storyly.exoplayer2.common.Player.MEDIA_ITEM_TRANSITION_REASON_PLAYLIST_CHANGED}" />
    </annotation>
  </item>
  <item name="com.appsamurai.storyly.exoplayer2.core.analytics.DefaultAnalyticsCollector void onPlayWhenReadyChanged(boolean, int) 1">
    <annotation name="androidx.annotation.IntDef">
      <val name="value" val="{com.appsamurai.storyly.exoplayer2.common.Player.PLAY_WHEN_READY_CHANGE_REASON_USER_REQUEST, com.appsamurai.storyly.exoplayer2.common.Player.PLAY_WHEN_READY_CHANGE_REASON_AUDIO_FOCUS_LOSS, com.appsamurai.storyly.exoplayer2.common.Player.PLAY_WHEN_READY_CHANGE_REASON_AUDIO_BECOMING_NOISY, com.appsamurai.storyly.exoplayer2.common.Player.PLAY_WHEN_READY_CHANGE_REASON_REMOTE, com.appsamurai.storyly.exoplayer2.common.Player.PLAY_WHEN_READY_CHANGE_REASON_END_OF_MEDIA_ITEM}" />
    </annotation>
  </item>
  <item name="com.appsamurai.storyly.exoplayer2.core.analytics.DefaultAnalyticsCollector void onPlaybackStateChanged(int) 0">
    <annotation name="androidx.annotation.IntDef">
      <val name="value" val="{com.appsamurai.storyly.exoplayer2.common.Player.STATE_IDLE, com.appsamurai.storyly.exoplayer2.common.Player.STATE_BUFFERING, com.appsamurai.storyly.exoplayer2.common.Player.STATE_READY, com.appsamurai.storyly.exoplayer2.common.Player.STATE_ENDED}" />
    </annotation>
  </item>
  <item name="com.appsamurai.storyly.exoplayer2.core.analytics.DefaultAnalyticsCollector void onPlaybackSuppressionReasonChanged(int) 0">
    <annotation name="androidx.annotation.IntDef">
      <val name="value" val="{com.appsamurai.storyly.exoplayer2.common.Player.PLAYBACK_SUPPRESSION_REASON_NONE, com.appsamurai.storyly.exoplayer2.common.Player.PLAYBACK_SUPPRESSION_REASON_TRANSIENT_AUDIO_FOCUS_LOSS}" />
    </annotation>
  </item>
  <item name="com.appsamurai.storyly.exoplayer2.core.analytics.DefaultAnalyticsCollector void onPlayerStateChanged(boolean, int) 1">
    <annotation name="androidx.annotation.IntDef">
      <val name="value" val="{com.appsamurai.storyly.exoplayer2.common.Player.STATE_IDLE, com.appsamurai.storyly.exoplayer2.common.Player.STATE_BUFFERING, com.appsamurai.storyly.exoplayer2.common.Player.STATE_READY, com.appsamurai.storyly.exoplayer2.common.Player.STATE_ENDED}" />
    </annotation>
  </item>
  <item name="com.appsamurai.storyly.exoplayer2.core.analytics.DefaultAnalyticsCollector void onPositionDiscontinuity(com.appsamurai.storyly.exoplayer2.common.Player.PositionInfo, com.appsamurai.storyly.exoplayer2.common.Player.PositionInfo, int) 2">
    <annotation name="androidx.annotation.IntDef">
      <val name="value" val="{com.appsamurai.storyly.exoplayer2.common.Player.DISCONTINUITY_REASON_AUTO_TRANSITION, com.appsamurai.storyly.exoplayer2.common.Player.DISCONTINUITY_REASON_SEEK, com.appsamurai.storyly.exoplayer2.common.Player.DISCONTINUITY_REASON_SEEK_ADJUSTMENT, com.appsamurai.storyly.exoplayer2.common.Player.DISCONTINUITY_REASON_SKIP, com.appsamurai.storyly.exoplayer2.common.Player.DISCONTINUITY_REASON_REMOVE, com.appsamurai.storyly.exoplayer2.common.Player.DISCONTINUITY_REASON_INTERNAL}" />
    </annotation>
  </item>
  <item name="com.appsamurai.storyly.exoplayer2.core.analytics.DefaultAnalyticsCollector void onPositionDiscontinuity(int) 0">
    <annotation name="androidx.annotation.IntDef">
      <val name="value" val="{com.appsamurai.storyly.exoplayer2.common.Player.DISCONTINUITY_REASON_AUTO_TRANSITION, com.appsamurai.storyly.exoplayer2.common.Player.DISCONTINUITY_REASON_SEEK, com.appsamurai.storyly.exoplayer2.common.Player.DISCONTINUITY_REASON_SEEK_ADJUSTMENT, com.appsamurai.storyly.exoplayer2.common.Player.DISCONTINUITY_REASON_SKIP, com.appsamurai.storyly.exoplayer2.common.Player.DISCONTINUITY_REASON_REMOVE, com.appsamurai.storyly.exoplayer2.common.Player.DISCONTINUITY_REASON_INTERNAL}" />
    </annotation>
  </item>
  <item name="com.appsamurai.storyly.exoplayer2.core.analytics.DefaultAnalyticsCollector void onRepeatModeChanged(int) 0">
    <annotation name="androidx.annotation.IntDef">
      <val name="value" val="{com.appsamurai.storyly.exoplayer2.common.Player.REPEAT_MODE_OFF, com.appsamurai.storyly.exoplayer2.common.Player.REPEAT_MODE_ONE, com.appsamurai.storyly.exoplayer2.common.Player.REPEAT_MODE_ALL}" />
    </annotation>
  </item>
  <item name="com.appsamurai.storyly.exoplayer2.core.analytics.DefaultAnalyticsCollector void onTimelineChanged(com.appsamurai.storyly.exoplayer2.common.Timeline, int) 1">
    <annotation name="androidx.annotation.IntDef">
      <val name="value" val="{com.appsamurai.storyly.exoplayer2.common.Player.TIMELINE_CHANGE_REASON_PLAYLIST_CHANGED, com.appsamurai.storyly.exoplayer2.common.Player.TIMELINE_CHANGE_REASON_SOURCE_UPDATE}" />
    </annotation>
  </item>
  <item name="com.appsamurai.storyly.exoplayer2.core.analytics.DefaultPlaybackSessionManager void updateSessionsWithDiscontinuity(com.appsamurai.storyly.exoplayer2.core.analytics.AnalyticsListener.EventTime, int) 1">
    <annotation name="androidx.annotation.IntDef">
      <val name="value" val="{com.appsamurai.storyly.exoplayer2.common.Player.DISCONTINUITY_REASON_AUTO_TRANSITION, com.appsamurai.storyly.exoplayer2.common.Player.DISCONTINUITY_REASON_SEEK, com.appsamurai.storyly.exoplayer2.common.Player.DISCONTINUITY_REASON_SEEK_ADJUSTMENT, com.appsamurai.storyly.exoplayer2.common.Player.DISCONTINUITY_REASON_SKIP, com.appsamurai.storyly.exoplayer2.common.Player.DISCONTINUITY_REASON_REMOVE, com.appsamurai.storyly.exoplayer2.common.Player.DISCONTINUITY_REASON_INTERNAL}" />
    </annotation>
  </item>
  <item name="com.appsamurai.storyly.exoplayer2.core.analytics.MediaMetricsListener discontinuityReason">
    <annotation name="androidx.annotation.IntDef">
      <val name="value" val="{com.appsamurai.storyly.exoplayer2.common.Player.DISCONTINUITY_REASON_AUTO_TRANSITION, com.appsamurai.storyly.exoplayer2.common.Player.DISCONTINUITY_REASON_SEEK, com.appsamurai.storyly.exoplayer2.common.Player.DISCONTINUITY_REASON_SEEK_ADJUSTMENT, com.appsamurai.storyly.exoplayer2.common.Player.DISCONTINUITY_REASON_SKIP, com.appsamurai.storyly.exoplayer2.common.Player.DISCONTINUITY_REASON_REMOVE, com.appsamurai.storyly.exoplayer2.common.Player.DISCONTINUITY_REASON_INTERNAL}" />
    </annotation>
  </item>
  <item name="com.appsamurai.storyly.exoplayer2.core.analytics.MediaMetricsListener int getTrackChangeReason(int) 0">
    <annotation name="androidx.annotation.IntDef">
      <val name="open" val="true" />
      <val name="value" val="{com.appsamurai.storyly.exoplayer2.common.C.SELECTION_REASON_UNKNOWN, com.appsamurai.storyly.exoplayer2.common.C.SELECTION_REASON_INITIAL, com.appsamurai.storyly.exoplayer2.common.C.SELECTION_REASON_MANUAL, com.appsamurai.storyly.exoplayer2.common.C.SELECTION_REASON_ADAPTIVE, com.appsamurai.storyly.exoplayer2.common.C.SELECTION_REASON_TRICK_PLAY}" />
    </annotation>
  </item>
  <item name="com.appsamurai.storyly.exoplayer2.core.analytics.MediaMetricsListener void maybeUpdateAudioFormat(long, com.appsamurai.storyly.exoplayer2.common.Format, int) 2">
    <annotation name="androidx.annotation.IntDef">
      <val name="open" val="true" />
      <val name="value" val="{com.appsamurai.storyly.exoplayer2.common.C.SELECTION_REASON_UNKNOWN, com.appsamurai.storyly.exoplayer2.common.C.SELECTION_REASON_INITIAL, com.appsamurai.storyly.exoplayer2.common.C.SELECTION_REASON_MANUAL, com.appsamurai.storyly.exoplayer2.common.C.SELECTION_REASON_ADAPTIVE, com.appsamurai.storyly.exoplayer2.common.C.SELECTION_REASON_TRICK_PLAY}" />
    </annotation>
  </item>
  <item name="com.appsamurai.storyly.exoplayer2.core.analytics.MediaMetricsListener void maybeUpdateTextFormat(long, com.appsamurai.storyly.exoplayer2.common.Format, int) 2">
    <annotation name="androidx.annotation.IntDef">
      <val name="open" val="true" />
      <val name="value" val="{com.appsamurai.storyly.exoplayer2.common.C.SELECTION_REASON_UNKNOWN, com.appsamurai.storyly.exoplayer2.common.C.SELECTION_REASON_INITIAL, com.appsamurai.storyly.exoplayer2.common.C.SELECTION_REASON_MANUAL, com.appsamurai.storyly.exoplayer2.common.C.SELECTION_REASON_ADAPTIVE, com.appsamurai.storyly.exoplayer2.common.C.SELECTION_REASON_TRICK_PLAY}" />
    </annotation>
  </item>
  <item name="com.appsamurai.storyly.exoplayer2.core.analytics.MediaMetricsListener void maybeUpdateVideoFormat(long, com.appsamurai.storyly.exoplayer2.common.Format, int) 2">
    <annotation name="androidx.annotation.IntDef">
      <val name="open" val="true" />
      <val name="value" val="{com.appsamurai.storyly.exoplayer2.common.C.SELECTION_REASON_UNKNOWN, com.appsamurai.storyly.exoplayer2.common.C.SELECTION_REASON_INITIAL, com.appsamurai.storyly.exoplayer2.common.C.SELECTION_REASON_MANUAL, com.appsamurai.storyly.exoplayer2.common.C.SELECTION_REASON_ADAPTIVE, com.appsamurai.storyly.exoplayer2.common.C.SELECTION_REASON_TRICK_PLAY}" />
    </annotation>
  </item>
  <item name="com.appsamurai.storyly.exoplayer2.core.analytics.MediaMetricsListener void onPositionDiscontinuity(com.appsamurai.storyly.exoplayer2.core.analytics.AnalyticsListener.EventTime, com.appsamurai.storyly.exoplayer2.common.Player.PositionInfo, com.appsamurai.storyly.exoplayer2.common.Player.PositionInfo, int) 3">
    <annotation name="androidx.annotation.IntDef">
      <val name="value" val="{com.appsamurai.storyly.exoplayer2.common.Player.DISCONTINUITY_REASON_AUTO_TRANSITION, com.appsamurai.storyly.exoplayer2.common.Player.DISCONTINUITY_REASON_SEEK, com.appsamurai.storyly.exoplayer2.common.Player.DISCONTINUITY_REASON_SEEK_ADJUSTMENT, com.appsamurai.storyly.exoplayer2.common.Player.DISCONTINUITY_REASON_SKIP, com.appsamurai.storyly.exoplayer2.common.Player.DISCONTINUITY_REASON_REMOVE, com.appsamurai.storyly.exoplayer2.common.Player.DISCONTINUITY_REASON_INTERNAL}" />
    </annotation>
  </item>
  <item name="com.appsamurai.storyly.exoplayer2.core.analytics.MediaMetricsListener void reportTrackChangeEvent(int, long, com.appsamurai.storyly.exoplayer2.common.Format, int) 3">
    <annotation name="androidx.annotation.IntDef">
      <val name="open" val="true" />
      <val name="value" val="{com.appsamurai.storyly.exoplayer2.common.C.SELECTION_REASON_UNKNOWN, com.appsamurai.storyly.exoplayer2.common.C.SELECTION_REASON_INITIAL, com.appsamurai.storyly.exoplayer2.common.C.SELECTION_REASON_MANUAL, com.appsamurai.storyly.exoplayer2.common.C.SELECTION_REASON_ADAPTIVE, com.appsamurai.storyly.exoplayer2.common.C.SELECTION_REASON_TRICK_PLAY}" />
    </annotation>
  </item>
  <item name="com.appsamurai.storyly.exoplayer2.core.analytics.MediaMetricsListener.PendingFormatUpdate PendingFormatUpdate(com.appsamurai.storyly.exoplayer2.common.Format, int, java.lang.String) 1">
    <annotation name="androidx.annotation.IntDef">
      <val name="open" val="true" />
      <val name="value" val="{com.appsamurai.storyly.exoplayer2.common.C.SELECTION_REASON_UNKNOWN, com.appsamurai.storyly.exoplayer2.common.C.SELECTION_REASON_INITIAL, com.appsamurai.storyly.exoplayer2.common.C.SELECTION_REASON_MANUAL, com.appsamurai.storyly.exoplayer2.common.C.SELECTION_REASON_ADAPTIVE, com.appsamurai.storyly.exoplayer2.common.C.SELECTION_REASON_TRICK_PLAY}" />
    </annotation>
  </item>
  <item name="com.appsamurai.storyly.exoplayer2.core.analytics.MediaMetricsListener.PendingFormatUpdate selectionReason">
    <annotation name="androidx.annotation.IntDef">
      <val name="open" val="true" />
      <val name="value" val="{com.appsamurai.storyly.exoplayer2.common.C.SELECTION_REASON_UNKNOWN, com.appsamurai.storyly.exoplayer2.common.C.SELECTION_REASON_INITIAL, com.appsamurai.storyly.exoplayer2.common.C.SELECTION_REASON_MANUAL, com.appsamurai.storyly.exoplayer2.common.C.SELECTION_REASON_ADAPTIVE, com.appsamurai.storyly.exoplayer2.common.C.SELECTION_REASON_TRICK_PLAY}" />
    </annotation>
  </item>
  <item name="com.appsamurai.storyly.exoplayer2.core.analytics.PlaybackSessionManager void updateSessionsWithDiscontinuity(com.appsamurai.storyly.exoplayer2.core.analytics.AnalyticsListener.EventTime, int) 1">
    <annotation name="androidx.annotation.IntDef">
      <val name="value" val="{com.appsamurai.storyly.exoplayer2.common.Player.DISCONTINUITY_REASON_AUTO_TRANSITION, com.appsamurai.storyly.exoplayer2.common.Player.DISCONTINUITY_REASON_SEEK, com.appsamurai.storyly.exoplayer2.common.Player.DISCONTINUITY_REASON_SEEK_ADJUSTMENT, com.appsamurai.storyly.exoplayer2.common.Player.DISCONTINUITY_REASON_SKIP, com.appsamurai.storyly.exoplayer2.common.Player.DISCONTINUITY_REASON_REMOVE, com.appsamurai.storyly.exoplayer2.common.Player.DISCONTINUITY_REASON_INTERNAL}" />
    </annotation>
  </item>
  <item name="com.appsamurai.storyly.exoplayer2.core.analytics.PlaybackStats int getPlaybackStateAtTime(long)">
    <annotation name="androidx.annotation.IntDef">
      <val name="value" val="{com.appsamurai.storyly.exoplayer2.core.analytics.PlaybackStats.PLAYBACK_STATE_NOT_STARTED, com.appsamurai.storyly.exoplayer2.core.analytics.PlaybackStats.PLAYBACK_STATE_JOINING_BACKGROUND, com.appsamurai.storyly.exoplayer2.core.analytics.PlaybackStats.PLAYBACK_STATE_JOINING_FOREGROUND, com.appsamurai.storyly.exoplayer2.core.analytics.PlaybackStats.PLAYBACK_STATE_PLAYING, com.appsamurai.storyly.exoplayer2.core.analytics.PlaybackStats.PLAYBACK_STATE_PAUSED, com.appsamurai.storyly.exoplayer2.core.analytics.PlaybackStats.PLAYBACK_STATE_SEEKING, com.appsamurai.storyly.exoplayer2.core.analytics.PlaybackStats.PLAYBACK_STATE_BUFFERING, com.appsamurai.storyly.exoplayer2.core.analytics.PlaybackStats.PLAYBACK_STATE_PAUSED_BUFFERING, com.appsamurai.storyly.exoplayer2.core.analytics.PlaybackStats.PLAYBACK_STATE_SUPPRESSED, com.appsamurai.storyly.exoplayer2.core.analytics.PlaybackStats.PLAYBACK_STATE_SUPPRESSED_BUFFERING, com.appsamurai.storyly.exoplayer2.core.analytics.PlaybackStats.PLAYBACK_STATE_ENDED, com.appsamurai.storyly.exoplayer2.core.analytics.PlaybackStats.PLAYBACK_STATE_STOPPED, com.appsamurai.storyly.exoplayer2.core.analytics.PlaybackStats.PLAYBACK_STATE_FAILED, com.appsamurai.storyly.exoplayer2.core.analytics.PlaybackStats.PLAYBACK_STATE_INTERRUPTED_BY_AD, com.appsamurai.storyly.exoplayer2.core.analytics.PlaybackStats.PLAYBACK_STATE_ABANDONED}" />
    </annotation>
  </item>
  <item name="com.appsamurai.storyly.exoplayer2.core.analytics.PlaybackStats long getPlaybackStateDurationMs(int) 0">
    <annotation name="androidx.annotation.IntDef">
      <val name="value" val="{com.appsamurai.storyly.exoplayer2.core.analytics.PlaybackStats.PLAYBACK_STATE_NOT_STARTED, com.appsamurai.storyly.exoplayer2.core.analytics.PlaybackStats.PLAYBACK_STATE_JOINING_BACKGROUND, com.appsamurai.storyly.exoplayer2.core.analytics.PlaybackStats.PLAYBACK_STATE_JOINING_FOREGROUND, com.appsamurai.storyly.exoplayer2.core.analytics.PlaybackStats.PLAYBACK_STATE_PLAYING, com.appsamurai.storyly.exoplayer2.core.analytics.PlaybackStats.PLAYBACK_STATE_PAUSED, com.appsamurai.storyly.exoplayer2.core.analytics.PlaybackStats.PLAYBACK_STATE_SEEKING, com.appsamurai.storyly.exoplayer2.core.analytics.PlaybackStats.PLAYBACK_STATE_BUFFERING, com.appsamurai.storyly.exoplayer2.core.analytics.PlaybackStats.PLAYBACK_STATE_PAUSED_BUFFERING, com.appsamurai.storyly.exoplayer2.core.analytics.PlaybackStats.PLAYBACK_STATE_SUPPRESSED, com.appsamurai.storyly.exoplayer2.core.analytics.PlaybackStats.PLAYBACK_STATE_SUPPRESSED_BUFFERING, com.appsamurai.storyly.exoplayer2.core.analytics.PlaybackStats.PLAYBACK_STATE_ENDED, com.appsamurai.storyly.exoplayer2.core.analytics.PlaybackStats.PLAYBACK_STATE_STOPPED, com.appsamurai.storyly.exoplayer2.core.analytics.PlaybackStats.PLAYBACK_STATE_FAILED, com.appsamurai.storyly.exoplayer2.core.analytics.PlaybackStats.PLAYBACK_STATE_INTERRUPTED_BY_AD, com.appsamurai.storyly.exoplayer2.core.analytics.PlaybackStats.PLAYBACK_STATE_ABANDONED}" />
    </annotation>
  </item>
  <item name="com.appsamurai.storyly.exoplayer2.core.analytics.PlaybackStats.EventTimeAndPlaybackState EventTimeAndPlaybackState(com.appsamurai.storyly.exoplayer2.core.analytics.AnalyticsListener.EventTime, int) 1">
    <annotation name="androidx.annotation.IntDef">
      <val name="value" val="{com.appsamurai.storyly.exoplayer2.core.analytics.PlaybackStats.PLAYBACK_STATE_NOT_STARTED, com.appsamurai.storyly.exoplayer2.core.analytics.PlaybackStats.PLAYBACK_STATE_JOINING_BACKGROUND, com.appsamurai.storyly.exoplayer2.core.analytics.PlaybackStats.PLAYBACK_STATE_JOINING_FOREGROUND, com.appsamurai.storyly.exoplayer2.core.analytics.PlaybackStats.PLAYBACK_STATE_PLAYING, com.appsamurai.storyly.exoplayer2.core.analytics.PlaybackStats.PLAYBACK_STATE_PAUSED, com.appsamurai.storyly.exoplayer2.core.analytics.PlaybackStats.PLAYBACK_STATE_SEEKING, com.appsamurai.storyly.exoplayer2.core.analytics.PlaybackStats.PLAYBACK_STATE_BUFFERING, com.appsamurai.storyly.exoplayer2.core.analytics.PlaybackStats.PLAYBACK_STATE_PAUSED_BUFFERING, com.appsamurai.storyly.exoplayer2.core.analytics.PlaybackStats.PLAYBACK_STATE_SUPPRESSED, com.appsamurai.storyly.exoplayer2.core.analytics.PlaybackStats.PLAYBACK_STATE_SUPPRESSED_BUFFERING, com.appsamurai.storyly.exoplayer2.core.analytics.PlaybackStats.PLAYBACK_STATE_ENDED, com.appsamurai.storyly.exoplayer2.core.analytics.PlaybackStats.PLAYBACK_STATE_STOPPED, com.appsamurai.storyly.exoplayer2.core.analytics.PlaybackStats.PLAYBACK_STATE_FAILED, com.appsamurai.storyly.exoplayer2.core.analytics.PlaybackStats.PLAYBACK_STATE_INTERRUPTED_BY_AD, com.appsamurai.storyly.exoplayer2.core.analytics.PlaybackStats.PLAYBACK_STATE_ABANDONED}" />
    </annotation>
  </item>
  <item name="com.appsamurai.storyly.exoplayer2.core.analytics.PlaybackStats.EventTimeAndPlaybackState playbackState">
    <annotation name="androidx.annotation.IntDef">
      <val name="value" val="{com.appsamurai.storyly.exoplayer2.core.analytics.PlaybackStats.PLAYBACK_STATE_NOT_STARTED, com.appsamurai.storyly.exoplayer2.core.analytics.PlaybackStats.PLAYBACK_STATE_JOINING_BACKGROUND, com.appsamurai.storyly.exoplayer2.core.analytics.PlaybackStats.PLAYBACK_STATE_JOINING_FOREGROUND, com.appsamurai.storyly.exoplayer2.core.analytics.PlaybackStats.PLAYBACK_STATE_PLAYING, com.appsamurai.storyly.exoplayer2.core.analytics.PlaybackStats.PLAYBACK_STATE_PAUSED, com.appsamurai.storyly.exoplayer2.core.analytics.PlaybackStats.PLAYBACK_STATE_SEEKING, com.appsamurai.storyly.exoplayer2.core.analytics.PlaybackStats.PLAYBACK_STATE_BUFFERING, com.appsamurai.storyly.exoplayer2.core.analytics.PlaybackStats.PLAYBACK_STATE_PAUSED_BUFFERING, com.appsamurai.storyly.exoplayer2.core.analytics.PlaybackStats.PLAYBACK_STATE_SUPPRESSED, com.appsamurai.storyly.exoplayer2.core.analytics.PlaybackStats.PLAYBACK_STATE_SUPPRESSED_BUFFERING, com.appsamurai.storyly.exoplayer2.core.analytics.PlaybackStats.PLAYBACK_STATE_ENDED, com.appsamurai.storyly.exoplayer2.core.analytics.PlaybackStats.PLAYBACK_STATE_STOPPED, com.appsamurai.storyly.exoplayer2.core.analytics.PlaybackStats.PLAYBACK_STATE_FAILED, com.appsamurai.storyly.exoplayer2.core.analytics.PlaybackStats.PLAYBACK_STATE_INTERRUPTED_BY_AD, com.appsamurai.storyly.exoplayer2.core.analytics.PlaybackStats.PLAYBACK_STATE_ABANDONED}" />
    </annotation>
  </item>
  <item name="com.appsamurai.storyly.exoplayer2.core.analytics.PlaybackStatsListener boolean hasEvent(com.appsamurai.storyly.exoplayer2.core.analytics.AnalyticsListener.Events, java.lang.String, int) 2">
    <annotation name="androidx.annotation.IntDef">
      <val name="value" val="{com.appsamurai.storyly.exoplayer2.core.analytics.AnalyticsListener.EVENT_TIMELINE_CHANGED, com.appsamurai.storyly.exoplayer2.core.analytics.AnalyticsListener.EVENT_MEDIA_ITEM_TRANSITION, com.appsamurai.storyly.exoplayer2.core.analytics.AnalyticsListener.EVENT_TRACKS_CHANGED, com.appsamurai.storyly.exoplayer2.core.analytics.AnalyticsListener.EVENT_IS_LOADING_CHANGED, com.appsamurai.storyly.exoplayer2.core.analytics.AnalyticsListener.EVENT_PLAYBACK_STATE_CHANGED, com.appsamurai.storyly.exoplayer2.core.analytics.AnalyticsListener.EVENT_PLAY_WHEN_READY_CHANGED, com.appsamurai.storyly.exoplayer2.core.analytics.AnalyticsListener.EVENT_PLAYBACK_SUPPRESSION_REASON_CHANGED, com.appsamurai.storyly.exoplayer2.core.analytics.AnalyticsListener.EVENT_IS_PLAYING_CHANGED, com.appsamurai.storyly.exoplayer2.core.analytics.AnalyticsListener.EVENT_REPEAT_MODE_CHANGED, com.appsamurai.storyly.exoplayer2.core.analytics.AnalyticsListener.EVENT_SHUFFLE_MODE_ENABLED_CHANGED, com.appsamurai.storyly.exoplayer2.core.analytics.AnalyticsListener.EVENT_PLAYER_ERROR, com.appsamurai.storyly.exoplayer2.core.analytics.AnalyticsListener.EVENT_POSITION_DISCONTINUITY, com.appsamurai.storyly.exoplayer2.core.analytics.AnalyticsListener.EVENT_PLAYBACK_PARAMETERS_CHANGED, com.appsamurai.storyly.exoplayer2.core.analytics.AnalyticsListener.EVENT_AVAILABLE_COMMANDS_CHANGED, com.appsamurai.storyly.exoplayer2.core.analytics.AnalyticsListener.EVENT_MEDIA_METADATA_CHANGED, com.appsamurai.storyly.exoplayer2.core.analytics.AnalyticsListener.EVENT_PLAYLIST_METADATA_CHANGED, com.appsamurai.storyly.exoplayer2.core.analytics.AnalyticsListener.EVENT_SEEK_BACK_INCREMENT_CHANGED, com.appsamurai.storyly.exoplayer2.core.analytics.AnalyticsListener.EVENT_SEEK_FORWARD_INCREMENT_CHANGED, com.appsamurai.storyly.exoplayer2.core.analytics.AnalyticsListener.EVENT_MAX_SEEK_TO_PREVIOUS_POSITION_CHANGED, com.appsamurai.storyly.exoplayer2.core.analytics.AnalyticsListener.EVENT_TRACK_SELECTION_PARAMETERS_CHANGED, com.appsamurai.storyly.exoplayer2.core.analytics.AnalyticsListener.EVENT_DEVICE_INFO_CHANGED, com.appsamurai.storyly.exoplayer2.core.analytics.AnalyticsListener.EVENT_DEVICE_VOLUME_CHANGED, com.appsamurai.storyly.exoplayer2.core.analytics.AnalyticsListener.EVENT_LOAD_STARTED, com.appsamurai.storyly.exoplayer2.core.analytics.AnalyticsListener.EVENT_LOAD_COMPLETED, com.appsamurai.storyly.exoplayer2.core.analytics.AnalyticsListener.EVENT_LOAD_CANCELED, com.appsamurai.storyly.exoplayer2.core.analytics.AnalyticsListener.EVENT_LOAD_ERROR, com.appsamurai.storyly.exoplayer2.core.analytics.AnalyticsListener.EVENT_DOWNSTREAM_FORMAT_CHANGED, com.appsamurai.storyly.exoplayer2.core.analytics.AnalyticsListener.EVENT_UPSTREAM_DISCARDED, com.appsamurai.storyly.exoplayer2.core.analytics.AnalyticsListener.EVENT_BANDWIDTH_ESTIMATE, com.appsamurai.storyly.exoplayer2.core.analytics.AnalyticsListener.EVENT_METADATA, com.appsamurai.storyly.exoplayer2.core.analytics.AnalyticsListener.EVENT_CUES, com.appsamurai.storyly.exoplayer2.core.analytics.AnalyticsListener.EVENT_AUDIO_ENABLED, com.appsamurai.storyly.exoplayer2.core.analytics.AnalyticsListener.EVENT_AUDIO_DECODER_INITIALIZED, com.appsamurai.storyly.exoplayer2.core.analytics.AnalyticsListener.EVENT_AUDIO_INPUT_FORMAT_CHANGED, com.appsamurai.storyly.exoplayer2.core.analytics.AnalyticsListener.EVENT_AUDIO_POSITION_ADVANCING, com.appsamurai.storyly.exoplayer2.core.analytics.AnalyticsListener.EVENT_AUDIO_UNDERRUN, com.appsamurai.storyly.exoplayer2.core.analytics.AnalyticsListener.EVENT_AUDIO_DECODER_RELEASED, com.appsamurai.storyly.exoplayer2.core.analytics.AnalyticsListener.EVENT_AUDIO_DISABLED, com.appsamurai.storyly.exoplayer2.core.analytics.AnalyticsListener.EVENT_AUDIO_SESSION_ID, com.appsamurai.storyly.exoplayer2.core.analytics.AnalyticsListener.EVENT_AUDIO_ATTRIBUTES_CHANGED, com.appsamurai.storyly.exoplayer2.core.analytics.AnalyticsListener.EVENT_SKIP_SILENCE_ENABLED_CHANGED, com.appsamurai.storyly.exoplayer2.core.analytics.AnalyticsListener.EVENT_AUDIO_SINK_ERROR, com.appsamurai.storyly.exoplayer2.core.analytics.AnalyticsListener.EVENT_VOLUME_CHANGED, com.appsamurai.storyly.exoplayer2.core.analytics.AnalyticsListener.EVENT_VIDEO_ENABLED, com.appsamurai.storyly.exoplayer2.core.analytics.AnalyticsListener.EVENT_VIDEO_DECODER_INITIALIZED, com.appsamurai.storyly.exoplayer2.core.analytics.AnalyticsListener.EVENT_VIDEO_INPUT_FORMAT_CHANGED, com.appsamurai.storyly.exoplayer2.core.analytics.AnalyticsListener.EVENT_DROPPED_VIDEO_FRAMES, com.appsamurai.storyly.exoplayer2.core.analytics.AnalyticsListener.EVENT_VIDEO_DECODER_RELEASED, com.appsamurai.storyly.exoplayer2.core.analytics.AnalyticsListener.EVENT_VIDEO_DISABLED, com.appsamurai.storyly.exoplayer2.core.analytics.AnalyticsListener.EVENT_VIDEO_FRAME_PROCESSING_OFFSET, com.appsamurai.storyly.exoplayer2.core.analytics.AnalyticsListener.EVENT_RENDERED_FIRST_FRAME, com.appsamurai.storyly.exoplayer2.core.analytics.AnalyticsListener.EVENT_VIDEO_SIZE_CHANGED, com.appsamurai.storyly.exoplayer2.core.analytics.AnalyticsListener.EVENT_SURFACE_SIZE_CHANGED, com.appsamurai.storyly.exoplayer2.core.analytics.AnalyticsListener.EVENT_DRM_SESSION_ACQUIRED, com.appsamurai.storyly.exoplayer2.core.analytics.AnalyticsListener.EVENT_DRM_KEYS_LOADED, com.appsamurai.storyly.exoplayer2.core.analytics.AnalyticsListener.EVENT_DRM_SESSION_MANAGER_ERROR, com.appsamurai.storyly.exoplayer2.core.analytics.AnalyticsListener.EVENT_DRM_KEYS_RESTORED, com.appsamurai.storyly.exoplayer2.core.analytics.AnalyticsListener.EVENT_DRM_KEYS_REMOVED, com.appsamurai.storyly.exoplayer2.core.analytics.AnalyticsListener.EVENT_DRM_SESSION_RELEASED, com.appsamurai.storyly.exoplayer2.core.analytics.AnalyticsListener.EVENT_PLAYER_RELEASED, com.appsamurai.storyly.exoplayer2.core.analytics.AnalyticsListener.EVENT_AUDIO_CODEC_ERROR, com.appsamurai.storyly.exoplayer2.core.analytics.AnalyticsListener.EVENT_VIDEO_CODEC_ERROR}" />
    </annotation>
  </item>
  <item name="com.appsamurai.storyly.exoplayer2.core.analytics.PlaybackStatsListener discontinuityReason">
    <annotation name="androidx.annotation.IntDef">
      <val name="value" val="{com.appsamurai.storyly.exoplayer2.common.Player.DISCONTINUITY_REASON_AUTO_TRANSITION, com.appsamurai.storyly.exoplayer2.common.Player.DISCONTINUITY_REASON_SEEK, com.appsamurai.storyly.exoplayer2.common.Player.DISCONTINUITY_REASON_SEEK_ADJUSTMENT, com.appsamurai.storyly.exoplayer2.common.Player.DISCONTINUITY_REASON_SKIP, com.appsamurai.storyly.exoplayer2.common.Player.DISCONTINUITY_REASON_REMOVE, com.appsamurai.storyly.exoplayer2.common.Player.DISCONTINUITY_REASON_INTERNAL}" />
    </annotation>
  </item>
  <item name="com.appsamurai.storyly.exoplayer2.core.analytics.PlaybackStatsListener void onPositionDiscontinuity(com.appsamurai.storyly.exoplayer2.core.analytics.AnalyticsListener.EventTime, com.appsamurai.storyly.exoplayer2.common.Player.PositionInfo, com.appsamurai.storyly.exoplayer2.common.Player.PositionInfo, int) 3">
    <annotation name="androidx.annotation.IntDef">
      <val name="value" val="{com.appsamurai.storyly.exoplayer2.common.Player.DISCONTINUITY_REASON_AUTO_TRANSITION, com.appsamurai.storyly.exoplayer2.common.Player.DISCONTINUITY_REASON_SEEK, com.appsamurai.storyly.exoplayer2.common.Player.DISCONTINUITY_REASON_SEEK_ADJUSTMENT, com.appsamurai.storyly.exoplayer2.common.Player.DISCONTINUITY_REASON_SKIP, com.appsamurai.storyly.exoplayer2.common.Player.DISCONTINUITY_REASON_REMOVE, com.appsamurai.storyly.exoplayer2.common.Player.DISCONTINUITY_REASON_INTERNAL}" />
    </annotation>
  </item>
  <item name="com.appsamurai.storyly.exoplayer2.core.analytics.PlaybackStatsListener.PlaybackStatsTracker boolean isInvalidJoinTransition(int, int) 0">
    <annotation name="androidx.annotation.IntDef">
      <val name="value" val="{com.appsamurai.storyly.exoplayer2.core.analytics.PlaybackStats.PLAYBACK_STATE_NOT_STARTED, com.appsamurai.storyly.exoplayer2.core.analytics.PlaybackStats.PLAYBACK_STATE_JOINING_BACKGROUND, com.appsamurai.storyly.exoplayer2.core.analytics.PlaybackStats.PLAYBACK_STATE_JOINING_FOREGROUND, com.appsamurai.storyly.exoplayer2.core.analytics.PlaybackStats.PLAYBACK_STATE_PLAYING, com.appsamurai.storyly.exoplayer2.core.analytics.PlaybackStats.PLAYBACK_STATE_PAUSED, com.appsamurai.storyly.exoplayer2.core.analytics.PlaybackStats.PLAYBACK_STATE_SEEKING, com.appsamurai.storyly.exoplayer2.core.analytics.PlaybackStats.PLAYBACK_STATE_BUFFERING, com.appsamurai.storyly.exoplayer2.core.analytics.PlaybackStats.PLAYBACK_STATE_PAUSED_BUFFERING, com.appsamurai.storyly.exoplayer2.core.analytics.PlaybackStats.PLAYBACK_STATE_SUPPRESSED, com.appsamurai.storyly.exoplayer2.core.analytics.PlaybackStats.PLAYBACK_STATE_SUPPRESSED_BUFFERING, com.appsamurai.storyly.exoplayer2.core.analytics.PlaybackStats.PLAYBACK_STATE_ENDED, com.appsamurai.storyly.exoplayer2.core.analytics.PlaybackStats.PLAYBACK_STATE_STOPPED, com.appsamurai.storyly.exoplayer2.core.analytics.PlaybackStats.PLAYBACK_STATE_FAILED, com.appsamurai.storyly.exoplayer2.core.analytics.PlaybackStats.PLAYBACK_STATE_INTERRUPTED_BY_AD, com.appsamurai.storyly.exoplayer2.core.analytics.PlaybackStats.PLAYBACK_STATE_ABANDONED}" />
    </annotation>
  </item>
  <item name="com.appsamurai.storyly.exoplayer2.core.analytics.PlaybackStatsListener.PlaybackStatsTracker boolean isInvalidJoinTransition(int, int) 1">
    <annotation name="androidx.annotation.IntDef">
      <val name="value" val="{com.appsamurai.storyly.exoplayer2.core.analytics.PlaybackStats.PLAYBACK_STATE_NOT_STARTED, com.appsamurai.storyly.exoplayer2.core.analytics.PlaybackStats.PLAYBACK_STATE_JOINING_BACKGROUND, com.appsamurai.storyly.exoplayer2.core.analytics.PlaybackStats.PLAYBACK_STATE_JOINING_FOREGROUND, com.appsamurai.storyly.exoplayer2.core.analytics.PlaybackStats.PLAYBACK_STATE_PLAYING, com.appsamurai.storyly.exoplayer2.core.analytics.PlaybackStats.PLAYBACK_STATE_PAUSED, com.appsamurai.storyly.exoplayer2.core.analytics.PlaybackStats.PLAYBACK_STATE_SEEKING, com.appsamurai.storyly.exoplayer2.core.analytics.PlaybackStats.PLAYBACK_STATE_BUFFERING, com.appsamurai.storyly.exoplayer2.core.analytics.PlaybackStats.PLAYBACK_STATE_PAUSED_BUFFERING, com.appsamurai.storyly.exoplayer2.core.analytics.PlaybackStats.PLAYBACK_STATE_SUPPRESSED, com.appsamurai.storyly.exoplayer2.core.analytics.PlaybackStats.PLAYBACK_STATE_SUPPRESSED_BUFFERING, com.appsamurai.storyly.exoplayer2.core.analytics.PlaybackStats.PLAYBACK_STATE_ENDED, com.appsamurai.storyly.exoplayer2.core.analytics.PlaybackStats.PLAYBACK_STATE_STOPPED, com.appsamurai.storyly.exoplayer2.core.analytics.PlaybackStats.PLAYBACK_STATE_FAILED, com.appsamurai.storyly.exoplayer2.core.analytics.PlaybackStats.PLAYBACK_STATE_INTERRUPTED_BY_AD, com.appsamurai.storyly.exoplayer2.core.analytics.PlaybackStats.PLAYBACK_STATE_ABANDONED}" />
    </annotation>
  </item>
  <item name="com.appsamurai.storyly.exoplayer2.core.analytics.PlaybackStatsListener.PlaybackStatsTracker boolean isPausedState(int) 0">
    <annotation name="androidx.annotation.IntDef">
      <val name="value" val="{com.appsamurai.storyly.exoplayer2.core.analytics.PlaybackStats.PLAYBACK_STATE_NOT_STARTED, com.appsamurai.storyly.exoplayer2.core.analytics.PlaybackStats.PLAYBACK_STATE_JOINING_BACKGROUND, com.appsamurai.storyly.exoplayer2.core.analytics.PlaybackStats.PLAYBACK_STATE_JOINING_FOREGROUND, com.appsamurai.storyly.exoplayer2.core.analytics.PlaybackStats.PLAYBACK_STATE_PLAYING, com.appsamurai.storyly.exoplayer2.core.analytics.PlaybackStats.PLAYBACK_STATE_PAUSED, com.appsamurai.storyly.exoplayer2.core.analytics.PlaybackStats.PLAYBACK_STATE_SEEKING, com.appsamurai.storyly.exoplayer2.core.analytics.PlaybackStats.PLAYBACK_STATE_BUFFERING, com.appsamurai.storyly.exoplayer2.core.analytics.PlaybackStats.PLAYBACK_STATE_PAUSED_BUFFERING, com.appsamurai.storyly.exoplayer2.core.analytics.PlaybackStats.PLAYBACK_STATE_SUPPRESSED, com.appsamurai.storyly.exoplayer2.core.analytics.PlaybackStats.PLAYBACK_STATE_SUPPRESSED_BUFFERING, com.appsamurai.storyly.exoplayer2.core.analytics.PlaybackStats.PLAYBACK_STATE_ENDED, com.appsamurai.storyly.exoplayer2.core.analytics.PlaybackStats.PLAYBACK_STATE_STOPPED, com.appsamurai.storyly.exoplayer2.core.analytics.PlaybackStats.PLAYBACK_STATE_FAILED, com.appsamurai.storyly.exoplayer2.core.analytics.PlaybackStats.PLAYBACK_STATE_INTERRUPTED_BY_AD, com.appsamurai.storyly.exoplayer2.core.analytics.PlaybackStats.PLAYBACK_STATE_ABANDONED}" />
    </annotation>
  </item>
  <item name="com.appsamurai.storyly.exoplayer2.core.analytics.PlaybackStatsListener.PlaybackStatsTracker boolean isReadyState(int) 0">
    <annotation name="androidx.annotation.IntDef">
      <val name="value" val="{com.appsamurai.storyly.exoplayer2.core.analytics.PlaybackStats.PLAYBACK_STATE_NOT_STARTED, com.appsamurai.storyly.exoplayer2.core.analytics.PlaybackStats.PLAYBACK_STATE_JOINING_BACKGROUND, com.appsamurai.storyly.exoplayer2.core.analytics.PlaybackStats.PLAYBACK_STATE_JOINING_FOREGROUND, com.appsamurai.storyly.exoplayer2.core.analytics.PlaybackStats.PLAYBACK_STATE_PLAYING, com.appsamurai.storyly.exoplayer2.core.analytics.PlaybackStats.PLAYBACK_STATE_PAUSED, com.appsamurai.storyly.exoplayer2.core.analytics.PlaybackStats.PLAYBACK_STATE_SEEKING, com.appsamurai.storyly.exoplayer2.core.analytics.PlaybackStats.PLAYBACK_STATE_BUFFERING, com.appsamurai.storyly.exoplayer2.core.analytics.PlaybackStats.PLAYBACK_STATE_PAUSED_BUFFERING, com.appsamurai.storyly.exoplayer2.core.analytics.PlaybackStats.PLAYBACK_STATE_SUPPRESSED, com.appsamurai.storyly.exoplayer2.core.analytics.PlaybackStats.PLAYBACK_STATE_SUPPRESSED_BUFFERING, com.appsamurai.storyly.exoplayer2.core.analytics.PlaybackStats.PLAYBACK_STATE_ENDED, com.appsamurai.storyly.exoplayer2.core.analytics.PlaybackStats.PLAYBACK_STATE_STOPPED, com.appsamurai.storyly.exoplayer2.core.analytics.PlaybackStats.PLAYBACK_STATE_FAILED, com.appsamurai.storyly.exoplayer2.core.analytics.PlaybackStats.PLAYBACK_STATE_INTERRUPTED_BY_AD, com.appsamurai.storyly.exoplayer2.core.analytics.PlaybackStats.PLAYBACK_STATE_ABANDONED}" />
    </annotation>
  </item>
  <item name="com.appsamurai.storyly.exoplayer2.core.analytics.PlaybackStatsListener.PlaybackStatsTracker boolean isRebufferingState(int) 0">
    <annotation name="androidx.annotation.IntDef">
      <val name="value" val="{com.appsamurai.storyly.exoplayer2.core.analytics.PlaybackStats.PLAYBACK_STATE_NOT_STARTED, com.appsamurai.storyly.exoplayer2.core.analytics.PlaybackStats.PLAYBACK_STATE_JOINING_BACKGROUND, com.appsamurai.storyly.exoplayer2.core.analytics.PlaybackStats.PLAYBACK_STATE_JOINING_FOREGROUND, com.appsamurai.storyly.exoplayer2.core.analytics.PlaybackStats.PLAYBACK_STATE_PLAYING, com.appsamurai.storyly.exoplayer2.core.analytics.PlaybackStats.PLAYBACK_STATE_PAUSED, com.appsamurai.storyly.exoplayer2.core.analytics.PlaybackStats.PLAYBACK_STATE_SEEKING, com.appsamurai.storyly.exoplayer2.core.analytics.PlaybackStats.PLAYBACK_STATE_BUFFERING, com.appsamurai.storyly.exoplayer2.core.analytics.PlaybackStats.PLAYBACK_STATE_PAUSED_BUFFERING, com.appsamurai.storyly.exoplayer2.core.analytics.PlaybackStats.PLAYBACK_STATE_SUPPRESSED, com.appsamurai.storyly.exoplayer2.core.analytics.PlaybackStats.PLAYBACK_STATE_SUPPRESSED_BUFFERING, com.appsamurai.storyly.exoplayer2.core.analytics.PlaybackStats.PLAYBACK_STATE_ENDED, com.appsamurai.storyly.exoplayer2.core.analytics.PlaybackStats.PLAYBACK_STATE_STOPPED, com.appsamurai.storyly.exoplayer2.core.analytics.PlaybackStats.PLAYBACK_STATE_FAILED, com.appsamurai.storyly.exoplayer2.core.analytics.PlaybackStats.PLAYBACK_STATE_INTERRUPTED_BY_AD, com.appsamurai.storyly.exoplayer2.core.analytics.PlaybackStats.PLAYBACK_STATE_ABANDONED}" />
    </annotation>
  </item>
  <item name="com.appsamurai.storyly.exoplayer2.core.analytics.PlaybackStatsListener.PlaybackStatsTracker currentPlaybackState">
    <annotation name="androidx.annotation.IntDef">
      <val name="value" val="{com.appsamurai.storyly.exoplayer2.core.analytics.PlaybackStats.PLAYBACK_STATE_NOT_STARTED, com.appsamurai.storyly.exoplayer2.core.analytics.PlaybackStats.PLAYBACK_STATE_JOINING_BACKGROUND, com.appsamurai.storyly.exoplayer2.core.analytics.PlaybackStats.PLAYBACK_STATE_JOINING_FOREGROUND, com.appsamurai.storyly.exoplayer2.core.analytics.PlaybackStats.PLAYBACK_STATE_PLAYING, com.appsamurai.storyly.exoplayer2.core.analytics.PlaybackStats.PLAYBACK_STATE_PAUSED, com.appsamurai.storyly.exoplayer2.core.analytics.PlaybackStats.PLAYBACK_STATE_SEEKING, com.appsamurai.storyly.exoplayer2.core.analytics.PlaybackStats.PLAYBACK_STATE_BUFFERING, com.appsamurai.storyly.exoplayer2.core.analytics.PlaybackStats.PLAYBACK_STATE_PAUSED_BUFFERING, com.appsamurai.storyly.exoplayer2.core.analytics.PlaybackStats.PLAYBACK_STATE_SUPPRESSED, com.appsamurai.storyly.exoplayer2.core.analytics.PlaybackStats.PLAYBACK_STATE_SUPPRESSED_BUFFERING, com.appsamurai.storyly.exoplayer2.core.analytics.PlaybackStats.PLAYBACK_STATE_ENDED, com.appsamurai.storyly.exoplayer2.core.analytics.PlaybackStats.PLAYBACK_STATE_STOPPED, com.appsamurai.storyly.exoplayer2.core.analytics.PlaybackStats.PLAYBACK_STATE_FAILED, com.appsamurai.storyly.exoplayer2.core.analytics.PlaybackStats.PLAYBACK_STATE_INTERRUPTED_BY_AD, com.appsamurai.storyly.exoplayer2.core.analytics.PlaybackStats.PLAYBACK_STATE_ABANDONED}" />
    </annotation>
  </item>
  <item name="com.appsamurai.storyly.exoplayer2.core.analytics.PlaybackStatsListener.PlaybackStatsTracker int resolveNewPlaybackState(com.appsamurai.storyly.exoplayer2.common.Player)">
    <annotation name="androidx.annotation.IntDef">
      <val name="value" val="{com.appsamurai.storyly.exoplayer2.core.analytics.PlaybackStats.PLAYBACK_STATE_NOT_STARTED, com.appsamurai.storyly.exoplayer2.core.analytics.PlaybackStats.PLAYBACK_STATE_JOINING_BACKGROUND, com.appsamurai.storyly.exoplayer2.core.analytics.PlaybackStats.PLAYBACK_STATE_JOINING_FOREGROUND, com.appsamurai.storyly.exoplayer2.core.analytics.PlaybackStats.PLAYBACK_STATE_PLAYING, com.appsamurai.storyly.exoplayer2.core.analytics.PlaybackStats.PLAYBACK_STATE_PAUSED, com.appsamurai.storyly.exoplayer2.core.analytics.PlaybackStats.PLAYBACK_STATE_SEEKING, com.appsamurai.storyly.exoplayer2.core.analytics.PlaybackStats.PLAYBACK_STATE_BUFFERING, com.appsamurai.storyly.exoplayer2.core.analytics.PlaybackStats.PLAYBACK_STATE_PAUSED_BUFFERING, com.appsamurai.storyly.exoplayer2.core.analytics.PlaybackStats.PLAYBACK_STATE_SUPPRESSED, com.appsamurai.storyly.exoplayer2.core.analytics.PlaybackStats.PLAYBACK_STATE_SUPPRESSED_BUFFERING, com.appsamurai.storyly.exoplayer2.core.analytics.PlaybackStats.PLAYBACK_STATE_ENDED, com.appsamurai.storyly.exoplayer2.core.analytics.PlaybackStats.PLAYBACK_STATE_STOPPED, com.appsamurai.storyly.exoplayer2.core.analytics.PlaybackStats.PLAYBACK_STATE_FAILED, com.appsamurai.storyly.exoplayer2.core.analytics.PlaybackStats.PLAYBACK_STATE_INTERRUPTED_BY_AD, com.appsamurai.storyly.exoplayer2.core.analytics.PlaybackStats.PLAYBACK_STATE_ABANDONED}" />
    </annotation>
  </item>
  <item name="com.appsamurai.storyly.exoplayer2.core.analytics.PlaybackStatsListener.PlaybackStatsTracker void updatePlaybackState(int, com.appsamurai.storyly.exoplayer2.core.analytics.AnalyticsListener.EventTime) 0">
    <annotation name="androidx.annotation.IntDef">
      <val name="value" val="{com.appsamurai.storyly.exoplayer2.core.analytics.PlaybackStats.PLAYBACK_STATE_NOT_STARTED, com.appsamurai.storyly.exoplayer2.core.analytics.PlaybackStats.PLAYBACK_STATE_JOINING_BACKGROUND, com.appsamurai.storyly.exoplayer2.core.analytics.PlaybackStats.PLAYBACK_STATE_JOINING_FOREGROUND, com.appsamurai.storyly.exoplayer2.core.analytics.PlaybackStats.PLAYBACK_STATE_PLAYING, com.appsamurai.storyly.exoplayer2.core.analytics.PlaybackStats.PLAYBACK_STATE_PAUSED, com.appsamurai.storyly.exoplayer2.core.analytics.PlaybackStats.PLAYBACK_STATE_SEEKING, com.appsamurai.storyly.exoplayer2.core.analytics.PlaybackStats.PLAYBACK_STATE_BUFFERING, com.appsamurai.storyly.exoplayer2.core.analytics.PlaybackStats.PLAYBACK_STATE_PAUSED_BUFFERING, com.appsamurai.storyly.exoplayer2.core.analytics.PlaybackStats.PLAYBACK_STATE_SUPPRESSED, com.appsamurai.storyly.exoplayer2.core.analytics.PlaybackStats.PLAYBACK_STATE_SUPPRESSED_BUFFERING, com.appsamurai.storyly.exoplayer2.core.analytics.PlaybackStats.PLAYBACK_STATE_ENDED, com.appsamurai.storyly.exoplayer2.core.analytics.PlaybackStats.PLAYBACK_STATE_STOPPED, com.appsamurai.storyly.exoplayer2.core.analytics.PlaybackStats.PLAYBACK_STATE_FAILED, com.appsamurai.storyly.exoplayer2.core.analytics.PlaybackStats.PLAYBACK_STATE_INTERRUPTED_BY_AD, com.appsamurai.storyly.exoplayer2.core.analytics.PlaybackStats.PLAYBACK_STATE_ABANDONED}" />
    </annotation>
  </item>
</root>

