<?xml version="1.0" encoding="UTF-8"?>
<root>
  <item name="com.appsamurai.storyly.exoplayer2.core.mediacodec.AsynchronousMediaCodecAdapter java.lang.String createCallbackThreadLabel(int) 0">
    <annotation name="androidx.annotation.IntDef">
      <val name="open" val="true" />
      <val name="value" val="{com.appsamurai.storyly.exoplayer2.common.C.TRACK_TYPE_UNKNOWN, com.appsamurai.storyly.exoplayer2.common.C.TRACK_TYPE_DEFAULT, com.appsamurai.storyly.exoplayer2.common.C.TRACK_TYPE_AUDIO, com.appsamurai.storyly.exoplayer2.common.C.TRACK_TYPE_VIDEO, com.appsamurai.storyly.exoplayer2.common.C.TRACK_TYPE_TEXT, com.appsamurai.storyly.exoplayer2.common.C.TRACK_TYPE_IMAGE, com.appsamurai.storyly.exoplayer2.common.C.TRACK_TYPE_METADATA, com.appsamurai.storyly.exoplayer2.common.C.TRACK_TYPE_CAMERA_MOTION, com.appsamurai.storyly.exoplayer2.common.C.TRACK_TYPE_NONE}" />
    </annotation>
  </item>
  <item name="com.appsamurai.storyly.exoplayer2.core.mediacodec.AsynchronousMediaCodecAdapter java.lang.String createQueueingThreadLabel(int) 0">
    <annotation name="androidx.annotation.IntDef">
      <val name="open" val="true" />
      <val name="value" val="{com.appsamurai.storyly.exoplayer2.common.C.TRACK_TYPE_UNKNOWN, com.appsamurai.storyly.exoplayer2.common.C.TRACK_TYPE_DEFAULT, com.appsamurai.storyly.exoplayer2.common.C.TRACK_TYPE_AUDIO, com.appsamurai.storyly.exoplayer2.common.C.TRACK_TYPE_VIDEO, com.appsamurai.storyly.exoplayer2.common.C.TRACK_TYPE_TEXT, com.appsamurai.storyly.exoplayer2.common.C.TRACK_TYPE_IMAGE, com.appsamurai.storyly.exoplayer2.common.C.TRACK_TYPE_METADATA, com.appsamurai.storyly.exoplayer2.common.C.TRACK_TYPE_CAMERA_MOTION, com.appsamurai.storyly.exoplayer2.common.C.TRACK_TYPE_NONE}" />
    </annotation>
  </item>
  <item name="com.appsamurai.storyly.exoplayer2.core.mediacodec.AsynchronousMediaCodecAdapter java.lang.String createThreadLabel(int, java.lang.String) 0">
    <annotation name="androidx.annotation.IntDef">
      <val name="open" val="true" />
      <val name="value" val="{com.appsamurai.storyly.exoplayer2.common.C.TRACK_TYPE_UNKNOWN, com.appsamurai.storyly.exoplayer2.common.C.TRACK_TYPE_DEFAULT, com.appsamurai.storyly.exoplayer2.common.C.TRACK_TYPE_AUDIO, com.appsamurai.storyly.exoplayer2.common.C.TRACK_TYPE_VIDEO, com.appsamurai.storyly.exoplayer2.common.C.TRACK_TYPE_TEXT, com.appsamurai.storyly.exoplayer2.common.C.TRACK_TYPE_IMAGE, com.appsamurai.storyly.exoplayer2.common.C.TRACK_TYPE_METADATA, com.appsamurai.storyly.exoplayer2.common.C.TRACK_TYPE_CAMERA_MOTION, com.appsamurai.storyly.exoplayer2.common.C.TRACK_TYPE_NONE}" />
    </annotation>
  </item>
  <item name="com.appsamurai.storyly.exoplayer2.core.mediacodec.AsynchronousMediaCodecAdapter state">
    <annotation name="androidx.annotation.IntDef">
      <val name="value" val="{com.appsamurai.storyly.exoplayer2.core.mediacodec.AsynchronousMediaCodecAdapter.STATE_CREATED, com.appsamurai.storyly.exoplayer2.core.mediacodec.AsynchronousMediaCodecAdapter.STATE_INITIALIZED, com.appsamurai.storyly.exoplayer2.core.mediacodec.AsynchronousMediaCodecAdapter.STATE_SHUT_DOWN}" />
    </annotation>
  </item>
  <item name="com.appsamurai.storyly.exoplayer2.core.mediacodec.AsynchronousMediaCodecAdapter void setVideoScalingMode(int) 0">
    <annotation name="androidx.annotation.IntDef">
      <val name="value" val="{com.appsamurai.storyly.exoplayer2.common.C.VIDEO_SCALING_MODE_SCALE_TO_FIT, com.appsamurai.storyly.exoplayer2.common.C.VIDEO_SCALING_MODE_SCALE_TO_FIT_WITH_CROPPING, com.appsamurai.storyly.exoplayer2.common.C.VIDEO_SCALING_MODE_DEFAULT}" />
    </annotation>
  </item>
  <item name="com.appsamurai.storyly.exoplayer2.core.mediacodec.AsynchronousMediaCodecAdapter.Factory Factory(int, boolean) 0">
    <annotation name="androidx.annotation.IntDef">
      <val name="open" val="true" />
      <val name="value" val="{com.appsamurai.storyly.exoplayer2.common.C.TRACK_TYPE_UNKNOWN, com.appsamurai.storyly.exoplayer2.common.C.TRACK_TYPE_DEFAULT, com.appsamurai.storyly.exoplayer2.common.C.TRACK_TYPE_AUDIO, com.appsamurai.storyly.exoplayer2.common.C.TRACK_TYPE_VIDEO, com.appsamurai.storyly.exoplayer2.common.C.TRACK_TYPE_TEXT, com.appsamurai.storyly.exoplayer2.common.C.TRACK_TYPE_IMAGE, com.appsamurai.storyly.exoplayer2.common.C.TRACK_TYPE_METADATA, com.appsamurai.storyly.exoplayer2.common.C.TRACK_TYPE_CAMERA_MOTION, com.appsamurai.storyly.exoplayer2.common.C.TRACK_TYPE_NONE}" />
    </annotation>
  </item>
  <item name="com.appsamurai.storyly.exoplayer2.core.mediacodec.DefaultMediaCodecAdapterFactory asynchronousMode">
    <annotation name="androidx.annotation.IntDef">
      <val name="value" val="{com.appsamurai.storyly.exoplayer2.core.mediacodec.DefaultMediaCodecAdapterFactory.MODE_DEFAULT, com.appsamurai.storyly.exoplayer2.core.mediacodec.DefaultMediaCodecAdapterFactory.MODE_ENABLED, com.appsamurai.storyly.exoplayer2.core.mediacodec.DefaultMediaCodecAdapterFactory.MODE_DISABLED}" />
    </annotation>
  </item>
  <item name="com.appsamurai.storyly.exoplayer2.core.mediacodec.MediaCodecAdapter void setVideoScalingMode(int) 0">
    <annotation name="androidx.annotation.IntDef">
      <val name="value" val="{com.appsamurai.storyly.exoplayer2.common.C.VIDEO_SCALING_MODE_SCALE_TO_FIT, com.appsamurai.storyly.exoplayer2.common.C.VIDEO_SCALING_MODE_SCALE_TO_FIT_WITH_CROPPING, com.appsamurai.storyly.exoplayer2.common.C.VIDEO_SCALING_MODE_DEFAULT}" />
    </annotation>
  </item>
  <item name="com.appsamurai.storyly.exoplayer2.core.mediacodec.MediaCodecRenderer MediaCodecRenderer(int, com.appsamurai.storyly.exoplayer2.core.mediacodec.MediaCodecAdapter.Factory, com.appsamurai.storyly.exoplayer2.core.mediacodec.MediaCodecSelector, boolean, float) 0">
    <annotation name="androidx.annotation.IntDef">
      <val name="open" val="true" />
      <val name="value" val="{com.appsamurai.storyly.exoplayer2.common.C.TRACK_TYPE_UNKNOWN, com.appsamurai.storyly.exoplayer2.common.C.TRACK_TYPE_DEFAULT, com.appsamurai.storyly.exoplayer2.common.C.TRACK_TYPE_AUDIO, com.appsamurai.storyly.exoplayer2.common.C.TRACK_TYPE_VIDEO, com.appsamurai.storyly.exoplayer2.common.C.TRACK_TYPE_TEXT, com.appsamurai.storyly.exoplayer2.common.C.TRACK_TYPE_IMAGE, com.appsamurai.storyly.exoplayer2.common.C.TRACK_TYPE_METADATA, com.appsamurai.storyly.exoplayer2.common.C.TRACK_TYPE_CAMERA_MOTION, com.appsamurai.storyly.exoplayer2.common.C.TRACK_TYPE_NONE}" />
    </annotation>
  </item>
  <item name="com.appsamurai.storyly.exoplayer2.core.mediacodec.MediaCodecRenderer boolean readSourceOmittingSampleData(int) 0">
    <annotation name="androidx.annotation.IntDef">
      <val name="flag" val="true" />
      <val name="value" val="{com.appsamurai.storyly.exoplayer2.core.source.SampleStream.FLAG_PEEK, com.appsamurai.storyly.exoplayer2.core.source.SampleStream.FLAG_REQUIRE_FORMAT, com.appsamurai.storyly.exoplayer2.core.source.SampleStream.FLAG_OMIT_SAMPLE_DATA}" />
    </annotation>
  </item>
  <item name="com.appsamurai.storyly.exoplayer2.core.mediacodec.MediaCodecRenderer codecAdaptationWorkaroundMode">
    <annotation name="androidx.annotation.IntDef">
      <val name="value" val="{com.appsamurai.storyly.exoplayer2.core.mediacodec.MediaCodecRenderer.ADAPTATION_WORKAROUND_MODE_NEVER, com.appsamurai.storyly.exoplayer2.core.mediacodec.MediaCodecRenderer.ADAPTATION_WORKAROUND_MODE_SAME_RESOLUTION, com.appsamurai.storyly.exoplayer2.core.mediacodec.MediaCodecRenderer.ADAPTATION_WORKAROUND_MODE_ALWAYS}" />
    </annotation>
  </item>
  <item name="com.appsamurai.storyly.exoplayer2.core.mediacodec.MediaCodecRenderer codecDrainAction">
    <annotation name="androidx.annotation.IntDef">
      <val name="value" val="{com.appsamurai.storyly.exoplayer2.core.mediacodec.MediaCodecRenderer.DRAIN_ACTION_NONE, com.appsamurai.storyly.exoplayer2.core.mediacodec.MediaCodecRenderer.DRAIN_ACTION_FLUSH, com.appsamurai.storyly.exoplayer2.core.mediacodec.MediaCodecRenderer.DRAIN_ACTION_FLUSH_AND_UPDATE_DRM_SESSION, com.appsamurai.storyly.exoplayer2.core.mediacodec.MediaCodecRenderer.DRAIN_ACTION_REINITIALIZE}" />
    </annotation>
  </item>
  <item name="com.appsamurai.storyly.exoplayer2.core.mediacodec.MediaCodecRenderer codecDrainState">
    <annotation name="androidx.annotation.IntDef">
      <val name="value" val="{com.appsamurai.storyly.exoplayer2.core.mediacodec.MediaCodecRenderer.DRAIN_STATE_NONE, com.appsamurai.storyly.exoplayer2.core.mediacodec.MediaCodecRenderer.DRAIN_STATE_SIGNAL_END_OF_STREAM, com.appsamurai.storyly.exoplayer2.core.mediacodec.MediaCodecRenderer.DRAIN_STATE_WAIT_END_OF_STREAM}" />
    </annotation>
  </item>
  <item name="com.appsamurai.storyly.exoplayer2.core.mediacodec.MediaCodecRenderer codecReconfigurationState">
    <annotation name="androidx.annotation.IntDef">
      <val name="value" val="{com.appsamurai.storyly.exoplayer2.core.mediacodec.MediaCodecRenderer.RECONFIGURATION_STATE_NONE, com.appsamurai.storyly.exoplayer2.core.mediacodec.MediaCodecRenderer.RECONFIGURATION_STATE_WRITE_PENDING, com.appsamurai.storyly.exoplayer2.core.mediacodec.MediaCodecRenderer.RECONFIGURATION_STATE_QUEUE_PENDING}" />
    </annotation>
  </item>
  <item name="com.appsamurai.storyly.exoplayer2.core.mediacodec.MediaCodecRenderer int codecAdaptationWorkaroundMode(java.lang.String)">
    <annotation name="androidx.annotation.IntDef">
      <val name="value" val="{com.appsamurai.storyly.exoplayer2.core.mediacodec.MediaCodecRenderer.ADAPTATION_WORKAROUND_MODE_NEVER, com.appsamurai.storyly.exoplayer2.core.mediacodec.MediaCodecRenderer.ADAPTATION_WORKAROUND_MODE_SAME_RESOLUTION, com.appsamurai.storyly.exoplayer2.core.mediacodec.MediaCodecRenderer.ADAPTATION_WORKAROUND_MODE_ALWAYS}" />
    </annotation>
  </item>
  <item name="com.appsamurai.storyly.exoplayer2.core.mediacodec.MediaCodecRenderer int supportsFormat(com.appsamurai.storyly.exoplayer2.common.Format)">
  </item>
  <item name="com.appsamurai.storyly.exoplayer2.core.mediacodec.MediaCodecRenderer int supportsFormat(com.appsamurai.storyly.exoplayer2.core.mediacodec.MediaCodecSelector, com.appsamurai.storyly.exoplayer2.common.Format)">
  </item>
  <item name="com.appsamurai.storyly.exoplayer2.core.mediacodec.MediaCodecRenderer int supportsMixedMimeTypeAdaptation()">
    <annotation name="androidx.annotation.IntDef">
      <val name="value" val="{com.appsamurai.storyly.exoplayer2.core.RendererCapabilities.ADAPTIVE_SEAMLESS, com.appsamurai.storyly.exoplayer2.core.RendererCapabilities.ADAPTIVE_NOT_SEAMLESS, com.appsamurai.storyly.exoplayer2.core.RendererCapabilities.ADAPTIVE_NOT_SUPPORTED}" />
    </annotation>
  </item>
  <item name="com.appsamurai.storyly.exoplayer2.core.mediacodec.SynchronousMediaCodecAdapter void setVideoScalingMode(int) 0">
    <annotation name="androidx.annotation.IntDef">
      <val name="value" val="{com.appsamurai.storyly.exoplayer2.common.C.VIDEO_SCALING_MODE_SCALE_TO_FIT, com.appsamurai.storyly.exoplayer2.common.C.VIDEO_SCALING_MODE_SCALE_TO_FIT_WITH_CROPPING, com.appsamurai.storyly.exoplayer2.common.C.VIDEO_SCALING_MODE_DEFAULT}" />
    </annotation>
  </item>
</root>

