<?xml version="1.0" encoding="UTF-8"?>
<root>
  <item name="com.appsamurai.storyly.exoplayer2.core.text.ExoplayerCuesDecoder inputBufferState">
    <annotation name="androidx.annotation.IntDef">
      <val name="value" val="{com.appsamurai.storyly.exoplayer2.core.text.ExoplayerCuesDecoder.INPUT_BUFFER_AVAILABLE, com.appsamurai.storyly.exoplayer2.core.text.ExoplayerCuesDecoder.INPUT_BUFFER_DEQUEUED, com.appsamurai.storyly.exoplayer2.core.text.ExoplayerCuesDecoder.INPUT_BUFFER_QUEUED}" />
    </annotation>
  </item>
  <item name="com.appsamurai.storyly.exoplayer2.core.text.TextRenderer decoderReplacementState">
    <annotation name="androidx.annotation.IntDef">
      <val name="value" val="{com.appsamurai.storyly.exoplayer2.core.text.TextRenderer.REPLACEMENT_STATE_NONE, com.appsamurai.storyly.exoplayer2.core.text.TextRenderer.REPLACEMENT_STATE_SIGNAL_END_OF_STREAM, com.appsamurai.storyly.exoplayer2.core.text.TextRenderer.REPLACEMENT_STATE_WAIT_END_OF_STREAM}" />
    </annotation>
  </item>
  <item name="com.appsamurai.storyly.exoplayer2.core.text.TextRenderer int supportsFormat(com.appsamurai.storyly.exoplayer2.common.Format)">
  </item>
</root>

