<?xml version="1.0" encoding="UTF-8"?>
<root>
  <item name="com.appsamurai.storyly.exoplayer2.core.offline.DefaultDownloadIndex com.appsamurai.storyly.exoplayer2.core.offline.DownloadCursor getDownloads(int...) 0">
    <annotation name="androidx.annotation.IntDef">
      <val name="value" val="{com.appsamurai.storyly.exoplayer2.core.offline.Download.STATE_QUEUED, com.appsamurai.storyly.exoplayer2.core.offline.Download.STATE_STOPPED, com.appsamurai.storyly.exoplayer2.core.offline.Download.STATE_DOWNLOADING, com.appsamurai.storyly.exoplayer2.core.offline.Download.STATE_COMPLETED, com.appsamurai.storyly.exoplayer2.core.offline.Download.STATE_FAILED, com.appsamurai.storyly.exoplayer2.core.offline.Download.STATE_REMOVING, com.appsamurai.storyly.exoplayer2.core.offline.Download.STATE_RESTARTING}" />
    </annotation>
  </item>
  <item name="com.appsamurai.storyly.exoplayer2.core.offline.DefaultDownloadIndex java.lang.String getStateQuery(int...) 0">
    <annotation name="androidx.annotation.IntDef">
      <val name="value" val="{com.appsamurai.storyly.exoplayer2.core.offline.Download.STATE_QUEUED, com.appsamurai.storyly.exoplayer2.core.offline.Download.STATE_STOPPED, com.appsamurai.storyly.exoplayer2.core.offline.Download.STATE_DOWNLOADING, com.appsamurai.storyly.exoplayer2.core.offline.Download.STATE_COMPLETED, com.appsamurai.storyly.exoplayer2.core.offline.Download.STATE_FAILED, com.appsamurai.storyly.exoplayer2.core.offline.Download.STATE_REMOVING, com.appsamurai.storyly.exoplayer2.core.offline.Download.STATE_RESTARTING}" />
    </annotation>
  </item>
  <item name="com.appsamurai.storyly.exoplayer2.core.offline.DefaultDownloaderFactory com.appsamurai.storyly.exoplayer2.core.offline.Downloader createDownloader(com.appsamurai.storyly.exoplayer2.core.offline.DownloadRequest, int) 1">
    <annotation name="androidx.annotation.IntDef">
      <val name="value" val="{com.appsamurai.storyly.exoplayer2.common.C.CONTENT_TYPE_DASH, com.appsamurai.storyly.exoplayer2.common.C.CONTENT_TYPE_SS, com.appsamurai.storyly.exoplayer2.common.C.CONTENT_TYPE_HLS, com.appsamurai.storyly.exoplayer2.common.C.CONTENT_TYPE_RTSP, com.appsamurai.storyly.exoplayer2.common.C.CONTENT_TYPE_OTHER}" />
    </annotation>
  </item>
  <item name="com.appsamurai.storyly.exoplayer2.core.offline.Download Download(com.appsamurai.storyly.exoplayer2.core.offline.DownloadRequest, int, long, long, long, int, int) 1">
    <annotation name="androidx.annotation.IntDef">
      <val name="value" val="{com.appsamurai.storyly.exoplayer2.core.offline.Download.STATE_QUEUED, com.appsamurai.storyly.exoplayer2.core.offline.Download.STATE_STOPPED, com.appsamurai.storyly.exoplayer2.core.offline.Download.STATE_DOWNLOADING, com.appsamurai.storyly.exoplayer2.core.offline.Download.STATE_COMPLETED, com.appsamurai.storyly.exoplayer2.core.offline.Download.STATE_FAILED, com.appsamurai.storyly.exoplayer2.core.offline.Download.STATE_REMOVING, com.appsamurai.storyly.exoplayer2.core.offline.Download.STATE_RESTARTING}" />
    </annotation>
  </item>
  <item name="com.appsamurai.storyly.exoplayer2.core.offline.Download Download(com.appsamurai.storyly.exoplayer2.core.offline.DownloadRequest, int, long, long, long, int, int) 6">
    <annotation name="androidx.annotation.IntDef">
      <val name="value" val="{com.appsamurai.storyly.exoplayer2.core.offline.Download.FAILURE_REASON_NONE, com.appsamurai.storyly.exoplayer2.core.offline.Download.FAILURE_REASON_UNKNOWN}" />
    </annotation>
  </item>
  <item name="com.appsamurai.storyly.exoplayer2.core.offline.Download Download(com.appsamurai.storyly.exoplayer2.core.offline.DownloadRequest, int, long, long, long, int, int, com.appsamurai.storyly.exoplayer2.core.offline.DownloadProgress) 1">
    <annotation name="androidx.annotation.IntDef">
      <val name="value" val="{com.appsamurai.storyly.exoplayer2.core.offline.Download.STATE_QUEUED, com.appsamurai.storyly.exoplayer2.core.offline.Download.STATE_STOPPED, com.appsamurai.storyly.exoplayer2.core.offline.Download.STATE_DOWNLOADING, com.appsamurai.storyly.exoplayer2.core.offline.Download.STATE_COMPLETED, com.appsamurai.storyly.exoplayer2.core.offline.Download.STATE_FAILED, com.appsamurai.storyly.exoplayer2.core.offline.Download.STATE_REMOVING, com.appsamurai.storyly.exoplayer2.core.offline.Download.STATE_RESTARTING}" />
    </annotation>
  </item>
  <item name="com.appsamurai.storyly.exoplayer2.core.offline.Download Download(com.appsamurai.storyly.exoplayer2.core.offline.DownloadRequest, int, long, long, long, int, int, com.appsamurai.storyly.exoplayer2.core.offline.DownloadProgress) 6">
    <annotation name="androidx.annotation.IntDef">
      <val name="value" val="{com.appsamurai.storyly.exoplayer2.core.offline.Download.FAILURE_REASON_NONE, com.appsamurai.storyly.exoplayer2.core.offline.Download.FAILURE_REASON_UNKNOWN}" />
    </annotation>
  </item>
  <item name="com.appsamurai.storyly.exoplayer2.core.offline.Download failureReason">
    <annotation name="androidx.annotation.IntDef">
      <val name="value" val="{com.appsamurai.storyly.exoplayer2.core.offline.Download.FAILURE_REASON_NONE, com.appsamurai.storyly.exoplayer2.core.offline.Download.FAILURE_REASON_UNKNOWN}" />
    </annotation>
  </item>
  <item name="com.appsamurai.storyly.exoplayer2.core.offline.Download state">
    <annotation name="androidx.annotation.IntDef">
      <val name="value" val="{com.appsamurai.storyly.exoplayer2.core.offline.Download.STATE_QUEUED, com.appsamurai.storyly.exoplayer2.core.offline.Download.STATE_STOPPED, com.appsamurai.storyly.exoplayer2.core.offline.Download.STATE_DOWNLOADING, com.appsamurai.storyly.exoplayer2.core.offline.Download.STATE_COMPLETED, com.appsamurai.storyly.exoplayer2.core.offline.Download.STATE_FAILED, com.appsamurai.storyly.exoplayer2.core.offline.Download.STATE_REMOVING, com.appsamurai.storyly.exoplayer2.core.offline.Download.STATE_RESTARTING}" />
    </annotation>
  </item>
  <item name="com.appsamurai.storyly.exoplayer2.core.offline.Download.FailureReason">
    <annotation name="androidx.annotation.IntDef">
      <val name="value" val="{com.appsamurai.storyly.exoplayer2.core.offline.Download.FAILURE_REASON_NONE, com.appsamurai.storyly.exoplayer2.core.offline.Download.FAILURE_REASON_UNKNOWN}" />
    </annotation>
  </item>
  <item name="com.appsamurai.storyly.exoplayer2.core.offline.Download.State">
    <annotation name="androidx.annotation.IntDef">
      <val name="value" val="{com.appsamurai.storyly.exoplayer2.core.offline.Download.STATE_QUEUED, com.appsamurai.storyly.exoplayer2.core.offline.Download.STATE_STOPPED, com.appsamurai.storyly.exoplayer2.core.offline.Download.STATE_DOWNLOADING, com.appsamurai.storyly.exoplayer2.core.offline.Download.STATE_COMPLETED, com.appsamurai.storyly.exoplayer2.core.offline.Download.STATE_FAILED, com.appsamurai.storyly.exoplayer2.core.offline.Download.STATE_REMOVING, com.appsamurai.storyly.exoplayer2.core.offline.Download.STATE_RESTARTING}" />
    </annotation>
  </item>
  <item name="com.appsamurai.storyly.exoplayer2.core.offline.DownloadHelper.DownloadTrackSelection int getSelectionReason()">
    <annotation name="androidx.annotation.IntDef">
      <val name="open" val="true" />
      <val name="value" val="{com.appsamurai.storyly.exoplayer2.common.C.SELECTION_REASON_UNKNOWN, com.appsamurai.storyly.exoplayer2.common.C.SELECTION_REASON_INITIAL, com.appsamurai.storyly.exoplayer2.common.C.SELECTION_REASON_MANUAL, com.appsamurai.storyly.exoplayer2.common.C.SELECTION_REASON_ADAPTIVE, com.appsamurai.storyly.exoplayer2.common.C.SELECTION_REASON_TRICK_PLAY}" />
    </annotation>
  </item>
  <item name="com.appsamurai.storyly.exoplayer2.core.offline.DownloadIndex com.appsamurai.storyly.exoplayer2.core.offline.DownloadCursor getDownloads(int...) 0">
    <annotation name="androidx.annotation.IntDef">
      <val name="value" val="{com.appsamurai.storyly.exoplayer2.core.offline.Download.STATE_QUEUED, com.appsamurai.storyly.exoplayer2.core.offline.Download.STATE_STOPPED, com.appsamurai.storyly.exoplayer2.core.offline.Download.STATE_DOWNLOADING, com.appsamurai.storyly.exoplayer2.core.offline.Download.STATE_COMPLETED, com.appsamurai.storyly.exoplayer2.core.offline.Download.STATE_FAILED, com.appsamurai.storyly.exoplayer2.core.offline.Download.STATE_REMOVING, com.appsamurai.storyly.exoplayer2.core.offline.Download.STATE_RESTARTING}" />
    </annotation>
  </item>
  <item name="com.appsamurai.storyly.exoplayer2.core.offline.DownloadManager int getNotMetRequirements()">
    <annotation name="androidx.annotation.IntDef">
      <val name="flag" val="true" />
      <val name="value" val="{com.appsamurai.storyly.exoplayer2.core.scheduler.Requirements.NETWORK, com.appsamurai.storyly.exoplayer2.core.scheduler.Requirements.NETWORK_UNMETERED, com.appsamurai.storyly.exoplayer2.core.scheduler.Requirements.DEVICE_IDLE, com.appsamurai.storyly.exoplayer2.core.scheduler.Requirements.DEVICE_CHARGING, com.appsamurai.storyly.exoplayer2.core.scheduler.Requirements.DEVICE_STORAGE_NOT_LOW}" />
    </annotation>
  </item>
  <item name="com.appsamurai.storyly.exoplayer2.core.offline.DownloadManager void onRequirementsStateChanged(com.appsamurai.storyly.exoplayer2.core.scheduler.RequirementsWatcher, int) 1">
    <annotation name="androidx.annotation.IntDef">
      <val name="flag" val="true" />
      <val name="value" val="{com.appsamurai.storyly.exoplayer2.core.scheduler.Requirements.NETWORK, com.appsamurai.storyly.exoplayer2.core.scheduler.Requirements.NETWORK_UNMETERED, com.appsamurai.storyly.exoplayer2.core.scheduler.Requirements.DEVICE_IDLE, com.appsamurai.storyly.exoplayer2.core.scheduler.Requirements.DEVICE_CHARGING, com.appsamurai.storyly.exoplayer2.core.scheduler.Requirements.DEVICE_STORAGE_NOT_LOW}" />
    </annotation>
  </item>
  <item name="com.appsamurai.storyly.exoplayer2.core.offline.DownloadManager.InternalHandler com.appsamurai.storyly.exoplayer2.core.offline.Download copyDownloadWithState(com.appsamurai.storyly.exoplayer2.core.offline.Download, int, int) 1">
    <annotation name="androidx.annotation.IntDef">
      <val name="value" val="{com.appsamurai.storyly.exoplayer2.core.offline.Download.STATE_QUEUED, com.appsamurai.storyly.exoplayer2.core.offline.Download.STATE_STOPPED, com.appsamurai.storyly.exoplayer2.core.offline.Download.STATE_DOWNLOADING, com.appsamurai.storyly.exoplayer2.core.offline.Download.STATE_COMPLETED, com.appsamurai.storyly.exoplayer2.core.offline.Download.STATE_FAILED, com.appsamurai.storyly.exoplayer2.core.offline.Download.STATE_REMOVING, com.appsamurai.storyly.exoplayer2.core.offline.Download.STATE_RESTARTING}" />
    </annotation>
  </item>
  <item name="com.appsamurai.storyly.exoplayer2.core.offline.DownloadManager.InternalHandler com.appsamurai.storyly.exoplayer2.core.offline.Download putDownloadWithState(com.appsamurai.storyly.exoplayer2.core.offline.Download, int, int) 1">
    <annotation name="androidx.annotation.IntDef">
      <val name="value" val="{com.appsamurai.storyly.exoplayer2.core.offline.Download.STATE_QUEUED, com.appsamurai.storyly.exoplayer2.core.offline.Download.STATE_STOPPED, com.appsamurai.storyly.exoplayer2.core.offline.Download.STATE_DOWNLOADING, com.appsamurai.storyly.exoplayer2.core.offline.Download.STATE_COMPLETED, com.appsamurai.storyly.exoplayer2.core.offline.Download.STATE_FAILED, com.appsamurai.storyly.exoplayer2.core.offline.Download.STATE_REMOVING, com.appsamurai.storyly.exoplayer2.core.offline.Download.STATE_RESTARTING}" />
    </annotation>
  </item>
  <item name="com.appsamurai.storyly.exoplayer2.core.offline.DownloadManager.InternalHandler notMetRequirements">
    <annotation name="androidx.annotation.IntDef">
      <val name="flag" val="true" />
      <val name="value" val="{com.appsamurai.storyly.exoplayer2.core.scheduler.Requirements.NETWORK, com.appsamurai.storyly.exoplayer2.core.scheduler.Requirements.NETWORK_UNMETERED, com.appsamurai.storyly.exoplayer2.core.scheduler.Requirements.DEVICE_IDLE, com.appsamurai.storyly.exoplayer2.core.scheduler.Requirements.DEVICE_CHARGING, com.appsamurai.storyly.exoplayer2.core.scheduler.Requirements.DEVICE_STORAGE_NOT_LOW}" />
    </annotation>
  </item>
  <item name="com.appsamurai.storyly.exoplayer2.core.offline.DownloadManager.InternalHandler void setNotMetRequirements(int) 0">
    <annotation name="androidx.annotation.IntDef">
      <val name="flag" val="true" />
      <val name="value" val="{com.appsamurai.storyly.exoplayer2.core.scheduler.Requirements.NETWORK, com.appsamurai.storyly.exoplayer2.core.scheduler.Requirements.NETWORK_UNMETERED, com.appsamurai.storyly.exoplayer2.core.scheduler.Requirements.DEVICE_IDLE, com.appsamurai.storyly.exoplayer2.core.scheduler.Requirements.DEVICE_CHARGING, com.appsamurai.storyly.exoplayer2.core.scheduler.Requirements.DEVICE_STORAGE_NOT_LOW}" />
    </annotation>
  </item>
  <item name="com.appsamurai.storyly.exoplayer2.core.offline.DownloadManager.Listener void onRequirementsStateChanged(com.appsamurai.storyly.exoplayer2.core.offline.DownloadManager, com.appsamurai.storyly.exoplayer2.core.scheduler.Requirements, int) 2">
    <annotation name="androidx.annotation.IntDef">
      <val name="flag" val="true" />
      <val name="value" val="{com.appsamurai.storyly.exoplayer2.core.scheduler.Requirements.NETWORK, com.appsamurai.storyly.exoplayer2.core.scheduler.Requirements.NETWORK_UNMETERED, com.appsamurai.storyly.exoplayer2.core.scheduler.Requirements.DEVICE_IDLE, com.appsamurai.storyly.exoplayer2.core.scheduler.Requirements.DEVICE_CHARGING, com.appsamurai.storyly.exoplayer2.core.scheduler.Requirements.DEVICE_STORAGE_NOT_LOW}" />
    </annotation>
  </item>
  <item name="com.appsamurai.storyly.exoplayer2.core.offline.DownloadService android.app.Notification getForegroundNotification(java.util.List&lt;com.appsamurai.storyly.exoplayer2.core.offline.Download&gt;, int) 1">
    <annotation name="androidx.annotation.IntDef">
      <val name="flag" val="true" />
      <val name="value" val="{com.appsamurai.storyly.exoplayer2.core.scheduler.Requirements.NETWORK, com.appsamurai.storyly.exoplayer2.core.scheduler.Requirements.NETWORK_UNMETERED, com.appsamurai.storyly.exoplayer2.core.scheduler.Requirements.DEVICE_IDLE, com.appsamurai.storyly.exoplayer2.core.scheduler.Requirements.DEVICE_CHARGING, com.appsamurai.storyly.exoplayer2.core.scheduler.Requirements.DEVICE_STORAGE_NOT_LOW}" />
    </annotation>
  </item>
  <item name="com.appsamurai.storyly.exoplayer2.core.offline.DownloadService boolean needsStartedService(int) 0">
    <annotation name="androidx.annotation.IntDef">
      <val name="value" val="{com.appsamurai.storyly.exoplayer2.core.offline.Download.STATE_QUEUED, com.appsamurai.storyly.exoplayer2.core.offline.Download.STATE_STOPPED, com.appsamurai.storyly.exoplayer2.core.offline.Download.STATE_DOWNLOADING, com.appsamurai.storyly.exoplayer2.core.offline.Download.STATE_COMPLETED, com.appsamurai.storyly.exoplayer2.core.offline.Download.STATE_FAILED, com.appsamurai.storyly.exoplayer2.core.offline.Download.STATE_REMOVING, com.appsamurai.storyly.exoplayer2.core.offline.Download.STATE_RESTARTING}" />
    </annotation>
  </item>
  <item name="com.appsamurai.storyly.exoplayer2.core.offline.DownloadService.DownloadManagerHelper void onRequirementsStateChanged(com.appsamurai.storyly.exoplayer2.core.offline.DownloadManager, com.appsamurai.storyly.exoplayer2.core.scheduler.Requirements, int) 2">
    <annotation name="androidx.annotation.IntDef">
      <val name="flag" val="true" />
      <val name="value" val="{com.appsamurai.storyly.exoplayer2.core.scheduler.Requirements.NETWORK, com.appsamurai.storyly.exoplayer2.core.scheduler.Requirements.NETWORK_UNMETERED, com.appsamurai.storyly.exoplayer2.core.scheduler.Requirements.DEVICE_IDLE, com.appsamurai.storyly.exoplayer2.core.scheduler.Requirements.DEVICE_CHARGING, com.appsamurai.storyly.exoplayer2.core.scheduler.Requirements.DEVICE_STORAGE_NOT_LOW}" />
    </annotation>
  </item>
</root>

