<?xml version="1.0" encoding="UTF-8"?>
<root>
  <item name="com.appsamurai.storyly.exoplayer2.core.upstream.DefaultBandwidthMeter long getInitialBitrateEstimateForNetworkType(int) 0">
    <annotation name="androidx.annotation.IntDef">
      <val name="value" val="{com.appsamurai.storyly.exoplayer2.common.C.NETWORK_TYPE_UNKNOWN, com.appsamurai.storyly.exoplayer2.common.C.NETWORK_TYPE_OFFLINE, com.appsamurai.storyly.exoplayer2.common.C.NETWORK_TYPE_WIFI, com.appsamurai.storyly.exoplayer2.common.C.NETWORK_TYPE_2G, com.appsamurai.storyly.exoplayer2.common.C.NETWORK_TYPE_3G, com.appsamurai.storyly.exoplayer2.common.C.NETWORK_TYPE_4G, com.appsamurai.storyly.exoplayer2.common.C.NETWORK_TYPE_5G_SA, com.appsamurai.storyly.exoplayer2.common.C.NETWORK_TYPE_5G_NSA, com.appsamurai.storyly.exoplayer2.common.C.NETWORK_TYPE_CELLULAR_UNKNOWN, com.appsamurai.storyly.exoplayer2.common.C.NETWORK_TYPE_ETHERNET, com.appsamurai.storyly.exoplayer2.common.C.NETWORK_TYPE_OTHER}" />
    </annotation>
  </item>
  <item name="com.appsamurai.storyly.exoplayer2.core.upstream.DefaultBandwidthMeter networkType">
    <annotation name="androidx.annotation.IntDef">
      <val name="value" val="{com.appsamurai.storyly.exoplayer2.common.C.NETWORK_TYPE_UNKNOWN, com.appsamurai.storyly.exoplayer2.common.C.NETWORK_TYPE_OFFLINE, com.appsamurai.storyly.exoplayer2.common.C.NETWORK_TYPE_WIFI, com.appsamurai.storyly.exoplayer2.common.C.NETWORK_TYPE_2G, com.appsamurai.storyly.exoplayer2.common.C.NETWORK_TYPE_3G, com.appsamurai.storyly.exoplayer2.common.C.NETWORK_TYPE_4G, com.appsamurai.storyly.exoplayer2.common.C.NETWORK_TYPE_5G_SA, com.appsamurai.storyly.exoplayer2.common.C.NETWORK_TYPE_5G_NSA, com.appsamurai.storyly.exoplayer2.common.C.NETWORK_TYPE_CELLULAR_UNKNOWN, com.appsamurai.storyly.exoplayer2.common.C.NETWORK_TYPE_ETHERNET, com.appsamurai.storyly.exoplayer2.common.C.NETWORK_TYPE_OTHER}" />
    </annotation>
  </item>
  <item name="com.appsamurai.storyly.exoplayer2.core.upstream.DefaultBandwidthMeter networkTypeOverride">
    <annotation name="androidx.annotation.IntDef">
      <val name="value" val="{com.appsamurai.storyly.exoplayer2.common.C.NETWORK_TYPE_UNKNOWN, com.appsamurai.storyly.exoplayer2.common.C.NETWORK_TYPE_OFFLINE, com.appsamurai.storyly.exoplayer2.common.C.NETWORK_TYPE_WIFI, com.appsamurai.storyly.exoplayer2.common.C.NETWORK_TYPE_2G, com.appsamurai.storyly.exoplayer2.common.C.NETWORK_TYPE_3G, com.appsamurai.storyly.exoplayer2.common.C.NETWORK_TYPE_4G, com.appsamurai.storyly.exoplayer2.common.C.NETWORK_TYPE_5G_SA, com.appsamurai.storyly.exoplayer2.common.C.NETWORK_TYPE_5G_NSA, com.appsamurai.storyly.exoplayer2.common.C.NETWORK_TYPE_CELLULAR_UNKNOWN, com.appsamurai.storyly.exoplayer2.common.C.NETWORK_TYPE_ETHERNET, com.appsamurai.storyly.exoplayer2.common.C.NETWORK_TYPE_OTHER}" />
    </annotation>
  </item>
  <item name="com.appsamurai.storyly.exoplayer2.core.upstream.DefaultBandwidthMeter void onNetworkTypeChanged(int) 0">
    <annotation name="androidx.annotation.IntDef">
      <val name="value" val="{com.appsamurai.storyly.exoplayer2.common.C.NETWORK_TYPE_UNKNOWN, com.appsamurai.storyly.exoplayer2.common.C.NETWORK_TYPE_OFFLINE, com.appsamurai.storyly.exoplayer2.common.C.NETWORK_TYPE_WIFI, com.appsamurai.storyly.exoplayer2.common.C.NETWORK_TYPE_2G, com.appsamurai.storyly.exoplayer2.common.C.NETWORK_TYPE_3G, com.appsamurai.storyly.exoplayer2.common.C.NETWORK_TYPE_4G, com.appsamurai.storyly.exoplayer2.common.C.NETWORK_TYPE_5G_SA, com.appsamurai.storyly.exoplayer2.common.C.NETWORK_TYPE_5G_NSA, com.appsamurai.storyly.exoplayer2.common.C.NETWORK_TYPE_CELLULAR_UNKNOWN, com.appsamurai.storyly.exoplayer2.common.C.NETWORK_TYPE_ETHERNET, com.appsamurai.storyly.exoplayer2.common.C.NETWORK_TYPE_OTHER}" />
    </annotation>
  </item>
  <item name="com.appsamurai.storyly.exoplayer2.core.upstream.DefaultBandwidthMeter void setNetworkTypeOverride(int) 0">
    <annotation name="androidx.annotation.IntDef">
      <val name="value" val="{com.appsamurai.storyly.exoplayer2.common.C.NETWORK_TYPE_UNKNOWN, com.appsamurai.storyly.exoplayer2.common.C.NETWORK_TYPE_OFFLINE, com.appsamurai.storyly.exoplayer2.common.C.NETWORK_TYPE_WIFI, com.appsamurai.storyly.exoplayer2.common.C.NETWORK_TYPE_2G, com.appsamurai.storyly.exoplayer2.common.C.NETWORK_TYPE_3G, com.appsamurai.storyly.exoplayer2.common.C.NETWORK_TYPE_4G, com.appsamurai.storyly.exoplayer2.common.C.NETWORK_TYPE_5G_SA, com.appsamurai.storyly.exoplayer2.common.C.NETWORK_TYPE_5G_NSA, com.appsamurai.storyly.exoplayer2.common.C.NETWORK_TYPE_CELLULAR_UNKNOWN, com.appsamurai.storyly.exoplayer2.common.C.NETWORK_TYPE_ETHERNET, com.appsamurai.storyly.exoplayer2.common.C.NETWORK_TYPE_OTHER}" />
    </annotation>
  </item>
  <item name="com.appsamurai.storyly.exoplayer2.core.upstream.DefaultBandwidthMeter.Builder com.appsamurai.storyly.exoplayer2.core.upstream.DefaultBandwidthMeter.Builder setInitialBitrateEstimate(int, long) 0">
    <annotation name="androidx.annotation.IntDef">
      <val name="value" val="{com.appsamurai.storyly.exoplayer2.common.C.NETWORK_TYPE_UNKNOWN, com.appsamurai.storyly.exoplayer2.common.C.NETWORK_TYPE_OFFLINE, com.appsamurai.storyly.exoplayer2.common.C.NETWORK_TYPE_WIFI, com.appsamurai.storyly.exoplayer2.common.C.NETWORK_TYPE_2G, com.appsamurai.storyly.exoplayer2.common.C.NETWORK_TYPE_3G, com.appsamurai.storyly.exoplayer2.common.C.NETWORK_TYPE_4G, com.appsamurai.storyly.exoplayer2.common.C.NETWORK_TYPE_5G_SA, com.appsamurai.storyly.exoplayer2.common.C.NETWORK_TYPE_5G_NSA, com.appsamurai.storyly.exoplayer2.common.C.NETWORK_TYPE_CELLULAR_UNKNOWN, com.appsamurai.storyly.exoplayer2.common.C.NETWORK_TYPE_ETHERNET, com.appsamurai.storyly.exoplayer2.common.C.NETWORK_TYPE_OTHER}" />
    </annotation>
  </item>
  <item name="com.appsamurai.storyly.exoplayer2.core.upstream.LoadErrorHandlingPolicy.FallbackOptions boolean isFallbackAvailable(int) 0">
    <annotation name="androidx.annotation.IntDef">
      <val name="value" val="{com.appsamurai.storyly.exoplayer2.core.upstream.LoadErrorHandlingPolicy.FALLBACK_TYPE_LOCATION, com.appsamurai.storyly.exoplayer2.core.upstream.LoadErrorHandlingPolicy.FALLBACK_TYPE_TRACK}" />
    </annotation>
  </item>
  <item name="com.appsamurai.storyly.exoplayer2.core.upstream.LoadErrorHandlingPolicy.FallbackSelection FallbackSelection(int, long) 0">
    <annotation name="androidx.annotation.IntDef">
      <val name="value" val="{com.appsamurai.storyly.exoplayer2.core.upstream.LoadErrorHandlingPolicy.FALLBACK_TYPE_LOCATION, com.appsamurai.storyly.exoplayer2.core.upstream.LoadErrorHandlingPolicy.FALLBACK_TYPE_TRACK}" />
    </annotation>
  </item>
  <item name="com.appsamurai.storyly.exoplayer2.core.upstream.LoadErrorHandlingPolicy.FallbackSelection type">
    <annotation name="androidx.annotation.IntDef">
      <val name="value" val="{com.appsamurai.storyly.exoplayer2.core.upstream.LoadErrorHandlingPolicy.FALLBACK_TYPE_LOCATION, com.appsamurai.storyly.exoplayer2.core.upstream.LoadErrorHandlingPolicy.FALLBACK_TYPE_TRACK}" />
    </annotation>
  </item>
  <item name="com.appsamurai.storyly.exoplayer2.core.upstream.LoadErrorHandlingPolicy.FallbackType">
    <annotation name="androidx.annotation.IntDef">
      <val name="value" val="{com.appsamurai.storyly.exoplayer2.core.upstream.LoadErrorHandlingPolicy.FALLBACK_TYPE_LOCATION, com.appsamurai.storyly.exoplayer2.core.upstream.LoadErrorHandlingPolicy.FALLBACK_TYPE_TRACK}" />
    </annotation>
  </item>
  <item name="com.appsamurai.storyly.exoplayer2.core.upstream.Loader.LoadErrorAction LoadErrorAction(int, long) 0">
    <annotation name="androidx.annotation.IntDef">
      <val name="value" val="{com.appsamurai.storyly.exoplayer2.core.upstream.Loader.ACTION_TYPE_RETRY, com.appsamurai.storyly.exoplayer2.core.upstream.Loader.ACTION_TYPE_RETRY_AND_RESET_ERROR_COUNT, com.appsamurai.storyly.exoplayer2.core.upstream.Loader.ACTION_TYPE_DONT_RETRY, com.appsamurai.storyly.exoplayer2.core.upstream.Loader.ACTION_TYPE_DONT_RETRY_FATAL}" />
    </annotation>
  </item>
  <item name="com.appsamurai.storyly.exoplayer2.core.upstream.Loader.LoadErrorAction type">
    <annotation name="androidx.annotation.IntDef">
      <val name="value" val="{com.appsamurai.storyly.exoplayer2.core.upstream.Loader.ACTION_TYPE_RETRY, com.appsamurai.storyly.exoplayer2.core.upstream.Loader.ACTION_TYPE_RETRY_AND_RESET_ERROR_COUNT, com.appsamurai.storyly.exoplayer2.core.upstream.Loader.ACTION_TYPE_DONT_RETRY, com.appsamurai.storyly.exoplayer2.core.upstream.Loader.ACTION_TYPE_DONT_RETRY_FATAL}" />
    </annotation>
  </item>
</root>

