<?xml version="1.0" encoding="UTF-8"?>
<root>
  <item name="com.appsamurai.storyly.exoplayer2.decoder.Buffer boolean getFlag(int) 0">
    <annotation name="androidx.annotation.IntDef">
      <val name="flag" val="true" />
      <val name="value" val="{com.appsamurai.storyly.exoplayer2.common.C.BUFFER_FLAG_KEY_FRAME, com.appsamurai.storyly.exoplayer2.common.C.BUFFER_FLAG_END_OF_STREAM, com.appsamurai.storyly.exoplayer2.common.C.BUFFER_FLAG_FIRST_SAMPLE, com.appsamurai.storyly.exoplayer2.common.C.BUFFER_FLAG_HAS_SUPPLEMENTAL_DATA, com.appsamurai.storyly.exoplayer2.common.C.BUFFER_FLAG_LAST_SAMPLE, com.appsamurai.storyly.exoplayer2.common.C.BUFFER_FLAG_ENCRYPTED, com.appsamurai.storyly.exoplayer2.common.C.BUFFER_FLAG_DECODE_ONLY}" />
    </annotation>
  </item>
  <item name="com.appsamurai.storyly.exoplayer2.decoder.Buffer flags">
    <annotation name="androidx.annotation.IntDef">
      <val name="flag" val="true" />
      <val name="value" val="{com.appsamurai.storyly.exoplayer2.common.C.BUFFER_FLAG_KEY_FRAME, com.appsamurai.storyly.exoplayer2.common.C.BUFFER_FLAG_END_OF_STREAM, com.appsamurai.storyly.exoplayer2.common.C.BUFFER_FLAG_FIRST_SAMPLE, com.appsamurai.storyly.exoplayer2.common.C.BUFFER_FLAG_HAS_SUPPLEMENTAL_DATA, com.appsamurai.storyly.exoplayer2.common.C.BUFFER_FLAG_LAST_SAMPLE, com.appsamurai.storyly.exoplayer2.common.C.BUFFER_FLAG_ENCRYPTED, com.appsamurai.storyly.exoplayer2.common.C.BUFFER_FLAG_DECODE_ONLY}" />
    </annotation>
  </item>
  <item name="com.appsamurai.storyly.exoplayer2.decoder.Buffer void addFlag(int) 0">
    <annotation name="androidx.annotation.IntDef">
      <val name="flag" val="true" />
      <val name="value" val="{com.appsamurai.storyly.exoplayer2.common.C.BUFFER_FLAG_KEY_FRAME, com.appsamurai.storyly.exoplayer2.common.C.BUFFER_FLAG_END_OF_STREAM, com.appsamurai.storyly.exoplayer2.common.C.BUFFER_FLAG_FIRST_SAMPLE, com.appsamurai.storyly.exoplayer2.common.C.BUFFER_FLAG_HAS_SUPPLEMENTAL_DATA, com.appsamurai.storyly.exoplayer2.common.C.BUFFER_FLAG_LAST_SAMPLE, com.appsamurai.storyly.exoplayer2.common.C.BUFFER_FLAG_ENCRYPTED, com.appsamurai.storyly.exoplayer2.common.C.BUFFER_FLAG_DECODE_ONLY}" />
    </annotation>
  </item>
  <item name="com.appsamurai.storyly.exoplayer2.decoder.Buffer void clearFlag(int) 0">
    <annotation name="androidx.annotation.IntDef">
      <val name="flag" val="true" />
      <val name="value" val="{com.appsamurai.storyly.exoplayer2.common.C.BUFFER_FLAG_KEY_FRAME, com.appsamurai.storyly.exoplayer2.common.C.BUFFER_FLAG_END_OF_STREAM, com.appsamurai.storyly.exoplayer2.common.C.BUFFER_FLAG_FIRST_SAMPLE, com.appsamurai.storyly.exoplayer2.common.C.BUFFER_FLAG_HAS_SUPPLEMENTAL_DATA, com.appsamurai.storyly.exoplayer2.common.C.BUFFER_FLAG_LAST_SAMPLE, com.appsamurai.storyly.exoplayer2.common.C.BUFFER_FLAG_ENCRYPTED, com.appsamurai.storyly.exoplayer2.common.C.BUFFER_FLAG_DECODE_ONLY}" />
    </annotation>
  </item>
  <item name="com.appsamurai.storyly.exoplayer2.decoder.Buffer void setFlags(int) 0">
    <annotation name="androidx.annotation.IntDef">
      <val name="flag" val="true" />
      <val name="value" val="{com.appsamurai.storyly.exoplayer2.common.C.BUFFER_FLAG_KEY_FRAME, com.appsamurai.storyly.exoplayer2.common.C.BUFFER_FLAG_END_OF_STREAM, com.appsamurai.storyly.exoplayer2.common.C.BUFFER_FLAG_FIRST_SAMPLE, com.appsamurai.storyly.exoplayer2.common.C.BUFFER_FLAG_HAS_SUPPLEMENTAL_DATA, com.appsamurai.storyly.exoplayer2.common.C.BUFFER_FLAG_LAST_SAMPLE, com.appsamurai.storyly.exoplayer2.common.C.BUFFER_FLAG_ENCRYPTED, com.appsamurai.storyly.exoplayer2.common.C.BUFFER_FLAG_DECODE_ONLY}" />
    </annotation>
  </item>
  <item name="com.appsamurai.storyly.exoplayer2.decoder.CryptoInfo mode">
    <annotation name="androidx.annotation.IntDef">
      <val name="value" val="{com.appsamurai.storyly.exoplayer2.common.C.CRYPTO_MODE_UNENCRYPTED, com.appsamurai.storyly.exoplayer2.common.C.CRYPTO_MODE_AES_CTR, com.appsamurai.storyly.exoplayer2.common.C.CRYPTO_MODE_AES_CBC}" />
    </annotation>
  </item>
  <item name="com.appsamurai.storyly.exoplayer2.decoder.CryptoInfo void set(int, int[], int[], byte[], byte[], int, int, int) 5">
    <annotation name="androidx.annotation.IntDef">
      <val name="value" val="{com.appsamurai.storyly.exoplayer2.common.C.CRYPTO_MODE_UNENCRYPTED, com.appsamurai.storyly.exoplayer2.common.C.CRYPTO_MODE_AES_CTR, com.appsamurai.storyly.exoplayer2.common.C.CRYPTO_MODE_AES_CBC}" />
    </annotation>
  </item>
  <item name="com.appsamurai.storyly.exoplayer2.decoder.DecoderInputBuffer DecoderInputBuffer(int) 0">
    <annotation name="androidx.annotation.IntDef">
      <val name="value" val="{com.appsamurai.storyly.exoplayer2.decoder.DecoderInputBuffer.BUFFER_REPLACEMENT_MODE_DISABLED, com.appsamurai.storyly.exoplayer2.decoder.DecoderInputBuffer.BUFFER_REPLACEMENT_MODE_NORMAL, com.appsamurai.storyly.exoplayer2.decoder.DecoderInputBuffer.BUFFER_REPLACEMENT_MODE_DIRECT}" />
    </annotation>
  </item>
  <item name="com.appsamurai.storyly.exoplayer2.decoder.DecoderInputBuffer DecoderInputBuffer(int, int) 0">
    <annotation name="androidx.annotation.IntDef">
      <val name="value" val="{com.appsamurai.storyly.exoplayer2.decoder.DecoderInputBuffer.BUFFER_REPLACEMENT_MODE_DISABLED, com.appsamurai.storyly.exoplayer2.decoder.DecoderInputBuffer.BUFFER_REPLACEMENT_MODE_NORMAL, com.appsamurai.storyly.exoplayer2.decoder.DecoderInputBuffer.BUFFER_REPLACEMENT_MODE_DIRECT}" />
    </annotation>
  </item>
  <item name="com.appsamurai.storyly.exoplayer2.decoder.DecoderInputBuffer bufferReplacementMode">
    <annotation name="androidx.annotation.IntDef">
      <val name="value" val="{com.appsamurai.storyly.exoplayer2.decoder.DecoderInputBuffer.BUFFER_REPLACEMENT_MODE_DISABLED, com.appsamurai.storyly.exoplayer2.decoder.DecoderInputBuffer.BUFFER_REPLACEMENT_MODE_NORMAL, com.appsamurai.storyly.exoplayer2.decoder.DecoderInputBuffer.BUFFER_REPLACEMENT_MODE_DIRECT}" />
    </annotation>
  </item>
  <item name="com.appsamurai.storyly.exoplayer2.decoder.DecoderInputBuffer.BufferReplacementMode">
    <annotation name="androidx.annotation.IntDef">
      <val name="value" val="{com.appsamurai.storyly.exoplayer2.decoder.DecoderInputBuffer.BUFFER_REPLACEMENT_MODE_DISABLED, com.appsamurai.storyly.exoplayer2.decoder.DecoderInputBuffer.BUFFER_REPLACEMENT_MODE_NORMAL, com.appsamurai.storyly.exoplayer2.decoder.DecoderInputBuffer.BUFFER_REPLACEMENT_MODE_DIRECT}" />
    </annotation>
  </item>
  <item name="com.appsamurai.storyly.exoplayer2.decoder.VideoDecoderOutputBuffer mode">
    <annotation name="androidx.annotation.IntDef">
      <val name="value" val="{com.appsamurai.storyly.exoplayer2.common.C.VIDEO_OUTPUT_MODE_NONE, com.appsamurai.storyly.exoplayer2.common.C.VIDEO_OUTPUT_MODE_YUV, com.appsamurai.storyly.exoplayer2.common.C.VIDEO_OUTPUT_MODE_SURFACE_YUV}" />
    </annotation>
  </item>
  <item name="com.appsamurai.storyly.exoplayer2.decoder.VideoDecoderOutputBuffer void init(long, int, java.nio.ByteBuffer) 1">
    <annotation name="androidx.annotation.IntDef">
      <val name="value" val="{com.appsamurai.storyly.exoplayer2.common.C.VIDEO_OUTPUT_MODE_NONE, com.appsamurai.storyly.exoplayer2.common.C.VIDEO_OUTPUT_MODE_YUV, com.appsamurai.storyly.exoplayer2.common.C.VIDEO_OUTPUT_MODE_SURFACE_YUV}" />
    </annotation>
  </item>
</root>

