<?xml version="1.0" encoding="UTF-8"?>
<root>
  <item name="com.appsamurai.storyly.exoplayer2.common.text.span.RubySpan RubySpan(java.lang.String, int) 1">
    <annotation name="androidx.annotation.IntDef">
      <val name="value" val="{com.appsamurai.storyly.exoplayer2.common.text.span.TextAnnotation.POSITION_UNKNOWN, com.appsamurai.storyly.exoplayer2.common.text.span.TextAnnotation.POSITION_BEFORE, com.appsamurai.storyly.exoplayer2.common.text.span.TextAnnotation.POSITION_AFTER}" />
    </annotation>
  </item>
  <item name="com.appsamurai.storyly.exoplayer2.common.text.span.RubySpan position">
    <annotation name="androidx.annotation.IntDef">
      <val name="value" val="{com.appsamurai.storyly.exoplayer2.common.text.span.TextAnnotation.POSITION_UNKNOWN, com.appsamurai.storyly.exoplayer2.common.text.span.TextAnnotation.POSITION_BEFORE, com.appsamurai.storyly.exoplayer2.common.text.span.TextAnnotation.POSITION_AFTER}" />
    </annotation>
  </item>
  <item name="com.appsamurai.storyly.exoplayer2.common.text.span.TextAnnotation.Position">
    <annotation name="androidx.annotation.IntDef">
      <val name="value" val="{com.appsamurai.storyly.exoplayer2.common.text.span.TextAnnotation.POSITION_UNKNOWN, com.appsamurai.storyly.exoplayer2.common.text.span.TextAnnotation.POSITION_BEFORE, com.appsamurai.storyly.exoplayer2.common.text.span.TextAnnotation.POSITION_AFTER}" />
    </annotation>
  </item>
  <item name="com.appsamurai.storyly.exoplayer2.common.text.span.TextEmphasisSpan TextEmphasisSpan(int, int, int) 0">
    <annotation name="androidx.annotation.IntDef">
      <val name="value" val="{com.appsamurai.storyly.exoplayer2.common.text.span.TextEmphasisSpan.MARK_SHAPE_NONE, com.appsamurai.storyly.exoplayer2.common.text.span.TextEmphasisSpan.MARK_SHAPE_CIRCLE, com.appsamurai.storyly.exoplayer2.common.text.span.TextEmphasisSpan.MARK_SHAPE_DOT, com.appsamurai.storyly.exoplayer2.common.text.span.TextEmphasisSpan.MARK_SHAPE_SESAME}" />
    </annotation>
  </item>
  <item name="com.appsamurai.storyly.exoplayer2.common.text.span.TextEmphasisSpan TextEmphasisSpan(int, int, int) 1">
    <annotation name="androidx.annotation.IntDef">
      <val name="value" val="{com.appsamurai.storyly.exoplayer2.common.text.span.TextEmphasisSpan.MARK_FILL_UNKNOWN, com.appsamurai.storyly.exoplayer2.common.text.span.TextEmphasisSpan.MARK_FILL_FILLED, com.appsamurai.storyly.exoplayer2.common.text.span.TextEmphasisSpan.MARK_FILL_OPEN}" />
    </annotation>
  </item>
  <item name="com.appsamurai.storyly.exoplayer2.common.text.span.TextEmphasisSpan TextEmphasisSpan(int, int, int) 2">
    <annotation name="androidx.annotation.IntDef">
      <val name="value" val="{com.appsamurai.storyly.exoplayer2.common.text.span.TextAnnotation.POSITION_UNKNOWN, com.appsamurai.storyly.exoplayer2.common.text.span.TextAnnotation.POSITION_BEFORE, com.appsamurai.storyly.exoplayer2.common.text.span.TextAnnotation.POSITION_AFTER}" />
    </annotation>
  </item>
  <item name="com.appsamurai.storyly.exoplayer2.common.text.span.TextEmphasisSpan markFill">
    <annotation name="androidx.annotation.IntDef">
      <val name="value" val="{com.appsamurai.storyly.exoplayer2.common.text.span.TextEmphasisSpan.MARK_SHAPE_NONE, com.appsamurai.storyly.exoplayer2.common.text.span.TextEmphasisSpan.MARK_SHAPE_CIRCLE, com.appsamurai.storyly.exoplayer2.common.text.span.TextEmphasisSpan.MARK_SHAPE_DOT, com.appsamurai.storyly.exoplayer2.common.text.span.TextEmphasisSpan.MARK_SHAPE_SESAME}" />
    </annotation>
  </item>
  <item name="com.appsamurai.storyly.exoplayer2.common.text.span.TextEmphasisSpan markShape">
    <annotation name="androidx.annotation.IntDef">
      <val name="value" val="{com.appsamurai.storyly.exoplayer2.common.text.span.TextEmphasisSpan.MARK_SHAPE_NONE, com.appsamurai.storyly.exoplayer2.common.text.span.TextEmphasisSpan.MARK_SHAPE_CIRCLE, com.appsamurai.storyly.exoplayer2.common.text.span.TextEmphasisSpan.MARK_SHAPE_DOT, com.appsamurai.storyly.exoplayer2.common.text.span.TextEmphasisSpan.MARK_SHAPE_SESAME}" />
    </annotation>
  </item>
  <item name="com.appsamurai.storyly.exoplayer2.common.text.span.TextEmphasisSpan position">
    <annotation name="androidx.annotation.IntDef">
      <val name="value" val="{com.appsamurai.storyly.exoplayer2.common.text.span.TextAnnotation.POSITION_UNKNOWN, com.appsamurai.storyly.exoplayer2.common.text.span.TextAnnotation.POSITION_BEFORE, com.appsamurai.storyly.exoplayer2.common.text.span.TextAnnotation.POSITION_AFTER}" />
    </annotation>
  </item>
  <item name="com.appsamurai.storyly.exoplayer2.common.text.span.TextEmphasisSpan.MarkFill">
    <annotation name="androidx.annotation.IntDef">
      <val name="value" val="{com.appsamurai.storyly.exoplayer2.common.text.span.TextEmphasisSpan.MARK_FILL_UNKNOWN, com.appsamurai.storyly.exoplayer2.common.text.span.TextEmphasisSpan.MARK_FILL_FILLED, com.appsamurai.storyly.exoplayer2.common.text.span.TextEmphasisSpan.MARK_FILL_OPEN}" />
    </annotation>
  </item>
  <item name="com.appsamurai.storyly.exoplayer2.common.text.span.TextEmphasisSpan.MarkShape">
    <annotation name="androidx.annotation.IntDef">
      <val name="value" val="{com.appsamurai.storyly.exoplayer2.common.text.span.TextEmphasisSpan.MARK_SHAPE_NONE, com.appsamurai.storyly.exoplayer2.common.text.span.TextEmphasisSpan.MARK_SHAPE_CIRCLE, com.appsamurai.storyly.exoplayer2.common.text.span.TextEmphasisSpan.MARK_SHAPE_DOT, com.appsamurai.storyly.exoplayer2.common.text.span.TextEmphasisSpan.MARK_SHAPE_SESAME}" />
    </annotation>
  </item>
</root>

