<?xml version="1.0" encoding="UTF-8"?>
<root>
  <item name="com.appsamurai.storyly.exoplayer2.extractor.text.ttml.TextEmphasis TextEmphasis(int, int, int) 0">
    <annotation name="androidx.annotation.IntDef">
      <val name="value" val="{com.appsamurai.storyly.exoplayer2.common.text.span.TextEmphasisSpan.MARK_SHAPE_NONE, com.appsamurai.storyly.exoplayer2.common.text.span.TextEmphasisSpan.MARK_SHAPE_CIRCLE, com.appsamurai.storyly.exoplayer2.common.text.span.TextEmphasisSpan.MARK_SHAPE_DOT, com.appsamurai.storyly.exoplayer2.common.text.span.TextEmphasisSpan.MARK_SHAPE_SESAME, com.appsamurai.storyly.exoplayer2.extractor.text.ttml.TextEmphasis.MARK_SHAPE_AUTO}" />
    </annotation>
  </item>
  <item name="com.appsamurai.storyly.exoplayer2.extractor.text.ttml.TextEmphasis TextEmphasis(int, int, int) 1">
    <annotation name="androidx.annotation.IntDef">
      <val name="value" val="{com.appsamurai.storyly.exoplayer2.common.text.span.TextEmphasisSpan.MARK_FILL_UNKNOWN, com.appsamurai.storyly.exoplayer2.common.text.span.TextEmphasisSpan.MARK_FILL_FILLED, com.appsamurai.storyly.exoplayer2.common.text.span.TextEmphasisSpan.MARK_FILL_OPEN}" />
    </annotation>
  </item>
  <item name="com.appsamurai.storyly.exoplayer2.extractor.text.ttml.TextEmphasis TextEmphasis(int, int, int) 2">
    <annotation name="androidx.annotation.IntDef">
      <val name="value" val="{com.appsamurai.storyly.exoplayer2.common.text.span.TextAnnotation.POSITION_UNKNOWN, com.appsamurai.storyly.exoplayer2.common.text.span.TextAnnotation.POSITION_BEFORE, com.appsamurai.storyly.exoplayer2.common.text.span.TextAnnotation.POSITION_AFTER}" />
    </annotation>
  </item>
  <item name="com.appsamurai.storyly.exoplayer2.extractor.text.ttml.TextEmphasis markFill">
    <annotation name="androidx.annotation.IntDef">
      <val name="value" val="{com.appsamurai.storyly.exoplayer2.common.text.span.TextEmphasisSpan.MARK_FILL_UNKNOWN, com.appsamurai.storyly.exoplayer2.common.text.span.TextEmphasisSpan.MARK_FILL_FILLED, com.appsamurai.storyly.exoplayer2.common.text.span.TextEmphasisSpan.MARK_FILL_OPEN}" />
    </annotation>
  </item>
  <item name="com.appsamurai.storyly.exoplayer2.extractor.text.ttml.TextEmphasis markShape">
    <annotation name="androidx.annotation.IntDef">
      <val name="value" val="{com.appsamurai.storyly.exoplayer2.common.text.span.TextEmphasisSpan.MARK_SHAPE_NONE, com.appsamurai.storyly.exoplayer2.common.text.span.TextEmphasisSpan.MARK_SHAPE_CIRCLE, com.appsamurai.storyly.exoplayer2.common.text.span.TextEmphasisSpan.MARK_SHAPE_DOT, com.appsamurai.storyly.exoplayer2.common.text.span.TextEmphasisSpan.MARK_SHAPE_SESAME, com.appsamurai.storyly.exoplayer2.extractor.text.ttml.TextEmphasis.MARK_SHAPE_AUTO}" />
    </annotation>
  </item>
  <item name="com.appsamurai.storyly.exoplayer2.extractor.text.ttml.TextEmphasis position">
    <annotation name="androidx.annotation.IntDef">
      <val name="value" val="{com.appsamurai.storyly.exoplayer2.common.text.span.TextAnnotation.POSITION_UNKNOWN, com.appsamurai.storyly.exoplayer2.common.text.span.TextAnnotation.POSITION_BEFORE, com.appsamurai.storyly.exoplayer2.common.text.span.TextAnnotation.POSITION_AFTER, com.appsamurai.storyly.exoplayer2.extractor.text.ttml.TextEmphasis.POSITION_OUTSIDE}" />
    </annotation>
  </item>
  <item name="com.appsamurai.storyly.exoplayer2.extractor.text.ttml.TextEmphasis.Position">
    <annotation name="androidx.annotation.IntDef">
      <val name="value" val="{com.appsamurai.storyly.exoplayer2.common.text.span.TextAnnotation.POSITION_UNKNOWN, com.appsamurai.storyly.exoplayer2.common.text.span.TextAnnotation.POSITION_BEFORE, com.appsamurai.storyly.exoplayer2.common.text.span.TextAnnotation.POSITION_AFTER, com.appsamurai.storyly.exoplayer2.extractor.text.ttml.TextEmphasis.POSITION_OUTSIDE}" />
    </annotation>
  </item>
  <item name="com.appsamurai.storyly.exoplayer2.extractor.text.ttml.TtmlNode void applyStyleToOutput(java.util.Map&lt;java.lang.String,com.appsamurai.storyly.exoplayer2.extractor.text.ttml.TtmlStyle&gt;, com.appsamurai.storyly.exoplayer2.common.text.Cue.Builder, int, int, int) 4">
    <annotation name="androidx.annotation.IntDef">
      <val name="value" val="{com.appsamurai.storyly.exoplayer2.common.text.Cue.TYPE_UNSET, com.appsamurai.storyly.exoplayer2.common.text.Cue.VERTICAL_TYPE_RL, com.appsamurai.storyly.exoplayer2.common.text.Cue.VERTICAL_TYPE_LR}" />
    </annotation>
  </item>
  <item name="com.appsamurai.storyly.exoplayer2.extractor.text.ttml.TtmlRegion TtmlRegion(java.lang.String, float, float, int, int, float, float, int, float, int) 3">
    <annotation name="androidx.annotation.IntDef">
      <val name="value" val="{com.appsamurai.storyly.exoplayer2.common.text.Cue.TYPE_UNSET, com.appsamurai.storyly.exoplayer2.common.text.Cue.LINE_TYPE_FRACTION, com.appsamurai.storyly.exoplayer2.common.text.Cue.LINE_TYPE_NUMBER}" />
    </annotation>
  </item>
  <item name="com.appsamurai.storyly.exoplayer2.extractor.text.ttml.TtmlRegion TtmlRegion(java.lang.String, float, float, int, int, float, float, int, float, int) 4">
    <annotation name="androidx.annotation.IntDef">
      <val name="value" val="{com.appsamurai.storyly.exoplayer2.common.text.Cue.TYPE_UNSET, com.appsamurai.storyly.exoplayer2.common.text.Cue.ANCHOR_TYPE_START, com.appsamurai.storyly.exoplayer2.common.text.Cue.ANCHOR_TYPE_MIDDLE, com.appsamurai.storyly.exoplayer2.common.text.Cue.ANCHOR_TYPE_END}" />
    </annotation>
  </item>
  <item name="com.appsamurai.storyly.exoplayer2.extractor.text.ttml.TtmlRegion TtmlRegion(java.lang.String, float, float, int, int, float, float, int, float, int) 9">
    <annotation name="androidx.annotation.IntDef">
      <val name="value" val="{com.appsamurai.storyly.exoplayer2.common.text.Cue.TYPE_UNSET, com.appsamurai.storyly.exoplayer2.common.text.Cue.VERTICAL_TYPE_RL, com.appsamurai.storyly.exoplayer2.common.text.Cue.VERTICAL_TYPE_LR}" />
    </annotation>
  </item>
  <item name="com.appsamurai.storyly.exoplayer2.extractor.text.ttml.TtmlRegion lineAnchor">
    <annotation name="androidx.annotation.IntDef">
      <val name="value" val="{com.appsamurai.storyly.exoplayer2.common.text.Cue.TYPE_UNSET, com.appsamurai.storyly.exoplayer2.common.text.Cue.ANCHOR_TYPE_START, com.appsamurai.storyly.exoplayer2.common.text.Cue.ANCHOR_TYPE_MIDDLE, com.appsamurai.storyly.exoplayer2.common.text.Cue.ANCHOR_TYPE_END}" />
    </annotation>
  </item>
  <item name="com.appsamurai.storyly.exoplayer2.extractor.text.ttml.TtmlRegion lineType">
    <annotation name="androidx.annotation.IntDef">
      <val name="value" val="{com.appsamurai.storyly.exoplayer2.common.text.Cue.TYPE_UNSET, com.appsamurai.storyly.exoplayer2.common.text.Cue.LINE_TYPE_FRACTION, com.appsamurai.storyly.exoplayer2.common.text.Cue.LINE_TYPE_NUMBER}" />
    </annotation>
  </item>
  <item name="com.appsamurai.storyly.exoplayer2.extractor.text.ttml.TtmlRegion textSizeType">
    <annotation name="androidx.annotation.IntDef">
      <val name="value" val="{com.appsamurai.storyly.exoplayer2.common.text.Cue.TYPE_UNSET, com.appsamurai.storyly.exoplayer2.common.text.Cue.TEXT_SIZE_TYPE_FRACTIONAL, com.appsamurai.storyly.exoplayer2.common.text.Cue.TEXT_SIZE_TYPE_FRACTIONAL_IGNORE_PADDING, com.appsamurai.storyly.exoplayer2.common.text.Cue.TEXT_SIZE_TYPE_ABSOLUTE}" />
    </annotation>
  </item>
  <item name="com.appsamurai.storyly.exoplayer2.extractor.text.ttml.TtmlRegion verticalType">
    <annotation name="androidx.annotation.IntDef">
      <val name="value" val="{com.appsamurai.storyly.exoplayer2.common.text.Cue.TYPE_UNSET, com.appsamurai.storyly.exoplayer2.common.text.Cue.VERTICAL_TYPE_RL, com.appsamurai.storyly.exoplayer2.common.text.Cue.VERTICAL_TYPE_LR}" />
    </annotation>
  </item>
  <item name="com.appsamurai.storyly.exoplayer2.extractor.text.ttml.TtmlRenderUtil void applyStylesToSpan(android.text.Spannable, int, int, com.appsamurai.storyly.exoplayer2.extractor.text.ttml.TtmlStyle, com.appsamurai.storyly.exoplayer2.extractor.text.ttml.TtmlNode, java.util.Map&lt;java.lang.String,com.appsamurai.storyly.exoplayer2.extractor.text.ttml.TtmlStyle&gt;, int) 6">
    <annotation name="androidx.annotation.IntDef">
      <val name="value" val="{com.appsamurai.storyly.exoplayer2.common.text.Cue.TYPE_UNSET, com.appsamurai.storyly.exoplayer2.common.text.Cue.VERTICAL_TYPE_RL, com.appsamurai.storyly.exoplayer2.common.text.Cue.VERTICAL_TYPE_LR}" />
    </annotation>
  </item>
  <item name="com.appsamurai.storyly.exoplayer2.extractor.text.ttml.TtmlStyle bold">
    <annotation name="androidx.annotation.IntDef">
      <val name="value" val="{com.appsamurai.storyly.exoplayer2.extractor.text.ttml.TtmlStyle.UNSPECIFIED, com.appsamurai.storyly.exoplayer2.extractor.text.ttml.TtmlStyle.OFF, com.appsamurai.storyly.exoplayer2.extractor.text.ttml.TtmlStyle.ON}" />
    </annotation>
  </item>
  <item name="com.appsamurai.storyly.exoplayer2.extractor.text.ttml.TtmlStyle com.appsamurai.storyly.exoplayer2.extractor.text.ttml.TtmlStyle setRubyPosition(int) 0">
    <annotation name="androidx.annotation.IntDef">
      <val name="value" val="{com.appsamurai.storyly.exoplayer2.common.text.span.TextAnnotation.POSITION_UNKNOWN, com.appsamurai.storyly.exoplayer2.common.text.span.TextAnnotation.POSITION_BEFORE, com.appsamurai.storyly.exoplayer2.common.text.span.TextAnnotation.POSITION_AFTER}" />
    </annotation>
  </item>
  <item name="com.appsamurai.storyly.exoplayer2.extractor.text.ttml.TtmlStyle com.appsamurai.storyly.exoplayer2.extractor.text.ttml.TtmlStyle setRubyType(int) 0">
    <annotation name="androidx.annotation.IntDef">
      <val name="value" val="{com.appsamurai.storyly.exoplayer2.extractor.text.ttml.TtmlStyle.UNSPECIFIED, com.appsamurai.storyly.exoplayer2.extractor.text.ttml.TtmlStyle.RUBY_TYPE_CONTAINER, com.appsamurai.storyly.exoplayer2.extractor.text.ttml.TtmlStyle.RUBY_TYPE_BASE, com.appsamurai.storyly.exoplayer2.extractor.text.ttml.TtmlStyle.RUBY_TYPE_TEXT, com.appsamurai.storyly.exoplayer2.extractor.text.ttml.TtmlStyle.RUBY_TYPE_DELIMITER}" />
    </annotation>
  </item>
  <item name="com.appsamurai.storyly.exoplayer2.extractor.text.ttml.TtmlStyle fontSizeUnit">
    <annotation name="androidx.annotation.IntDef">
      <val name="value" val="{com.appsamurai.storyly.exoplayer2.extractor.text.ttml.TtmlStyle.UNSPECIFIED, com.appsamurai.storyly.exoplayer2.extractor.text.ttml.TtmlStyle.FONT_SIZE_UNIT_PIXEL, com.appsamurai.storyly.exoplayer2.extractor.text.ttml.TtmlStyle.FONT_SIZE_UNIT_EM, com.appsamurai.storyly.exoplayer2.extractor.text.ttml.TtmlStyle.FONT_SIZE_UNIT_PERCENT}" />
    </annotation>
  </item>
  <item name="com.appsamurai.storyly.exoplayer2.extractor.text.ttml.TtmlStyle int getFontSizeUnit()">
    <annotation name="androidx.annotation.IntDef">
      <val name="value" val="{com.appsamurai.storyly.exoplayer2.extractor.text.ttml.TtmlStyle.UNSPECIFIED, com.appsamurai.storyly.exoplayer2.extractor.text.ttml.TtmlStyle.FONT_SIZE_UNIT_PIXEL, com.appsamurai.storyly.exoplayer2.extractor.text.ttml.TtmlStyle.FONT_SIZE_UNIT_EM, com.appsamurai.storyly.exoplayer2.extractor.text.ttml.TtmlStyle.FONT_SIZE_UNIT_PERCENT}" />
    </annotation>
  </item>
  <item name="com.appsamurai.storyly.exoplayer2.extractor.text.ttml.TtmlStyle int getRubyPosition()">
    <annotation name="androidx.annotation.IntDef">
      <val name="value" val="{com.appsamurai.storyly.exoplayer2.common.text.span.TextAnnotation.POSITION_UNKNOWN, com.appsamurai.storyly.exoplayer2.common.text.span.TextAnnotation.POSITION_BEFORE, com.appsamurai.storyly.exoplayer2.common.text.span.TextAnnotation.POSITION_AFTER}" />
    </annotation>
  </item>
  <item name="com.appsamurai.storyly.exoplayer2.extractor.text.ttml.TtmlStyle int getRubyType()">
    <annotation name="androidx.annotation.IntDef">
      <val name="value" val="{com.appsamurai.storyly.exoplayer2.extractor.text.ttml.TtmlStyle.UNSPECIFIED, com.appsamurai.storyly.exoplayer2.extractor.text.ttml.TtmlStyle.RUBY_TYPE_CONTAINER, com.appsamurai.storyly.exoplayer2.extractor.text.ttml.TtmlStyle.RUBY_TYPE_BASE, com.appsamurai.storyly.exoplayer2.extractor.text.ttml.TtmlStyle.RUBY_TYPE_TEXT, com.appsamurai.storyly.exoplayer2.extractor.text.ttml.TtmlStyle.RUBY_TYPE_DELIMITER}" />
    </annotation>
  </item>
  <item name="com.appsamurai.storyly.exoplayer2.extractor.text.ttml.TtmlStyle int getStyle()">
    <annotation name="androidx.annotation.IntDef">
      <val name="flag" val="true" />
      <val name="value" val="{com.appsamurai.storyly.exoplayer2.extractor.text.ttml.TtmlStyle.UNSPECIFIED, com.appsamurai.storyly.exoplayer2.extractor.text.ttml.TtmlStyle.STYLE_NORMAL, com.appsamurai.storyly.exoplayer2.extractor.text.ttml.TtmlStyle.STYLE_BOLD, com.appsamurai.storyly.exoplayer2.extractor.text.ttml.TtmlStyle.STYLE_ITALIC, com.appsamurai.storyly.exoplayer2.extractor.text.ttml.TtmlStyle.STYLE_BOLD_ITALIC}" />
    </annotation>
  </item>
  <item name="com.appsamurai.storyly.exoplayer2.extractor.text.ttml.TtmlStyle italic">
    <annotation name="androidx.annotation.IntDef">
      <val name="value" val="{com.appsamurai.storyly.exoplayer2.extractor.text.ttml.TtmlStyle.UNSPECIFIED, com.appsamurai.storyly.exoplayer2.extractor.text.ttml.TtmlStyle.OFF, com.appsamurai.storyly.exoplayer2.extractor.text.ttml.TtmlStyle.ON}" />
    </annotation>
  </item>
  <item name="com.appsamurai.storyly.exoplayer2.extractor.text.ttml.TtmlStyle linethrough">
    <annotation name="androidx.annotation.IntDef">
      <val name="value" val="{com.appsamurai.storyly.exoplayer2.extractor.text.ttml.TtmlStyle.UNSPECIFIED, com.appsamurai.storyly.exoplayer2.extractor.text.ttml.TtmlStyle.OFF, com.appsamurai.storyly.exoplayer2.extractor.text.ttml.TtmlStyle.ON}" />
    </annotation>
  </item>
  <item name="com.appsamurai.storyly.exoplayer2.extractor.text.ttml.TtmlStyle rubyPosition">
    <annotation name="androidx.annotation.IntDef">
      <val name="value" val="{com.appsamurai.storyly.exoplayer2.common.text.span.TextAnnotation.POSITION_UNKNOWN, com.appsamurai.storyly.exoplayer2.common.text.span.TextAnnotation.POSITION_BEFORE, com.appsamurai.storyly.exoplayer2.common.text.span.TextAnnotation.POSITION_AFTER}" />
    </annotation>
  </item>
  <item name="com.appsamurai.storyly.exoplayer2.extractor.text.ttml.TtmlStyle rubyType">
    <annotation name="androidx.annotation.IntDef">
      <val name="value" val="{com.appsamurai.storyly.exoplayer2.extractor.text.ttml.TtmlStyle.UNSPECIFIED, com.appsamurai.storyly.exoplayer2.extractor.text.ttml.TtmlStyle.RUBY_TYPE_CONTAINER, com.appsamurai.storyly.exoplayer2.extractor.text.ttml.TtmlStyle.RUBY_TYPE_BASE, com.appsamurai.storyly.exoplayer2.extractor.text.ttml.TtmlStyle.RUBY_TYPE_TEXT, com.appsamurai.storyly.exoplayer2.extractor.text.ttml.TtmlStyle.RUBY_TYPE_DELIMITER}" />
    </annotation>
  </item>
  <item name="com.appsamurai.storyly.exoplayer2.extractor.text.ttml.TtmlStyle textCombine">
    <annotation name="androidx.annotation.IntDef">
      <val name="value" val="{com.appsamurai.storyly.exoplayer2.extractor.text.ttml.TtmlStyle.UNSPECIFIED, com.appsamurai.storyly.exoplayer2.extractor.text.ttml.TtmlStyle.OFF, com.appsamurai.storyly.exoplayer2.extractor.text.ttml.TtmlStyle.ON}" />
    </annotation>
  </item>
  <item name="com.appsamurai.storyly.exoplayer2.extractor.text.ttml.TtmlStyle underline">
    <annotation name="androidx.annotation.IntDef">
      <val name="value" val="{com.appsamurai.storyly.exoplayer2.extractor.text.ttml.TtmlStyle.UNSPECIFIED, com.appsamurai.storyly.exoplayer2.extractor.text.ttml.TtmlStyle.OFF, com.appsamurai.storyly.exoplayer2.extractor.text.ttml.TtmlStyle.ON}" />
    </annotation>
  </item>
  <item name="com.appsamurai.storyly.exoplayer2.extractor.text.ttml.TtmlStyle.FontSizeUnit">
    <annotation name="androidx.annotation.IntDef">
      <val name="value" val="{com.appsamurai.storyly.exoplayer2.extractor.text.ttml.TtmlStyle.UNSPECIFIED, com.appsamurai.storyly.exoplayer2.extractor.text.ttml.TtmlStyle.FONT_SIZE_UNIT_PIXEL, com.appsamurai.storyly.exoplayer2.extractor.text.ttml.TtmlStyle.FONT_SIZE_UNIT_EM, com.appsamurai.storyly.exoplayer2.extractor.text.ttml.TtmlStyle.FONT_SIZE_UNIT_PERCENT}" />
    </annotation>
  </item>
  <item name="com.appsamurai.storyly.exoplayer2.extractor.text.ttml.TtmlStyle.RubyType">
    <annotation name="androidx.annotation.IntDef">
      <val name="value" val="{com.appsamurai.storyly.exoplayer2.extractor.text.ttml.TtmlStyle.UNSPECIFIED, com.appsamurai.storyly.exoplayer2.extractor.text.ttml.TtmlStyle.RUBY_TYPE_CONTAINER, com.appsamurai.storyly.exoplayer2.extractor.text.ttml.TtmlStyle.RUBY_TYPE_BASE, com.appsamurai.storyly.exoplayer2.extractor.text.ttml.TtmlStyle.RUBY_TYPE_TEXT, com.appsamurai.storyly.exoplayer2.extractor.text.ttml.TtmlStyle.RUBY_TYPE_DELIMITER}" />
    </annotation>
  </item>
  <item name="com.appsamurai.storyly.exoplayer2.extractor.text.ttml.TtmlStyle.StyleFlags">
    <annotation name="androidx.annotation.IntDef">
      <val name="flag" val="true" />
      <val name="value" val="{com.appsamurai.storyly.exoplayer2.extractor.text.ttml.TtmlStyle.UNSPECIFIED, com.appsamurai.storyly.exoplayer2.extractor.text.ttml.TtmlStyle.STYLE_NORMAL, com.appsamurai.storyly.exoplayer2.extractor.text.ttml.TtmlStyle.STYLE_BOLD, com.appsamurai.storyly.exoplayer2.extractor.text.ttml.TtmlStyle.STYLE_ITALIC, com.appsamurai.storyly.exoplayer2.extractor.text.ttml.TtmlStyle.STYLE_BOLD_ITALIC}" />
    </annotation>
  </item>
</root>

