<?xml version="1.0" encoding="UTF-8"?>
<root>
  <item name="com.appsamurai.storyly.exoplayer2.core.source.ads.AdsLoader void setSupportedContentTypes(int...) 0">
    <annotation name="androidx.annotation.IntDef">
      <val name="value" val="{com.appsamurai.storyly.exoplayer2.common.C.CONTENT_TYPE_DASH, com.appsamurai.storyly.exoplayer2.common.C.CONTENT_TYPE_SS, com.appsamurai.storyly.exoplayer2.common.C.CONTENT_TYPE_HLS, com.appsamurai.storyly.exoplayer2.common.C.CONTENT_TYPE_RTSP, com.appsamurai.storyly.exoplayer2.common.C.CONTENT_TYPE_OTHER}" />
    </annotation>
  </item>
  <item name="com.appsamurai.storyly.exoplayer2.core.source.ads.AdsMediaSource.AdLoadException AdLoadException(int, java.lang.Exception) 0">
    <annotation name="androidx.annotation.IntDef">
      <val name="value" val="{com.appsamurai.storyly.exoplayer2.core.source.ads.AdsMediaSource.AdLoadException.TYPE_AD, com.appsamurai.storyly.exoplayer2.core.source.ads.AdsMediaSource.AdLoadException.TYPE_AD_GROUP, com.appsamurai.storyly.exoplayer2.core.source.ads.AdsMediaSource.AdLoadException.TYPE_ALL_ADS, com.appsamurai.storyly.exoplayer2.core.source.ads.AdsMediaSource.AdLoadException.TYPE_UNEXPECTED}" />
    </annotation>
  </item>
  <item name="com.appsamurai.storyly.exoplayer2.core.source.ads.AdsMediaSource.AdLoadException type">
    <annotation name="androidx.annotation.IntDef">
      <val name="value" val="{com.appsamurai.storyly.exoplayer2.core.source.ads.AdsMediaSource.AdLoadException.TYPE_AD, com.appsamurai.storyly.exoplayer2.core.source.ads.AdsMediaSource.AdLoadException.TYPE_AD_GROUP, com.appsamurai.storyly.exoplayer2.core.source.ads.AdsMediaSource.AdLoadException.TYPE_ALL_ADS, com.appsamurai.storyly.exoplayer2.core.source.ads.AdsMediaSource.AdLoadException.TYPE_UNEXPECTED}" />
    </annotation>
  </item>
  <item name="com.appsamurai.storyly.exoplayer2.core.source.ads.AdsMediaSource.AdLoadException.Type">
    <annotation name="androidx.annotation.IntDef">
      <val name="value" val="{com.appsamurai.storyly.exoplayer2.core.source.ads.AdsMediaSource.AdLoadException.TYPE_AD, com.appsamurai.storyly.exoplayer2.core.source.ads.AdsMediaSource.AdLoadException.TYPE_AD_GROUP, com.appsamurai.storyly.exoplayer2.core.source.ads.AdsMediaSource.AdLoadException.TYPE_ALL_ADS, com.appsamurai.storyly.exoplayer2.core.source.ads.AdsMediaSource.AdLoadException.TYPE_UNEXPECTED}" />
    </annotation>
  </item>
  <item name="com.appsamurai.storyly.exoplayer2.core.source.ads.ServerSideAdInsertionMediaSource void onDrmSessionAcquired(int, com.appsamurai.storyly.exoplayer2.core.source.MediaSource.MediaPeriodId, int) 2">
    <annotation name="androidx.annotation.IntDef">
      <val name="value" val="{com.appsamurai.storyly.exoplayer2.core.drm.DrmSession.STATE_RELEASED, com.appsamurai.storyly.exoplayer2.core.drm.DrmSession.STATE_ERROR, com.appsamurai.storyly.exoplayer2.core.drm.DrmSession.STATE_OPENING, com.appsamurai.storyly.exoplayer2.core.drm.DrmSession.STATE_OPENED, com.appsamurai.storyly.exoplayer2.core.drm.DrmSession.STATE_OPENED_WITH_KEYS}" />
    </annotation>
  </item>
  <item name="com.appsamurai.storyly.exoplayer2.core.source.ads.ServerSideAdInsertionMediaSource.SampleStreamImpl int readData(com.appsamurai.storyly.exoplayer2.core.FormatHolder, com.appsamurai.storyly.exoplayer2.decoder.DecoderInputBuffer, int)">
    <annotation name="androidx.annotation.IntDef">
      <val name="value" val="{com.appsamurai.storyly.exoplayer2.common.C.RESULT_NOTHING_READ, com.appsamurai.storyly.exoplayer2.common.C.RESULT_FORMAT_READ, com.appsamurai.storyly.exoplayer2.common.C.RESULT_BUFFER_READ}" />
    </annotation>
  </item>
  <item name="com.appsamurai.storyly.exoplayer2.core.source.ads.ServerSideAdInsertionMediaSource.SampleStreamImpl int readData(com.appsamurai.storyly.exoplayer2.core.FormatHolder, com.appsamurai.storyly.exoplayer2.decoder.DecoderInputBuffer, int) 2">
    <annotation name="androidx.annotation.IntDef">
      <val name="flag" val="true" />
      <val name="value" val="{com.appsamurai.storyly.exoplayer2.core.source.SampleStream.FLAG_PEEK, com.appsamurai.storyly.exoplayer2.core.source.SampleStream.FLAG_REQUIRE_FORMAT, com.appsamurai.storyly.exoplayer2.core.source.SampleStream.FLAG_OMIT_SAMPLE_DATA}" />
    </annotation>
  </item>
  <item name="com.appsamurai.storyly.exoplayer2.core.source.ads.ServerSideAdInsertionMediaSource.SharedMediaPeriod int readData(com.appsamurai.storyly.exoplayer2.core.source.ads.ServerSideAdInsertionMediaSource.MediaPeriodImpl, int, com.appsamurai.storyly.exoplayer2.core.FormatHolder, com.appsamurai.storyly.exoplayer2.decoder.DecoderInputBuffer, int)">
    <annotation name="androidx.annotation.IntDef">
      <val name="value" val="{com.appsamurai.storyly.exoplayer2.common.C.RESULT_NOTHING_READ, com.appsamurai.storyly.exoplayer2.common.C.RESULT_FORMAT_READ, com.appsamurai.storyly.exoplayer2.common.C.RESULT_BUFFER_READ}" />
    </annotation>
  </item>
  <item name="com.appsamurai.storyly.exoplayer2.core.source.ads.ServerSideAdInsertionMediaSource.SharedMediaPeriod int readData(com.appsamurai.storyly.exoplayer2.core.source.ads.ServerSideAdInsertionMediaSource.MediaPeriodImpl, int, com.appsamurai.storyly.exoplayer2.core.FormatHolder, com.appsamurai.storyly.exoplayer2.decoder.DecoderInputBuffer, int) 4">
    <annotation name="androidx.annotation.IntDef">
      <val name="flag" val="true" />
      <val name="value" val="{com.appsamurai.storyly.exoplayer2.core.source.SampleStream.FLAG_PEEK, com.appsamurai.storyly.exoplayer2.core.source.SampleStream.FLAG_REQUIRE_FORMAT, com.appsamurai.storyly.exoplayer2.core.source.SampleStream.FLAG_OMIT_SAMPLE_DATA}" />
    </annotation>
  </item>
</root>

