<?xml version="1.0" encoding="UTF-8"?>
<root>
  <item name="com.appsamurai.storyly.exoplayer2.hls.playlist.HlsMediaPlaylist HlsMediaPlaylist(int, java.lang.String, java.util.List&lt;java.lang.String&gt;, long, boolean, long, boolean, int, long, int, long, long, boolean, boolean, boolean, com.appsamurai.storyly.exoplayer2.common.drm.DrmInitData, java.util.List&lt;com.appsamurai.storyly.exoplayer2.hls.playlist.HlsMediaPlaylist.Segment&gt;, java.util.List&lt;com.appsamurai.storyly.exoplayer2.hls.playlist.HlsMediaPlaylist.Part&gt;, com.appsamurai.storyly.exoplayer2.hls.playlist.HlsMediaPlaylist.ServerControl, java.util.Map&lt;android.net.Uri,com.appsamurai.storyly.exoplayer2.hls.playlist.HlsMediaPlaylist.RenditionReport&gt;) 0">
    <annotation name="androidx.annotation.IntDef">
      <val name="value" val="{com.appsamurai.storyly.exoplayer2.hls.playlist.HlsMediaPlaylist.PLAYLIST_TYPE_UNKNOWN, com.appsamurai.storyly.exoplayer2.hls.playlist.HlsMediaPlaylist.PLAYLIST_TYPE_VOD, com.appsamurai.storyly.exoplayer2.hls.playlist.HlsMediaPlaylist.PLAYLIST_TYPE_EVENT}" />
    </annotation>
  </item>
  <item name="com.appsamurai.storyly.exoplayer2.hls.playlist.HlsMediaPlaylist playlistType">
    <annotation name="androidx.annotation.IntDef">
      <val name="value" val="{com.appsamurai.storyly.exoplayer2.hls.playlist.HlsMediaPlaylist.PLAYLIST_TYPE_UNKNOWN, com.appsamurai.storyly.exoplayer2.hls.playlist.HlsMediaPlaylist.PLAYLIST_TYPE_VOD, com.appsamurai.storyly.exoplayer2.hls.playlist.HlsMediaPlaylist.PLAYLIST_TYPE_EVENT}" />
    </annotation>
  </item>
  <item name="com.appsamurai.storyly.exoplayer2.hls.playlist.HlsMediaPlaylist.PlaylistType">
    <annotation name="androidx.annotation.IntDef">
      <val name="value" val="{com.appsamurai.storyly.exoplayer2.hls.playlist.HlsMediaPlaylist.PLAYLIST_TYPE_UNKNOWN, com.appsamurai.storyly.exoplayer2.hls.playlist.HlsMediaPlaylist.PLAYLIST_TYPE_VOD, com.appsamurai.storyly.exoplayer2.hls.playlist.HlsMediaPlaylist.PLAYLIST_TYPE_EVENT}" />
    </annotation>
  </item>
  <item name="com.appsamurai.storyly.exoplayer2.hls.playlist.HlsPlaylistParser int parseRoleFlags(java.lang.String, java.util.Map&lt;java.lang.String,java.lang.String&gt;)">
    <annotation name="androidx.annotation.IntDef">
      <val name="flag" val="true" />
      <val name="value" val="{com.appsamurai.storyly.exoplayer2.common.C.ROLE_FLAG_MAIN, com.appsamurai.storyly.exoplayer2.common.C.ROLE_FLAG_ALTERNATE, com.appsamurai.storyly.exoplayer2.common.C.ROLE_FLAG_SUPPLEMENTARY, com.appsamurai.storyly.exoplayer2.common.C.ROLE_FLAG_COMMENTARY, com.appsamurai.storyly.exoplayer2.common.C.ROLE_FLAG_DUB, com.appsamurai.storyly.exoplayer2.common.C.ROLE_FLAG_EMERGENCY, com.appsamurai.storyly.exoplayer2.common.C.ROLE_FLAG_CAPTION, com.appsamurai.storyly.exoplayer2.common.C.ROLE_FLAG_SUBTITLE, com.appsamurai.storyly.exoplayer2.common.C.ROLE_FLAG_SIGN, com.appsamurai.storyly.exoplayer2.common.C.ROLE_FLAG_DESCRIBES_VIDEO, com.appsamurai.storyly.exoplayer2.common.C.ROLE_FLAG_DESCRIBES_MUSIC_AND_SOUND, com.appsamurai.storyly.exoplayer2.common.C.ROLE_FLAG_ENHANCED_DIALOG_INTELLIGIBILITY, com.appsamurai.storyly.exoplayer2.common.C.ROLE_FLAG_TRANSCRIBES_DIALOG, com.appsamurai.storyly.exoplayer2.common.C.ROLE_FLAG_EASY_TO_READ, com.appsamurai.storyly.exoplayer2.common.C.ROLE_FLAG_TRICK_PLAY}" />
    </annotation>
  </item>
  <item name="com.appsamurai.storyly.exoplayer2.hls.playlist.HlsPlaylistParser int parseSelectionFlags(java.lang.String)">
    <annotation name="androidx.annotation.IntDef">
      <val name="flag" val="true" />
      <val name="value" val="{com.appsamurai.storyly.exoplayer2.common.C.SELECTION_FLAG_DEFAULT, com.appsamurai.storyly.exoplayer2.common.C.SELECTION_FLAG_FORCED, com.appsamurai.storyly.exoplayer2.common.C.SELECTION_FLAG_AUTOSELECT}" />
    </annotation>
  </item>
</root>

