<?xml version="1.0" encoding="UTF-8"?>
<root>
  <item name="com.appsamurai.storyly.exoplayer2.datasource.upstream.cache.CacheDataSource CacheDataSource(com.appsamurai.storyly.exoplayer2.datasource.upstream.cache.Cache, com.appsamurai.storyly.exoplayer2.datasource.upstream.DataSource, com.appsamurai.storyly.exoplayer2.datasource.upstream.DataSource, com.appsamurai.storyly.exoplayer2.datasource.upstream.DataSink, com.appsamurai.storyly.exoplayer2.datasource.upstream.cache.CacheKeyFactory, int, com.appsamurai.storyly.exoplayer2.common.util.PriorityTaskManager, int, com.appsamurai.storyly.exoplayer2.datasource.upstream.cache.CacheDataSource.EventListener) 5">
    <annotation name="androidx.annotation.IntDef">
      <val name="flag" val="true" />
      <val name="value" val="{com.appsamurai.storyly.exoplayer2.datasource.upstream.cache.CacheDataSource.FLAG_BLOCK_ON_CACHE, com.appsamurai.storyly.exoplayer2.datasource.upstream.cache.CacheDataSource.FLAG_IGNORE_CACHE_ON_ERROR, com.appsamurai.storyly.exoplayer2.datasource.upstream.cache.CacheDataSource.FLAG_IGNORE_CACHE_FOR_UNSET_LENGTH_REQUESTS}" />
    </annotation>
  </item>
  <item name="com.appsamurai.storyly.exoplayer2.datasource.upstream.cache.CacheDataSource CacheDataSource(com.appsamurai.storyly.exoplayer2.datasource.upstream.cache.Cache, com.appsamurai.storyly.exoplayer2.datasource.upstream.DataSource, com.appsamurai.storyly.exoplayer2.datasource.upstream.DataSource, com.appsamurai.storyly.exoplayer2.datasource.upstream.DataSink, int, com.appsamurai.storyly.exoplayer2.datasource.upstream.cache.CacheDataSource.EventListener) 4">
    <annotation name="androidx.annotation.IntDef">
      <val name="flag" val="true" />
      <val name="value" val="{com.appsamurai.storyly.exoplayer2.datasource.upstream.cache.CacheDataSource.FLAG_BLOCK_ON_CACHE, com.appsamurai.storyly.exoplayer2.datasource.upstream.cache.CacheDataSource.FLAG_IGNORE_CACHE_ON_ERROR, com.appsamurai.storyly.exoplayer2.datasource.upstream.cache.CacheDataSource.FLAG_IGNORE_CACHE_FOR_UNSET_LENGTH_REQUESTS}" />
    </annotation>
  </item>
  <item name="com.appsamurai.storyly.exoplayer2.datasource.upstream.cache.CacheDataSource CacheDataSource(com.appsamurai.storyly.exoplayer2.datasource.upstream.cache.Cache, com.appsamurai.storyly.exoplayer2.datasource.upstream.DataSource, com.appsamurai.storyly.exoplayer2.datasource.upstream.DataSource, com.appsamurai.storyly.exoplayer2.datasource.upstream.DataSink, int, com.appsamurai.storyly.exoplayer2.datasource.upstream.cache.CacheDataSource.EventListener, com.appsamurai.storyly.exoplayer2.datasource.upstream.cache.CacheKeyFactory) 4">
    <annotation name="androidx.annotation.IntDef">
      <val name="flag" val="true" />
      <val name="value" val="{com.appsamurai.storyly.exoplayer2.datasource.upstream.cache.CacheDataSource.FLAG_BLOCK_ON_CACHE, com.appsamurai.storyly.exoplayer2.datasource.upstream.cache.CacheDataSource.FLAG_IGNORE_CACHE_ON_ERROR, com.appsamurai.storyly.exoplayer2.datasource.upstream.cache.CacheDataSource.FLAG_IGNORE_CACHE_FOR_UNSET_LENGTH_REQUESTS}" />
    </annotation>
  </item>
  <item name="com.appsamurai.storyly.exoplayer2.datasource.upstream.cache.CacheDataSource CacheDataSource(com.appsamurai.storyly.exoplayer2.datasource.upstream.cache.Cache, com.appsamurai.storyly.exoplayer2.datasource.upstream.DataSource, int) 2">
    <annotation name="androidx.annotation.IntDef">
      <val name="flag" val="true" />
      <val name="value" val="{com.appsamurai.storyly.exoplayer2.datasource.upstream.cache.CacheDataSource.FLAG_BLOCK_ON_CACHE, com.appsamurai.storyly.exoplayer2.datasource.upstream.cache.CacheDataSource.FLAG_IGNORE_CACHE_ON_ERROR, com.appsamurai.storyly.exoplayer2.datasource.upstream.cache.CacheDataSource.FLAG_IGNORE_CACHE_FOR_UNSET_LENGTH_REQUESTS}" />
    </annotation>
  </item>
  <item name="com.appsamurai.storyly.exoplayer2.datasource.upstream.cache.CacheDataSource void notifyCacheIgnored(int) 0">
    <annotation name="androidx.annotation.IntDef">
      <val name="value" val="{com.appsamurai.storyly.exoplayer2.datasource.upstream.cache.CacheDataSource.CACHE_IGNORED_REASON_ERROR, com.appsamurai.storyly.exoplayer2.datasource.upstream.cache.CacheDataSource.CACHE_IGNORED_REASON_UNSET_LENGTH}" />
    </annotation>
  </item>
  <item name="com.appsamurai.storyly.exoplayer2.datasource.upstream.cache.CacheDataSource.CacheIgnoredReason">
    <annotation name="androidx.annotation.IntDef">
      <val name="value" val="{com.appsamurai.storyly.exoplayer2.datasource.upstream.cache.CacheDataSource.CACHE_IGNORED_REASON_ERROR, com.appsamurai.storyly.exoplayer2.datasource.upstream.cache.CacheDataSource.CACHE_IGNORED_REASON_UNSET_LENGTH}" />
    </annotation>
  </item>
  <item name="com.appsamurai.storyly.exoplayer2.datasource.upstream.cache.CacheDataSource.EventListener void onCacheIgnored(int) 0">
    <annotation name="androidx.annotation.IntDef">
      <val name="value" val="{com.appsamurai.storyly.exoplayer2.datasource.upstream.cache.CacheDataSource.CACHE_IGNORED_REASON_ERROR, com.appsamurai.storyly.exoplayer2.datasource.upstream.cache.CacheDataSource.CACHE_IGNORED_REASON_UNSET_LENGTH}" />
    </annotation>
  </item>
  <item name="com.appsamurai.storyly.exoplayer2.datasource.upstream.cache.CacheDataSource.Factory com.appsamurai.storyly.exoplayer2.datasource.upstream.cache.CacheDataSource createDataSourceInternal(com.appsamurai.storyly.exoplayer2.datasource.upstream.DataSource, int, int) 1">
    <annotation name="androidx.annotation.IntDef">
      <val name="flag" val="true" />
      <val name="value" val="{com.appsamurai.storyly.exoplayer2.datasource.upstream.cache.CacheDataSource.FLAG_BLOCK_ON_CACHE, com.appsamurai.storyly.exoplayer2.datasource.upstream.cache.CacheDataSource.FLAG_IGNORE_CACHE_ON_ERROR, com.appsamurai.storyly.exoplayer2.datasource.upstream.cache.CacheDataSource.FLAG_IGNORE_CACHE_FOR_UNSET_LENGTH_REQUESTS}" />
    </annotation>
  </item>
  <item name="com.appsamurai.storyly.exoplayer2.datasource.upstream.cache.CacheDataSource.Factory com.appsamurai.storyly.exoplayer2.datasource.upstream.cache.CacheDataSource.Factory setFlags(int) 0">
    <annotation name="androidx.annotation.IntDef">
      <val name="flag" val="true" />
      <val name="value" val="{com.appsamurai.storyly.exoplayer2.datasource.upstream.cache.CacheDataSource.FLAG_BLOCK_ON_CACHE, com.appsamurai.storyly.exoplayer2.datasource.upstream.cache.CacheDataSource.FLAG_IGNORE_CACHE_ON_ERROR, com.appsamurai.storyly.exoplayer2.datasource.upstream.cache.CacheDataSource.FLAG_IGNORE_CACHE_FOR_UNSET_LENGTH_REQUESTS}" />
    </annotation>
  </item>
  <item name="com.appsamurai.storyly.exoplayer2.datasource.upstream.cache.CacheDataSource.Factory flags">
    <annotation name="androidx.annotation.IntDef">
      <val name="flag" val="true" />
      <val name="value" val="{com.appsamurai.storyly.exoplayer2.datasource.upstream.cache.CacheDataSource.FLAG_BLOCK_ON_CACHE, com.appsamurai.storyly.exoplayer2.datasource.upstream.cache.CacheDataSource.FLAG_IGNORE_CACHE_ON_ERROR, com.appsamurai.storyly.exoplayer2.datasource.upstream.cache.CacheDataSource.FLAG_IGNORE_CACHE_FOR_UNSET_LENGTH_REQUESTS}" />
    </annotation>
  </item>
  <item name="com.appsamurai.storyly.exoplayer2.datasource.upstream.cache.CacheDataSource.Flags">
    <annotation name="androidx.annotation.IntDef">
      <val name="flag" val="true" />
      <val name="value" val="{com.appsamurai.storyly.exoplayer2.datasource.upstream.cache.CacheDataSource.FLAG_BLOCK_ON_CACHE, com.appsamurai.storyly.exoplayer2.datasource.upstream.cache.CacheDataSource.FLAG_IGNORE_CACHE_ON_ERROR, com.appsamurai.storyly.exoplayer2.datasource.upstream.cache.CacheDataSource.FLAG_IGNORE_CACHE_FOR_UNSET_LENGTH_REQUESTS}" />
    </annotation>
  </item>
</root>

