<?xml version="1.0" encoding="UTF-8"?>
<root>
  <item name="com.appsamurai.storyly.exoplayer2.common.text.Cue Cue(java.lang.CharSequence, android.text.Layout.Alignment, android.text.Layout.Alignment, android.graphics.Bitmap, float, int, int, float, int, int, float, float, float, boolean, int, int, float) 15">
    <annotation name="androidx.annotation.IntDef">
      <val name="value" val="{com.appsamurai.storyly.exoplayer2.common.text.Cue.TYPE_UNSET, com.appsamurai.storyly.exoplayer2.common.text.Cue.VERTICAL_TYPE_RL, com.appsamurai.storyly.exoplayer2.common.text.Cue.VERTICAL_TYPE_LR}" />
    </annotation>
  </item>
  <item name="com.appsamurai.storyly.exoplayer2.common.text.Cue Cue(java.lang.CharSequence, android.text.Layout.Alignment, android.text.Layout.Alignment, android.graphics.Bitmap, float, int, int, float, int, int, float, float, float, boolean, int, int, float) 5">
    <annotation name="androidx.annotation.IntDef">
      <val name="value" val="{com.appsamurai.storyly.exoplayer2.common.text.Cue.TYPE_UNSET, com.appsamurai.storyly.exoplayer2.common.text.Cue.LINE_TYPE_FRACTION, com.appsamurai.storyly.exoplayer2.common.text.Cue.LINE_TYPE_NUMBER}" />
    </annotation>
  </item>
  <item name="com.appsamurai.storyly.exoplayer2.common.text.Cue Cue(java.lang.CharSequence, android.text.Layout.Alignment, android.text.Layout.Alignment, android.graphics.Bitmap, float, int, int, float, int, int, float, float, float, boolean, int, int, float) 6">
    <annotation name="androidx.annotation.IntDef">
      <val name="value" val="{com.appsamurai.storyly.exoplayer2.common.text.Cue.TYPE_UNSET, com.appsamurai.storyly.exoplayer2.common.text.Cue.ANCHOR_TYPE_START, com.appsamurai.storyly.exoplayer2.common.text.Cue.ANCHOR_TYPE_MIDDLE, com.appsamurai.storyly.exoplayer2.common.text.Cue.ANCHOR_TYPE_END}" />
    </annotation>
  </item>
  <item name="com.appsamurai.storyly.exoplayer2.common.text.Cue Cue(java.lang.CharSequence, android.text.Layout.Alignment, android.text.Layout.Alignment, android.graphics.Bitmap, float, int, int, float, int, int, float, float, float, boolean, int, int, float) 8">
    <annotation name="androidx.annotation.IntDef">
      <val name="value" val="{com.appsamurai.storyly.exoplayer2.common.text.Cue.TYPE_UNSET, com.appsamurai.storyly.exoplayer2.common.text.Cue.ANCHOR_TYPE_START, com.appsamurai.storyly.exoplayer2.common.text.Cue.ANCHOR_TYPE_MIDDLE, com.appsamurai.storyly.exoplayer2.common.text.Cue.ANCHOR_TYPE_END}" />
    </annotation>
  </item>
  <item name="com.appsamurai.storyly.exoplayer2.common.text.Cue Cue(java.lang.CharSequence, android.text.Layout.Alignment, android.text.Layout.Alignment, android.graphics.Bitmap, float, int, int, float, int, int, float, float, float, boolean, int, int, float) 9">
    <annotation name="androidx.annotation.IntDef">
      <val name="value" val="{com.appsamurai.storyly.exoplayer2.common.text.Cue.TYPE_UNSET, com.appsamurai.storyly.exoplayer2.common.text.Cue.TEXT_SIZE_TYPE_FRACTIONAL, com.appsamurai.storyly.exoplayer2.common.text.Cue.TEXT_SIZE_TYPE_FRACTIONAL_IGNORE_PADDING, com.appsamurai.storyly.exoplayer2.common.text.Cue.TEXT_SIZE_TYPE_ABSOLUTE}" />
    </annotation>
  </item>
  <item name="com.appsamurai.storyly.exoplayer2.common.text.Cue Cue(java.lang.CharSequence, android.text.Layout.Alignment, float, int, int, float, int, float) 3">
    <annotation name="androidx.annotation.IntDef">
      <val name="value" val="{com.appsamurai.storyly.exoplayer2.common.text.Cue.TYPE_UNSET, com.appsamurai.storyly.exoplayer2.common.text.Cue.LINE_TYPE_FRACTION, com.appsamurai.storyly.exoplayer2.common.text.Cue.LINE_TYPE_NUMBER}" />
    </annotation>
  </item>
  <item name="com.appsamurai.storyly.exoplayer2.common.text.Cue Cue(java.lang.CharSequence, android.text.Layout.Alignment, float, int, int, float, int, float) 4">
    <annotation name="androidx.annotation.IntDef">
      <val name="value" val="{com.appsamurai.storyly.exoplayer2.common.text.Cue.TYPE_UNSET, com.appsamurai.storyly.exoplayer2.common.text.Cue.ANCHOR_TYPE_START, com.appsamurai.storyly.exoplayer2.common.text.Cue.ANCHOR_TYPE_MIDDLE, com.appsamurai.storyly.exoplayer2.common.text.Cue.ANCHOR_TYPE_END}" />
    </annotation>
  </item>
  <item name="com.appsamurai.storyly.exoplayer2.common.text.Cue Cue(java.lang.CharSequence, android.text.Layout.Alignment, float, int, int, float, int, float) 6">
    <annotation name="androidx.annotation.IntDef">
      <val name="value" val="{com.appsamurai.storyly.exoplayer2.common.text.Cue.TYPE_UNSET, com.appsamurai.storyly.exoplayer2.common.text.Cue.ANCHOR_TYPE_START, com.appsamurai.storyly.exoplayer2.common.text.Cue.ANCHOR_TYPE_MIDDLE, com.appsamurai.storyly.exoplayer2.common.text.Cue.ANCHOR_TYPE_END}" />
    </annotation>
  </item>
  <item name="com.appsamurai.storyly.exoplayer2.common.text.Cue Cue(java.lang.CharSequence, android.text.Layout.Alignment, float, int, int, float, int, float, boolean, int) 3">
    <annotation name="androidx.annotation.IntDef">
      <val name="value" val="{com.appsamurai.storyly.exoplayer2.common.text.Cue.TYPE_UNSET, com.appsamurai.storyly.exoplayer2.common.text.Cue.LINE_TYPE_FRACTION, com.appsamurai.storyly.exoplayer2.common.text.Cue.LINE_TYPE_NUMBER}" />
    </annotation>
  </item>
  <item name="com.appsamurai.storyly.exoplayer2.common.text.Cue Cue(java.lang.CharSequence, android.text.Layout.Alignment, float, int, int, float, int, float, boolean, int) 4">
    <annotation name="androidx.annotation.IntDef">
      <val name="value" val="{com.appsamurai.storyly.exoplayer2.common.text.Cue.TYPE_UNSET, com.appsamurai.storyly.exoplayer2.common.text.Cue.ANCHOR_TYPE_START, com.appsamurai.storyly.exoplayer2.common.text.Cue.ANCHOR_TYPE_MIDDLE, com.appsamurai.storyly.exoplayer2.common.text.Cue.ANCHOR_TYPE_END}" />
    </annotation>
  </item>
  <item name="com.appsamurai.storyly.exoplayer2.common.text.Cue Cue(java.lang.CharSequence, android.text.Layout.Alignment, float, int, int, float, int, float, boolean, int) 6">
    <annotation name="androidx.annotation.IntDef">
      <val name="value" val="{com.appsamurai.storyly.exoplayer2.common.text.Cue.TYPE_UNSET, com.appsamurai.storyly.exoplayer2.common.text.Cue.ANCHOR_TYPE_START, com.appsamurai.storyly.exoplayer2.common.text.Cue.ANCHOR_TYPE_MIDDLE, com.appsamurai.storyly.exoplayer2.common.text.Cue.ANCHOR_TYPE_END}" />
    </annotation>
  </item>
  <item name="com.appsamurai.storyly.exoplayer2.common.text.Cue Cue(java.lang.CharSequence, android.text.Layout.Alignment, float, int, int, float, int, float, int, float) 3">
    <annotation name="androidx.annotation.IntDef">
      <val name="value" val="{com.appsamurai.storyly.exoplayer2.common.text.Cue.TYPE_UNSET, com.appsamurai.storyly.exoplayer2.common.text.Cue.LINE_TYPE_FRACTION, com.appsamurai.storyly.exoplayer2.common.text.Cue.LINE_TYPE_NUMBER}" />
    </annotation>
  </item>
  <item name="com.appsamurai.storyly.exoplayer2.common.text.Cue Cue(java.lang.CharSequence, android.text.Layout.Alignment, float, int, int, float, int, float, int, float) 4">
    <annotation name="androidx.annotation.IntDef">
      <val name="value" val="{com.appsamurai.storyly.exoplayer2.common.text.Cue.TYPE_UNSET, com.appsamurai.storyly.exoplayer2.common.text.Cue.ANCHOR_TYPE_START, com.appsamurai.storyly.exoplayer2.common.text.Cue.ANCHOR_TYPE_MIDDLE, com.appsamurai.storyly.exoplayer2.common.text.Cue.ANCHOR_TYPE_END}" />
    </annotation>
  </item>
  <item name="com.appsamurai.storyly.exoplayer2.common.text.Cue Cue(java.lang.CharSequence, android.text.Layout.Alignment, float, int, int, float, int, float, int, float) 6">
    <annotation name="androidx.annotation.IntDef">
      <val name="value" val="{com.appsamurai.storyly.exoplayer2.common.text.Cue.TYPE_UNSET, com.appsamurai.storyly.exoplayer2.common.text.Cue.ANCHOR_TYPE_START, com.appsamurai.storyly.exoplayer2.common.text.Cue.ANCHOR_TYPE_MIDDLE, com.appsamurai.storyly.exoplayer2.common.text.Cue.ANCHOR_TYPE_END}" />
    </annotation>
  </item>
  <item name="com.appsamurai.storyly.exoplayer2.common.text.Cue Cue(java.lang.CharSequence, android.text.Layout.Alignment, float, int, int, float, int, float, int, float) 8">
    <annotation name="androidx.annotation.IntDef">
      <val name="value" val="{com.appsamurai.storyly.exoplayer2.common.text.Cue.TYPE_UNSET, com.appsamurai.storyly.exoplayer2.common.text.Cue.TEXT_SIZE_TYPE_FRACTIONAL, com.appsamurai.storyly.exoplayer2.common.text.Cue.TEXT_SIZE_TYPE_FRACTIONAL_IGNORE_PADDING, com.appsamurai.storyly.exoplayer2.common.text.Cue.TEXT_SIZE_TYPE_ABSOLUTE}" />
    </annotation>
  </item>
  <item name="com.appsamurai.storyly.exoplayer2.common.text.Cue java.lang.String keyForField(int) 0">
    <annotation name="androidx.annotation.IntDef">
      <val name="value" val="{com.appsamurai.storyly.exoplayer2.common.text.Cue.FIELD_TEXT, com.appsamurai.storyly.exoplayer2.common.text.Cue.FIELD_TEXT_ALIGNMENT, com.appsamurai.storyly.exoplayer2.common.text.Cue.FIELD_MULTI_ROW_ALIGNMENT, com.appsamurai.storyly.exoplayer2.common.text.Cue.FIELD_BITMAP, com.appsamurai.storyly.exoplayer2.common.text.Cue.FIELD_LINE, com.appsamurai.storyly.exoplayer2.common.text.Cue.FIELD_LINE_TYPE, com.appsamurai.storyly.exoplayer2.common.text.Cue.FIELD_LINE_ANCHOR, com.appsamurai.storyly.exoplayer2.common.text.Cue.FIELD_POSITION, com.appsamurai.storyly.exoplayer2.common.text.Cue.FIELD_POSITION_ANCHOR, com.appsamurai.storyly.exoplayer2.common.text.Cue.FIELD_TEXT_SIZE_TYPE, com.appsamurai.storyly.exoplayer2.common.text.Cue.FIELD_TEXT_SIZE, com.appsamurai.storyly.exoplayer2.common.text.Cue.FIELD_SIZE, com.appsamurai.storyly.exoplayer2.common.text.Cue.FIELD_BITMAP_HEIGHT, com.appsamurai.storyly.exoplayer2.common.text.Cue.FIELD_WINDOW_COLOR, com.appsamurai.storyly.exoplayer2.common.text.Cue.FIELD_WINDOW_COLOR_SET, com.appsamurai.storyly.exoplayer2.common.text.Cue.FIELD_VERTICAL_TYPE, com.appsamurai.storyly.exoplayer2.common.text.Cue.FIELD_SHEAR_DEGREES}" />
    </annotation>
  </item>
  <item name="com.appsamurai.storyly.exoplayer2.common.text.Cue lineAnchor">
    <annotation name="androidx.annotation.IntDef">
      <val name="value" val="{com.appsamurai.storyly.exoplayer2.common.text.Cue.TYPE_UNSET, com.appsamurai.storyly.exoplayer2.common.text.Cue.ANCHOR_TYPE_START, com.appsamurai.storyly.exoplayer2.common.text.Cue.ANCHOR_TYPE_MIDDLE, com.appsamurai.storyly.exoplayer2.common.text.Cue.ANCHOR_TYPE_END}" />
    </annotation>
  </item>
  <item name="com.appsamurai.storyly.exoplayer2.common.text.Cue lineType">
    <annotation name="androidx.annotation.IntDef">
      <val name="value" val="{com.appsamurai.storyly.exoplayer2.common.text.Cue.TYPE_UNSET, com.appsamurai.storyly.exoplayer2.common.text.Cue.LINE_TYPE_FRACTION, com.appsamurai.storyly.exoplayer2.common.text.Cue.LINE_TYPE_NUMBER}" />
    </annotation>
  </item>
  <item name="com.appsamurai.storyly.exoplayer2.common.text.Cue positionAnchor">
    <annotation name="androidx.annotation.IntDef">
      <val name="value" val="{com.appsamurai.storyly.exoplayer2.common.text.Cue.TYPE_UNSET, com.appsamurai.storyly.exoplayer2.common.text.Cue.ANCHOR_TYPE_START, com.appsamurai.storyly.exoplayer2.common.text.Cue.ANCHOR_TYPE_MIDDLE, com.appsamurai.storyly.exoplayer2.common.text.Cue.ANCHOR_TYPE_END}" />
    </annotation>
  </item>
  <item name="com.appsamurai.storyly.exoplayer2.common.text.Cue textSizeType">
    <annotation name="androidx.annotation.IntDef">
      <val name="value" val="{com.appsamurai.storyly.exoplayer2.common.text.Cue.TYPE_UNSET, com.appsamurai.storyly.exoplayer2.common.text.Cue.TEXT_SIZE_TYPE_FRACTIONAL, com.appsamurai.storyly.exoplayer2.common.text.Cue.TEXT_SIZE_TYPE_FRACTIONAL_IGNORE_PADDING, com.appsamurai.storyly.exoplayer2.common.text.Cue.TEXT_SIZE_TYPE_ABSOLUTE}" />
    </annotation>
  </item>
  <item name="com.appsamurai.storyly.exoplayer2.common.text.Cue verticalType">
    <annotation name="androidx.annotation.IntDef">
      <val name="value" val="{com.appsamurai.storyly.exoplayer2.common.text.Cue.TYPE_UNSET, com.appsamurai.storyly.exoplayer2.common.text.Cue.VERTICAL_TYPE_RL, com.appsamurai.storyly.exoplayer2.common.text.Cue.VERTICAL_TYPE_LR}" />
    </annotation>
  </item>
  <item name="com.appsamurai.storyly.exoplayer2.common.text.Cue.AnchorType">
    <annotation name="androidx.annotation.IntDef">
      <val name="value" val="{com.appsamurai.storyly.exoplayer2.common.text.Cue.TYPE_UNSET, com.appsamurai.storyly.exoplayer2.common.text.Cue.ANCHOR_TYPE_START, com.appsamurai.storyly.exoplayer2.common.text.Cue.ANCHOR_TYPE_MIDDLE, com.appsamurai.storyly.exoplayer2.common.text.Cue.ANCHOR_TYPE_END}" />
    </annotation>
  </item>
  <item name="com.appsamurai.storyly.exoplayer2.common.text.Cue.Builder com.appsamurai.storyly.exoplayer2.common.text.Cue.Builder setLine(float, int) 1">
    <annotation name="androidx.annotation.IntDef">
      <val name="value" val="{com.appsamurai.storyly.exoplayer2.common.text.Cue.TYPE_UNSET, com.appsamurai.storyly.exoplayer2.common.text.Cue.LINE_TYPE_FRACTION, com.appsamurai.storyly.exoplayer2.common.text.Cue.LINE_TYPE_NUMBER}" />
    </annotation>
  </item>
  <item name="com.appsamurai.storyly.exoplayer2.common.text.Cue.Builder com.appsamurai.storyly.exoplayer2.common.text.Cue.Builder setLineAnchor(int) 0">
    <annotation name="androidx.annotation.IntDef">
      <val name="value" val="{com.appsamurai.storyly.exoplayer2.common.text.Cue.TYPE_UNSET, com.appsamurai.storyly.exoplayer2.common.text.Cue.ANCHOR_TYPE_START, com.appsamurai.storyly.exoplayer2.common.text.Cue.ANCHOR_TYPE_MIDDLE, com.appsamurai.storyly.exoplayer2.common.text.Cue.ANCHOR_TYPE_END}" />
    </annotation>
  </item>
  <item name="com.appsamurai.storyly.exoplayer2.common.text.Cue.Builder com.appsamurai.storyly.exoplayer2.common.text.Cue.Builder setPositionAnchor(int) 0">
    <annotation name="androidx.annotation.IntDef">
      <val name="value" val="{com.appsamurai.storyly.exoplayer2.common.text.Cue.TYPE_UNSET, com.appsamurai.storyly.exoplayer2.common.text.Cue.ANCHOR_TYPE_START, com.appsamurai.storyly.exoplayer2.common.text.Cue.ANCHOR_TYPE_MIDDLE, com.appsamurai.storyly.exoplayer2.common.text.Cue.ANCHOR_TYPE_END}" />
    </annotation>
  </item>
  <item name="com.appsamurai.storyly.exoplayer2.common.text.Cue.Builder com.appsamurai.storyly.exoplayer2.common.text.Cue.Builder setTextSize(float, int) 1">
    <annotation name="androidx.annotation.IntDef">
      <val name="value" val="{com.appsamurai.storyly.exoplayer2.common.text.Cue.TYPE_UNSET, com.appsamurai.storyly.exoplayer2.common.text.Cue.TEXT_SIZE_TYPE_FRACTIONAL, com.appsamurai.storyly.exoplayer2.common.text.Cue.TEXT_SIZE_TYPE_FRACTIONAL_IGNORE_PADDING, com.appsamurai.storyly.exoplayer2.common.text.Cue.TEXT_SIZE_TYPE_ABSOLUTE}" />
    </annotation>
  </item>
  <item name="com.appsamurai.storyly.exoplayer2.common.text.Cue.Builder com.appsamurai.storyly.exoplayer2.common.text.Cue.Builder setVerticalType(int) 0">
    <annotation name="androidx.annotation.IntDef">
      <val name="value" val="{com.appsamurai.storyly.exoplayer2.common.text.Cue.TYPE_UNSET, com.appsamurai.storyly.exoplayer2.common.text.Cue.VERTICAL_TYPE_RL, com.appsamurai.storyly.exoplayer2.common.text.Cue.VERTICAL_TYPE_LR}" />
    </annotation>
  </item>
  <item name="com.appsamurai.storyly.exoplayer2.common.text.Cue.Builder int getLineAnchor()">
    <annotation name="androidx.annotation.IntDef">
      <val name="value" val="{com.appsamurai.storyly.exoplayer2.common.text.Cue.TYPE_UNSET, com.appsamurai.storyly.exoplayer2.common.text.Cue.ANCHOR_TYPE_START, com.appsamurai.storyly.exoplayer2.common.text.Cue.ANCHOR_TYPE_MIDDLE, com.appsamurai.storyly.exoplayer2.common.text.Cue.ANCHOR_TYPE_END}" />
    </annotation>
  </item>
  <item name="com.appsamurai.storyly.exoplayer2.common.text.Cue.Builder int getLineType()">
    <annotation name="androidx.annotation.IntDef">
      <val name="value" val="{com.appsamurai.storyly.exoplayer2.common.text.Cue.TYPE_UNSET, com.appsamurai.storyly.exoplayer2.common.text.Cue.LINE_TYPE_FRACTION, com.appsamurai.storyly.exoplayer2.common.text.Cue.LINE_TYPE_NUMBER}" />
    </annotation>
  </item>
  <item name="com.appsamurai.storyly.exoplayer2.common.text.Cue.Builder int getPositionAnchor()">
    <annotation name="androidx.annotation.IntDef">
      <val name="value" val="{com.appsamurai.storyly.exoplayer2.common.text.Cue.TYPE_UNSET, com.appsamurai.storyly.exoplayer2.common.text.Cue.ANCHOR_TYPE_START, com.appsamurai.storyly.exoplayer2.common.text.Cue.ANCHOR_TYPE_MIDDLE, com.appsamurai.storyly.exoplayer2.common.text.Cue.ANCHOR_TYPE_END}" />
    </annotation>
  </item>
  <item name="com.appsamurai.storyly.exoplayer2.common.text.Cue.Builder int getTextSizeType()">
    <annotation name="androidx.annotation.IntDef">
      <val name="value" val="{com.appsamurai.storyly.exoplayer2.common.text.Cue.TYPE_UNSET, com.appsamurai.storyly.exoplayer2.common.text.Cue.TEXT_SIZE_TYPE_FRACTIONAL, com.appsamurai.storyly.exoplayer2.common.text.Cue.TEXT_SIZE_TYPE_FRACTIONAL_IGNORE_PADDING, com.appsamurai.storyly.exoplayer2.common.text.Cue.TEXT_SIZE_TYPE_ABSOLUTE}" />
    </annotation>
  </item>
  <item name="com.appsamurai.storyly.exoplayer2.common.text.Cue.Builder int getVerticalType()">
    <annotation name="androidx.annotation.IntDef">
      <val name="value" val="{com.appsamurai.storyly.exoplayer2.common.text.Cue.TYPE_UNSET, com.appsamurai.storyly.exoplayer2.common.text.Cue.VERTICAL_TYPE_RL, com.appsamurai.storyly.exoplayer2.common.text.Cue.VERTICAL_TYPE_LR}" />
    </annotation>
  </item>
  <item name="com.appsamurai.storyly.exoplayer2.common.text.Cue.Builder lineAnchor">
    <annotation name="androidx.annotation.IntDef">
      <val name="value" val="{com.appsamurai.storyly.exoplayer2.common.text.Cue.TYPE_UNSET, com.appsamurai.storyly.exoplayer2.common.text.Cue.ANCHOR_TYPE_START, com.appsamurai.storyly.exoplayer2.common.text.Cue.ANCHOR_TYPE_MIDDLE, com.appsamurai.storyly.exoplayer2.common.text.Cue.ANCHOR_TYPE_END}" />
    </annotation>
  </item>
  <item name="com.appsamurai.storyly.exoplayer2.common.text.Cue.Builder lineType">
    <annotation name="androidx.annotation.IntDef">
      <val name="value" val="{com.appsamurai.storyly.exoplayer2.common.text.Cue.TYPE_UNSET, com.appsamurai.storyly.exoplayer2.common.text.Cue.LINE_TYPE_FRACTION, com.appsamurai.storyly.exoplayer2.common.text.Cue.LINE_TYPE_NUMBER}" />
    </annotation>
  </item>
  <item name="com.appsamurai.storyly.exoplayer2.common.text.Cue.Builder positionAnchor">
    <annotation name="androidx.annotation.IntDef">
      <val name="value" val="{com.appsamurai.storyly.exoplayer2.common.text.Cue.TYPE_UNSET, com.appsamurai.storyly.exoplayer2.common.text.Cue.ANCHOR_TYPE_START, com.appsamurai.storyly.exoplayer2.common.text.Cue.ANCHOR_TYPE_MIDDLE, com.appsamurai.storyly.exoplayer2.common.text.Cue.ANCHOR_TYPE_END}" />
    </annotation>
  </item>
  <item name="com.appsamurai.storyly.exoplayer2.common.text.Cue.Builder textSizeType">
    <annotation name="androidx.annotation.IntDef">
      <val name="value" val="{com.appsamurai.storyly.exoplayer2.common.text.Cue.TYPE_UNSET, com.appsamurai.storyly.exoplayer2.common.text.Cue.TEXT_SIZE_TYPE_FRACTIONAL, com.appsamurai.storyly.exoplayer2.common.text.Cue.TEXT_SIZE_TYPE_FRACTIONAL_IGNORE_PADDING, com.appsamurai.storyly.exoplayer2.common.text.Cue.TEXT_SIZE_TYPE_ABSOLUTE}" />
    </annotation>
  </item>
  <item name="com.appsamurai.storyly.exoplayer2.common.text.Cue.Builder verticalType">
    <annotation name="androidx.annotation.IntDef">
      <val name="value" val="{com.appsamurai.storyly.exoplayer2.common.text.Cue.TYPE_UNSET, com.appsamurai.storyly.exoplayer2.common.text.Cue.VERTICAL_TYPE_RL, com.appsamurai.storyly.exoplayer2.common.text.Cue.VERTICAL_TYPE_LR}" />
    </annotation>
  </item>
  <item name="com.appsamurai.storyly.exoplayer2.common.text.Cue.LineType">
    <annotation name="androidx.annotation.IntDef">
      <val name="value" val="{com.appsamurai.storyly.exoplayer2.common.text.Cue.TYPE_UNSET, com.appsamurai.storyly.exoplayer2.common.text.Cue.LINE_TYPE_FRACTION, com.appsamurai.storyly.exoplayer2.common.text.Cue.LINE_TYPE_NUMBER}" />
    </annotation>
  </item>
  <item name="com.appsamurai.storyly.exoplayer2.common.text.Cue.TextSizeType">
    <annotation name="androidx.annotation.IntDef">
      <val name="value" val="{com.appsamurai.storyly.exoplayer2.common.text.Cue.TYPE_UNSET, com.appsamurai.storyly.exoplayer2.common.text.Cue.TEXT_SIZE_TYPE_FRACTIONAL, com.appsamurai.storyly.exoplayer2.common.text.Cue.TEXT_SIZE_TYPE_FRACTIONAL_IGNORE_PADDING, com.appsamurai.storyly.exoplayer2.common.text.Cue.TEXT_SIZE_TYPE_ABSOLUTE}" />
    </annotation>
  </item>
  <item name="com.appsamurai.storyly.exoplayer2.common.text.Cue.VerticalType">
    <annotation name="androidx.annotation.IntDef">
      <val name="value" val="{com.appsamurai.storyly.exoplayer2.common.text.Cue.TYPE_UNSET, com.appsamurai.storyly.exoplayer2.common.text.Cue.VERTICAL_TYPE_RL, com.appsamurai.storyly.exoplayer2.common.text.Cue.VERTICAL_TYPE_LR}" />
    </annotation>
  </item>
  <item name="com.appsamurai.storyly.exoplayer2.common.text.CueGroup java.lang.String keyForField(int) 0">
    <annotation name="androidx.annotation.IntDef">
      <val name="value" val="{com.appsamurai.storyly.exoplayer2.common.text.CueGroup.FIELD_CUES}" />
    </annotation>
  </item>
</root>

