<?xml version="1.0" encoding="UTF-8"?>
<root>
  <item name="com.appsamurai.storyly.exoplayer2.extractor.extractor.avi.AviExtractor state">
    <annotation name="androidx.annotation.IntDef">
      <val name="value" val="{com.appsamurai.storyly.exoplayer2.extractor.extractor.avi.AviExtractor.STATE_SKIPPING_TO_HDRL, com.appsamurai.storyly.exoplayer2.extractor.extractor.avi.AviExtractor.STATE_READING_HDRL_HEADER, com.appsamurai.storyly.exoplayer2.extractor.extractor.avi.AviExtractor.STATE_READING_HDRL_BODY, com.appsamurai.storyly.exoplayer2.extractor.extractor.avi.AviExtractor.STATE_FINDING_MOVI_HEADER, com.appsamurai.storyly.exoplayer2.extractor.extractor.avi.AviExtractor.STATE_FINDING_IDX1_HEADER, com.appsamurai.storyly.exoplayer2.extractor.extractor.avi.AviExtractor.STATE_READING_IDX1_BODY, com.appsamurai.storyly.exoplayer2.extractor.extractor.avi.AviExtractor.STATE_READING_SAMPLES}" />
    </annotation>
  </item>
  <item name="com.appsamurai.storyly.exoplayer2.extractor.extractor.avi.AviStreamHeaderChunk int getTrackType()">
    <annotation name="androidx.annotation.IntDef">
      <val name="open" val="true" />
      <val name="value" val="{com.appsamurai.storyly.exoplayer2.common.C.TRACK_TYPE_UNKNOWN, com.appsamurai.storyly.exoplayer2.common.C.TRACK_TYPE_DEFAULT, com.appsamurai.storyly.exoplayer2.common.C.TRACK_TYPE_AUDIO, com.appsamurai.storyly.exoplayer2.common.C.TRACK_TYPE_VIDEO, com.appsamurai.storyly.exoplayer2.common.C.TRACK_TYPE_TEXT, com.appsamurai.storyly.exoplayer2.common.C.TRACK_TYPE_IMAGE, com.appsamurai.storyly.exoplayer2.common.C.TRACK_TYPE_METADATA, com.appsamurai.storyly.exoplayer2.common.C.TRACK_TYPE_CAMERA_MOTION, com.appsamurai.storyly.exoplayer2.common.C.TRACK_TYPE_NONE}" />
    </annotation>
  </item>
  <item name="com.appsamurai.storyly.exoplayer2.extractor.extractor.avi.ChunkReader ChunkReader(int, int, long, int, com.appsamurai.storyly.exoplayer2.extractor.extractor.TrackOutput) 1">
    <annotation name="androidx.annotation.IntDef">
      <val name="open" val="true" />
      <val name="value" val="{com.appsamurai.storyly.exoplayer2.common.C.TRACK_TYPE_UNKNOWN, com.appsamurai.storyly.exoplayer2.common.C.TRACK_TYPE_DEFAULT, com.appsamurai.storyly.exoplayer2.common.C.TRACK_TYPE_AUDIO, com.appsamurai.storyly.exoplayer2.common.C.TRACK_TYPE_VIDEO, com.appsamurai.storyly.exoplayer2.common.C.TRACK_TYPE_TEXT, com.appsamurai.storyly.exoplayer2.common.C.TRACK_TYPE_IMAGE, com.appsamurai.storyly.exoplayer2.common.C.TRACK_TYPE_METADATA, com.appsamurai.storyly.exoplayer2.common.C.TRACK_TYPE_CAMERA_MOTION, com.appsamurai.storyly.exoplayer2.common.C.TRACK_TYPE_NONE}" />
    </annotation>
  </item>
  <item name="com.appsamurai.storyly.exoplayer2.extractor.extractor.avi.ChunkReader int getChunkIdFourCc(int, int) 1">
    <annotation name="androidx.annotation.IntDef">
      <val name="value" val="{com.appsamurai.storyly.exoplayer2.extractor.extractor.avi.ChunkReader.CHUNK_TYPE_VIDEO_COMPRESSED, com.appsamurai.storyly.exoplayer2.extractor.extractor.avi.ChunkReader.CHUNK_TYPE_VIDEO_UNCOMPRESSED, com.appsamurai.storyly.exoplayer2.extractor.extractor.avi.ChunkReader.CHUNK_TYPE_AUDIO}" />
    </annotation>
  </item>
  <item name="com.appsamurai.storyly.exoplayer2.extractor.extractor.avi.ListChunk com.appsamurai.storyly.exoplayer2.extractor.extractor.avi.AviChunk createBox(int, int, com.appsamurai.storyly.exoplayer2.common.util.ParsableByteArray) 1">
    <annotation name="androidx.annotation.IntDef">
      <val name="open" val="true" />
      <val name="value" val="{com.appsamurai.storyly.exoplayer2.common.C.TRACK_TYPE_UNKNOWN, com.appsamurai.storyly.exoplayer2.common.C.TRACK_TYPE_DEFAULT, com.appsamurai.storyly.exoplayer2.common.C.TRACK_TYPE_AUDIO, com.appsamurai.storyly.exoplayer2.common.C.TRACK_TYPE_VIDEO, com.appsamurai.storyly.exoplayer2.common.C.TRACK_TYPE_TEXT, com.appsamurai.storyly.exoplayer2.common.C.TRACK_TYPE_IMAGE, com.appsamurai.storyly.exoplayer2.common.C.TRACK_TYPE_METADATA, com.appsamurai.storyly.exoplayer2.common.C.TRACK_TYPE_CAMERA_MOTION, com.appsamurai.storyly.exoplayer2.common.C.TRACK_TYPE_NONE}" />
    </annotation>
  </item>
</root>

