<?xml version="1.0" encoding="UTF-8"?>
<root>
  <item name="com.appsamurai.storyly.exoplayer2.core.scheduler.Requirements Requirements(int) 0">
    <annotation name="androidx.annotation.IntDef">
      <val name="flag" val="true" />
      <val name="value" val="{com.appsamurai.storyly.exoplayer2.core.scheduler.Requirements.NETWORK, com.appsamurai.storyly.exoplayer2.core.scheduler.Requirements.NETWORK_UNMETERED, com.appsamurai.storyly.exoplayer2.core.scheduler.Requirements.DEVICE_IDLE, com.appsamurai.storyly.exoplayer2.core.scheduler.Requirements.DEVICE_CHARGING, com.appsamurai.storyly.exoplayer2.core.scheduler.Requirements.DEVICE_STORAGE_NOT_LOW}" />
    </annotation>
  </item>
  <item name="com.appsamurai.storyly.exoplayer2.core.scheduler.Requirements int getNotMetNetworkRequirements(android.content.Context)">
    <annotation name="androidx.annotation.IntDef">
      <val name="flag" val="true" />
      <val name="value" val="{com.appsamurai.storyly.exoplayer2.core.scheduler.Requirements.NETWORK, com.appsamurai.storyly.exoplayer2.core.scheduler.Requirements.NETWORK_UNMETERED, com.appsamurai.storyly.exoplayer2.core.scheduler.Requirements.DEVICE_IDLE, com.appsamurai.storyly.exoplayer2.core.scheduler.Requirements.DEVICE_CHARGING, com.appsamurai.storyly.exoplayer2.core.scheduler.Requirements.DEVICE_STORAGE_NOT_LOW}" />
    </annotation>
  </item>
  <item name="com.appsamurai.storyly.exoplayer2.core.scheduler.Requirements int getNotMetRequirements(android.content.Context)">
    <annotation name="androidx.annotation.IntDef">
      <val name="flag" val="true" />
      <val name="value" val="{com.appsamurai.storyly.exoplayer2.core.scheduler.Requirements.NETWORK, com.appsamurai.storyly.exoplayer2.core.scheduler.Requirements.NETWORK_UNMETERED, com.appsamurai.storyly.exoplayer2.core.scheduler.Requirements.DEVICE_IDLE, com.appsamurai.storyly.exoplayer2.core.scheduler.Requirements.DEVICE_CHARGING, com.appsamurai.storyly.exoplayer2.core.scheduler.Requirements.DEVICE_STORAGE_NOT_LOW}" />
    </annotation>
  </item>
  <item name="com.appsamurai.storyly.exoplayer2.core.scheduler.Requirements int getRequirements()">
    <annotation name="androidx.annotation.IntDef">
      <val name="flag" val="true" />
      <val name="value" val="{com.appsamurai.storyly.exoplayer2.core.scheduler.Requirements.NETWORK, com.appsamurai.storyly.exoplayer2.core.scheduler.Requirements.NETWORK_UNMETERED, com.appsamurai.storyly.exoplayer2.core.scheduler.Requirements.DEVICE_IDLE, com.appsamurai.storyly.exoplayer2.core.scheduler.Requirements.DEVICE_CHARGING, com.appsamurai.storyly.exoplayer2.core.scheduler.Requirements.DEVICE_STORAGE_NOT_LOW}" />
    </annotation>
  </item>
  <item name="com.appsamurai.storyly.exoplayer2.core.scheduler.Requirements requirements">
    <annotation name="androidx.annotation.IntDef">
      <val name="flag" val="true" />
      <val name="value" val="{com.appsamurai.storyly.exoplayer2.core.scheduler.Requirements.NETWORK, com.appsamurai.storyly.exoplayer2.core.scheduler.Requirements.NETWORK_UNMETERED, com.appsamurai.storyly.exoplayer2.core.scheduler.Requirements.DEVICE_IDLE, com.appsamurai.storyly.exoplayer2.core.scheduler.Requirements.DEVICE_CHARGING, com.appsamurai.storyly.exoplayer2.core.scheduler.Requirements.DEVICE_STORAGE_NOT_LOW}" />
    </annotation>
  </item>
  <item name="com.appsamurai.storyly.exoplayer2.core.scheduler.Requirements.RequirementFlags">
    <annotation name="androidx.annotation.IntDef">
      <val name="flag" val="true" />
      <val name="value" val="{com.appsamurai.storyly.exoplayer2.core.scheduler.Requirements.NETWORK, com.appsamurai.storyly.exoplayer2.core.scheduler.Requirements.NETWORK_UNMETERED, com.appsamurai.storyly.exoplayer2.core.scheduler.Requirements.DEVICE_IDLE, com.appsamurai.storyly.exoplayer2.core.scheduler.Requirements.DEVICE_CHARGING, com.appsamurai.storyly.exoplayer2.core.scheduler.Requirements.DEVICE_STORAGE_NOT_LOW}" />
    </annotation>
  </item>
  <item name="com.appsamurai.storyly.exoplayer2.core.scheduler.RequirementsWatcher int start()">
    <annotation name="androidx.annotation.IntDef">
      <val name="flag" val="true" />
      <val name="value" val="{com.appsamurai.storyly.exoplayer2.core.scheduler.Requirements.NETWORK, com.appsamurai.storyly.exoplayer2.core.scheduler.Requirements.NETWORK_UNMETERED, com.appsamurai.storyly.exoplayer2.core.scheduler.Requirements.DEVICE_IDLE, com.appsamurai.storyly.exoplayer2.core.scheduler.Requirements.DEVICE_CHARGING, com.appsamurai.storyly.exoplayer2.core.scheduler.Requirements.DEVICE_STORAGE_NOT_LOW}" />
    </annotation>
  </item>
  <item name="com.appsamurai.storyly.exoplayer2.core.scheduler.RequirementsWatcher notMetRequirements">
    <annotation name="androidx.annotation.IntDef">
      <val name="flag" val="true" />
      <val name="value" val="{com.appsamurai.storyly.exoplayer2.core.scheduler.Requirements.NETWORK, com.appsamurai.storyly.exoplayer2.core.scheduler.Requirements.NETWORK_UNMETERED, com.appsamurai.storyly.exoplayer2.core.scheduler.Requirements.DEVICE_IDLE, com.appsamurai.storyly.exoplayer2.core.scheduler.Requirements.DEVICE_CHARGING, com.appsamurai.storyly.exoplayer2.core.scheduler.Requirements.DEVICE_STORAGE_NOT_LOW}" />
    </annotation>
  </item>
  <item name="com.appsamurai.storyly.exoplayer2.core.scheduler.RequirementsWatcher.Listener void onRequirementsStateChanged(com.appsamurai.storyly.exoplayer2.core.scheduler.RequirementsWatcher, int) 1">
    <annotation name="androidx.annotation.IntDef">
      <val name="flag" val="true" />
      <val name="value" val="{com.appsamurai.storyly.exoplayer2.core.scheduler.Requirements.NETWORK, com.appsamurai.storyly.exoplayer2.core.scheduler.Requirements.NETWORK_UNMETERED, com.appsamurai.storyly.exoplayer2.core.scheduler.Requirements.DEVICE_IDLE, com.appsamurai.storyly.exoplayer2.core.scheduler.Requirements.DEVICE_CHARGING, com.appsamurai.storyly.exoplayer2.core.scheduler.Requirements.DEVICE_STORAGE_NOT_LOW}" />
    </annotation>
  </item>
</root>

