<?xml version="1.0" encoding="UTF-8"?>
<root>
  <item name="com.appsamurai.storyly.exoplayer2.extractor.extractor.flac.FlacExtractor int read(com.appsamurai.storyly.exoplayer2.extractor.extractor.ExtractorInput, com.appsamurai.storyly.exoplayer2.extractor.extractor.PositionHolder)">
    <annotation name="androidx.annotation.IntDef">
      <val name="value" val="{com.appsamurai.storyly.exoplayer2.extractor.extractor.Extractor.RESULT_CONTINUE, com.appsamurai.storyly.exoplayer2.extractor.extractor.Extractor.RESULT_SEEK, com.appsamurai.storyly.exoplayer2.extractor.extractor.Extractor.RESULT_END_OF_INPUT}" />
    </annotation>
  </item>
  <item name="com.appsamurai.storyly.exoplayer2.extractor.extractor.flac.FlacExtractor int readFrames(com.appsamurai.storyly.exoplayer2.extractor.extractor.ExtractorInput, com.appsamurai.storyly.exoplayer2.extractor.extractor.PositionHolder)">
    <annotation name="androidx.annotation.IntDef">
      <val name="value" val="{com.appsamurai.storyly.exoplayer2.extractor.extractor.Extractor.RESULT_CONTINUE, com.appsamurai.storyly.exoplayer2.extractor.extractor.Extractor.RESULT_SEEK, com.appsamurai.storyly.exoplayer2.extractor.extractor.Extractor.RESULT_END_OF_INPUT}" />
    </annotation>
  </item>
  <item name="com.appsamurai.storyly.exoplayer2.extractor.extractor.flac.FlacExtractor state">
    <annotation name="androidx.annotation.IntDef">
      <val name="value" val="{com.appsamurai.storyly.exoplayer2.extractor.extractor.flac.FlacExtractor.STATE_READ_ID3_METADATA, com.appsamurai.storyly.exoplayer2.extractor.extractor.flac.FlacExtractor.STATE_GET_STREAM_MARKER_AND_INFO_BLOCK_BYTES, com.appsamurai.storyly.exoplayer2.extractor.extractor.flac.FlacExtractor.STATE_READ_STREAM_MARKER, com.appsamurai.storyly.exoplayer2.extractor.extractor.flac.FlacExtractor.STATE_READ_METADATA_BLOCKS, com.appsamurai.storyly.exoplayer2.extractor.extractor.flac.FlacExtractor.STATE_GET_FRAME_START_MARKER, com.appsamurai.storyly.exoplayer2.extractor.extractor.flac.FlacExtractor.STATE_READ_FRAMES}" />
    </annotation>
  </item>
  <item name="com.appsamurai.storyly.exoplayer2.extractor.extractor.flac.FlacExtractor.Flags">
    <annotation name="androidx.annotation.IntDef">
      <val name="flag" val="true" />
      <val name="value" val="{com.appsamurai.storyly.exoplayer2.extractor.extractor.flac.FlacExtractor.FLAG_DISABLE_ID3_METADATA}" />
    </annotation>
  </item>
</root>

