<?xml version="1.0" encoding="UTF-8"?>
<root>
  <item name="com.appsamurai.storyly.exoplayer2.extractor.extractor.mp4.AtomParsers int getTrackTypeForHdlr(int)">
    <annotation name="androidx.annotation.IntDef">
      <val name="open" val="true" />
      <val name="value" val="{com.appsamurai.storyly.exoplayer2.common.C.TRACK_TYPE_UNKNOWN, com.appsamurai.storyly.exoplayer2.common.C.TRACK_TYPE_DEFAULT, com.appsamurai.storyly.exoplayer2.common.C.TRACK_TYPE_AUDIO, com.appsamurai.storyly.exoplayer2.common.C.TRACK_TYPE_VIDEO, com.appsamurai.storyly.exoplayer2.common.C.TRACK_TYPE_TEXT, com.appsamurai.storyly.exoplayer2.common.C.TRACK_TYPE_IMAGE, com.appsamurai.storyly.exoplayer2.common.C.TRACK_TYPE_METADATA, com.appsamurai.storyly.exoplayer2.common.C.TRACK_TYPE_CAMERA_MOTION, com.appsamurai.storyly.exoplayer2.common.C.TRACK_TYPE_NONE}" />
    </annotation>
  </item>
  <item name="com.appsamurai.storyly.exoplayer2.extractor.extractor.mp4.AtomParsers.StsdData requiredSampleTransformation">
    <annotation name="androidx.annotation.IntDef">
      <val name="value" val="{com.appsamurai.storyly.exoplayer2.extractor.extractor.mp4.Track.TRANSFORMATION_NONE, com.appsamurai.storyly.exoplayer2.extractor.extractor.mp4.Track.TRANSFORMATION_CEA608_CDAT}" />
    </annotation>
  </item>
  <item name="com.appsamurai.storyly.exoplayer2.extractor.extractor.mp4.FragmentedMp4Extractor FragmentedMp4Extractor(int) 0">
    <annotation name="androidx.annotation.IntDef">
      <val name="flag" val="true" />
      <val name="value" val="{com.appsamurai.storyly.exoplayer2.extractor.extractor.mp4.FragmentedMp4Extractor.FLAG_WORKAROUND_EVERY_VIDEO_FRAME_IS_SYNC_FRAME, com.appsamurai.storyly.exoplayer2.extractor.extractor.mp4.FragmentedMp4Extractor.FLAG_WORKAROUND_IGNORE_TFDT_BOX, com.appsamurai.storyly.exoplayer2.extractor.extractor.mp4.FragmentedMp4Extractor.FLAG_ENABLE_EMSG_TRACK, com.appsamurai.storyly.exoplayer2.extractor.extractor.mp4.FragmentedMp4Extractor.FLAG_WORKAROUND_IGNORE_EDIT_LISTS}" />
    </annotation>
  </item>
  <item name="com.appsamurai.storyly.exoplayer2.extractor.extractor.mp4.FragmentedMp4Extractor FragmentedMp4Extractor(int, com.appsamurai.storyly.exoplayer2.common.util.TimestampAdjuster) 0">
    <annotation name="androidx.annotation.IntDef">
      <val name="flag" val="true" />
      <val name="value" val="{com.appsamurai.storyly.exoplayer2.extractor.extractor.mp4.FragmentedMp4Extractor.FLAG_WORKAROUND_EVERY_VIDEO_FRAME_IS_SYNC_FRAME, com.appsamurai.storyly.exoplayer2.extractor.extractor.mp4.FragmentedMp4Extractor.FLAG_WORKAROUND_IGNORE_TFDT_BOX, com.appsamurai.storyly.exoplayer2.extractor.extractor.mp4.FragmentedMp4Extractor.FLAG_ENABLE_EMSG_TRACK, com.appsamurai.storyly.exoplayer2.extractor.extractor.mp4.FragmentedMp4Extractor.FLAG_WORKAROUND_IGNORE_EDIT_LISTS}" />
    </annotation>
  </item>
  <item name="com.appsamurai.storyly.exoplayer2.extractor.extractor.mp4.FragmentedMp4Extractor FragmentedMp4Extractor(int, com.appsamurai.storyly.exoplayer2.common.util.TimestampAdjuster, com.appsamurai.storyly.exoplayer2.extractor.extractor.mp4.Track) 0">
    <annotation name="androidx.annotation.IntDef">
      <val name="flag" val="true" />
      <val name="value" val="{com.appsamurai.storyly.exoplayer2.extractor.extractor.mp4.FragmentedMp4Extractor.FLAG_WORKAROUND_EVERY_VIDEO_FRAME_IS_SYNC_FRAME, com.appsamurai.storyly.exoplayer2.extractor.extractor.mp4.FragmentedMp4Extractor.FLAG_WORKAROUND_IGNORE_TFDT_BOX, com.appsamurai.storyly.exoplayer2.extractor.extractor.mp4.FragmentedMp4Extractor.FLAG_ENABLE_EMSG_TRACK, com.appsamurai.storyly.exoplayer2.extractor.extractor.mp4.FragmentedMp4Extractor.FLAG_WORKAROUND_IGNORE_EDIT_LISTS}" />
    </annotation>
  </item>
  <item name="com.appsamurai.storyly.exoplayer2.extractor.extractor.mp4.FragmentedMp4Extractor FragmentedMp4Extractor(int, com.appsamurai.storyly.exoplayer2.common.util.TimestampAdjuster, com.appsamurai.storyly.exoplayer2.extractor.extractor.mp4.Track, java.util.List&lt;com.appsamurai.storyly.exoplayer2.common.Format&gt;) 0">
    <annotation name="androidx.annotation.IntDef">
      <val name="flag" val="true" />
      <val name="value" val="{com.appsamurai.storyly.exoplayer2.extractor.extractor.mp4.FragmentedMp4Extractor.FLAG_WORKAROUND_EVERY_VIDEO_FRAME_IS_SYNC_FRAME, com.appsamurai.storyly.exoplayer2.extractor.extractor.mp4.FragmentedMp4Extractor.FLAG_WORKAROUND_IGNORE_TFDT_BOX, com.appsamurai.storyly.exoplayer2.extractor.extractor.mp4.FragmentedMp4Extractor.FLAG_ENABLE_EMSG_TRACK, com.appsamurai.storyly.exoplayer2.extractor.extractor.mp4.FragmentedMp4Extractor.FLAG_WORKAROUND_IGNORE_EDIT_LISTS}" />
    </annotation>
  </item>
  <item name="com.appsamurai.storyly.exoplayer2.extractor.extractor.mp4.FragmentedMp4Extractor FragmentedMp4Extractor(int, com.appsamurai.storyly.exoplayer2.common.util.TimestampAdjuster, com.appsamurai.storyly.exoplayer2.extractor.extractor.mp4.Track, java.util.List&lt;com.appsamurai.storyly.exoplayer2.common.Format&gt;, com.appsamurai.storyly.exoplayer2.extractor.extractor.TrackOutput) 0">
    <annotation name="androidx.annotation.IntDef">
      <val name="flag" val="true" />
      <val name="value" val="{com.appsamurai.storyly.exoplayer2.extractor.extractor.mp4.FragmentedMp4Extractor.FLAG_WORKAROUND_EVERY_VIDEO_FRAME_IS_SYNC_FRAME, com.appsamurai.storyly.exoplayer2.extractor.extractor.mp4.FragmentedMp4Extractor.FLAG_WORKAROUND_IGNORE_TFDT_BOX, com.appsamurai.storyly.exoplayer2.extractor.extractor.mp4.FragmentedMp4Extractor.FLAG_ENABLE_EMSG_TRACK, com.appsamurai.storyly.exoplayer2.extractor.extractor.mp4.FragmentedMp4Extractor.FLAG_WORKAROUND_IGNORE_EDIT_LISTS}" />
    </annotation>
  </item>
  <item name="com.appsamurai.storyly.exoplayer2.extractor.extractor.mp4.FragmentedMp4Extractor flags">
    <annotation name="androidx.annotation.IntDef">
      <val name="flag" val="true" />
      <val name="value" val="{com.appsamurai.storyly.exoplayer2.extractor.extractor.mp4.FragmentedMp4Extractor.FLAG_WORKAROUND_EVERY_VIDEO_FRAME_IS_SYNC_FRAME, com.appsamurai.storyly.exoplayer2.extractor.extractor.mp4.FragmentedMp4Extractor.FLAG_WORKAROUND_IGNORE_TFDT_BOX, com.appsamurai.storyly.exoplayer2.extractor.extractor.mp4.FragmentedMp4Extractor.FLAG_ENABLE_EMSG_TRACK, com.appsamurai.storyly.exoplayer2.extractor.extractor.mp4.FragmentedMp4Extractor.FLAG_WORKAROUND_IGNORE_EDIT_LISTS}" />
    </annotation>
  </item>
  <item name="com.appsamurai.storyly.exoplayer2.extractor.extractor.mp4.FragmentedMp4Extractor int parseTrun(com.appsamurai.storyly.exoplayer2.extractor.extractor.mp4.FragmentedMp4Extractor.TrackBundle, int, int, com.appsamurai.storyly.exoplayer2.common.util.ParsableByteArray, int) 2">
    <annotation name="androidx.annotation.IntDef">
      <val name="flag" val="true" />
      <val name="value" val="{com.appsamurai.storyly.exoplayer2.extractor.extractor.mp4.FragmentedMp4Extractor.FLAG_WORKAROUND_EVERY_VIDEO_FRAME_IS_SYNC_FRAME, com.appsamurai.storyly.exoplayer2.extractor.extractor.mp4.FragmentedMp4Extractor.FLAG_WORKAROUND_IGNORE_TFDT_BOX, com.appsamurai.storyly.exoplayer2.extractor.extractor.mp4.FragmentedMp4Extractor.FLAG_ENABLE_EMSG_TRACK, com.appsamurai.storyly.exoplayer2.extractor.extractor.mp4.FragmentedMp4Extractor.FLAG_WORKAROUND_IGNORE_EDIT_LISTS}" />
    </annotation>
  </item>
  <item name="com.appsamurai.storyly.exoplayer2.extractor.extractor.mp4.FragmentedMp4Extractor void parseMoof(com.appsamurai.storyly.exoplayer2.extractor.extractor.mp4.Atom.ContainerAtom, android.util.SparseArray&lt;com.appsamurai.storyly.exoplayer2.extractor.extractor.mp4.FragmentedMp4Extractor.TrackBundle&gt;, boolean, int, byte[]) 3">
    <annotation name="androidx.annotation.IntDef">
      <val name="flag" val="true" />
      <val name="value" val="{com.appsamurai.storyly.exoplayer2.extractor.extractor.mp4.FragmentedMp4Extractor.FLAG_WORKAROUND_EVERY_VIDEO_FRAME_IS_SYNC_FRAME, com.appsamurai.storyly.exoplayer2.extractor.extractor.mp4.FragmentedMp4Extractor.FLAG_WORKAROUND_IGNORE_TFDT_BOX, com.appsamurai.storyly.exoplayer2.extractor.extractor.mp4.FragmentedMp4Extractor.FLAG_ENABLE_EMSG_TRACK, com.appsamurai.storyly.exoplayer2.extractor.extractor.mp4.FragmentedMp4Extractor.FLAG_WORKAROUND_IGNORE_EDIT_LISTS}" />
    </annotation>
  </item>
  <item name="com.appsamurai.storyly.exoplayer2.extractor.extractor.mp4.FragmentedMp4Extractor void parseTraf(com.appsamurai.storyly.exoplayer2.extractor.extractor.mp4.Atom.ContainerAtom, android.util.SparseArray&lt;com.appsamurai.storyly.exoplayer2.extractor.extractor.mp4.FragmentedMp4Extractor.TrackBundle&gt;, boolean, int, byte[]) 3">
    <annotation name="androidx.annotation.IntDef">
      <val name="flag" val="true" />
      <val name="value" val="{com.appsamurai.storyly.exoplayer2.extractor.extractor.mp4.FragmentedMp4Extractor.FLAG_WORKAROUND_EVERY_VIDEO_FRAME_IS_SYNC_FRAME, com.appsamurai.storyly.exoplayer2.extractor.extractor.mp4.FragmentedMp4Extractor.FLAG_WORKAROUND_IGNORE_TFDT_BOX, com.appsamurai.storyly.exoplayer2.extractor.extractor.mp4.FragmentedMp4Extractor.FLAG_ENABLE_EMSG_TRACK, com.appsamurai.storyly.exoplayer2.extractor.extractor.mp4.FragmentedMp4Extractor.FLAG_WORKAROUND_IGNORE_EDIT_LISTS}" />
    </annotation>
  </item>
  <item name="com.appsamurai.storyly.exoplayer2.extractor.extractor.mp4.FragmentedMp4Extractor void parseTruns(com.appsamurai.storyly.exoplayer2.extractor.extractor.mp4.Atom.ContainerAtom, com.appsamurai.storyly.exoplayer2.extractor.extractor.mp4.FragmentedMp4Extractor.TrackBundle, int) 2">
    <annotation name="androidx.annotation.IntDef">
      <val name="flag" val="true" />
      <val name="value" val="{com.appsamurai.storyly.exoplayer2.extractor.extractor.mp4.FragmentedMp4Extractor.FLAG_WORKAROUND_EVERY_VIDEO_FRAME_IS_SYNC_FRAME, com.appsamurai.storyly.exoplayer2.extractor.extractor.mp4.FragmentedMp4Extractor.FLAG_WORKAROUND_IGNORE_TFDT_BOX, com.appsamurai.storyly.exoplayer2.extractor.extractor.mp4.FragmentedMp4Extractor.FLAG_ENABLE_EMSG_TRACK, com.appsamurai.storyly.exoplayer2.extractor.extractor.mp4.FragmentedMp4Extractor.FLAG_WORKAROUND_IGNORE_EDIT_LISTS}" />
    </annotation>
  </item>
  <item name="com.appsamurai.storyly.exoplayer2.extractor.extractor.mp4.FragmentedMp4Extractor.Flags">
    <annotation name="androidx.annotation.IntDef">
      <val name="flag" val="true" />
      <val name="value" val="{com.appsamurai.storyly.exoplayer2.extractor.extractor.mp4.FragmentedMp4Extractor.FLAG_WORKAROUND_EVERY_VIDEO_FRAME_IS_SYNC_FRAME, com.appsamurai.storyly.exoplayer2.extractor.extractor.mp4.FragmentedMp4Extractor.FLAG_WORKAROUND_IGNORE_TFDT_BOX, com.appsamurai.storyly.exoplayer2.extractor.extractor.mp4.FragmentedMp4Extractor.FLAG_ENABLE_EMSG_TRACK, com.appsamurai.storyly.exoplayer2.extractor.extractor.mp4.FragmentedMp4Extractor.FLAG_WORKAROUND_IGNORE_EDIT_LISTS}" />
    </annotation>
  </item>
  <item name="com.appsamurai.storyly.exoplayer2.extractor.extractor.mp4.FragmentedMp4Extractor.TrackBundle int getCurrentSampleFlags()">
    <annotation name="androidx.annotation.IntDef">
      <val name="flag" val="true" />
      <val name="value" val="{com.appsamurai.storyly.exoplayer2.common.C.BUFFER_FLAG_KEY_FRAME, com.appsamurai.storyly.exoplayer2.common.C.BUFFER_FLAG_END_OF_STREAM, com.appsamurai.storyly.exoplayer2.common.C.BUFFER_FLAG_FIRST_SAMPLE, com.appsamurai.storyly.exoplayer2.common.C.BUFFER_FLAG_HAS_SUPPLEMENTAL_DATA, com.appsamurai.storyly.exoplayer2.common.C.BUFFER_FLAG_LAST_SAMPLE, com.appsamurai.storyly.exoplayer2.common.C.BUFFER_FLAG_ENCRYPTED, com.appsamurai.storyly.exoplayer2.common.C.BUFFER_FLAG_DECODE_ONLY}" />
    </annotation>
  </item>
  <item name="com.appsamurai.storyly.exoplayer2.extractor.extractor.mp4.Mp4Extractor Mp4Extractor(int) 0">
    <annotation name="androidx.annotation.IntDef">
      <val name="flag" val="true" />
      <val name="value" val="{com.appsamurai.storyly.exoplayer2.extractor.extractor.mp4.Mp4Extractor.FLAG_WORKAROUND_IGNORE_EDIT_LISTS, com.appsamurai.storyly.exoplayer2.extractor.extractor.mp4.Mp4Extractor.FLAG_READ_MOTION_PHOTO_METADATA, com.appsamurai.storyly.exoplayer2.extractor.extractor.mp4.Mp4Extractor.FLAG_READ_SEF_DATA}" />
    </annotation>
  </item>
  <item name="com.appsamurai.storyly.exoplayer2.extractor.extractor.mp4.Mp4Extractor fileType">
    <annotation name="androidx.annotation.IntDef">
      <val name="value" val="{com.appsamurai.storyly.exoplayer2.extractor.extractor.mp4.Mp4Extractor.FILE_TYPE_MP4, com.appsamurai.storyly.exoplayer2.extractor.extractor.mp4.Mp4Extractor.FILE_TYPE_QUICKTIME, com.appsamurai.storyly.exoplayer2.extractor.extractor.mp4.Mp4Extractor.FILE_TYPE_HEIC}" />
    </annotation>
  </item>
  <item name="com.appsamurai.storyly.exoplayer2.extractor.extractor.mp4.Mp4Extractor flags">
    <annotation name="androidx.annotation.IntDef">
      <val name="flag" val="true" />
      <val name="value" val="{com.appsamurai.storyly.exoplayer2.extractor.extractor.mp4.Mp4Extractor.FLAG_WORKAROUND_IGNORE_EDIT_LISTS, com.appsamurai.storyly.exoplayer2.extractor.extractor.mp4.Mp4Extractor.FLAG_READ_MOTION_PHOTO_METADATA, com.appsamurai.storyly.exoplayer2.extractor.extractor.mp4.Mp4Extractor.FLAG_READ_SEF_DATA}" />
    </annotation>
  </item>
  <item name="com.appsamurai.storyly.exoplayer2.extractor.extractor.mp4.Mp4Extractor int brandToFileType(int)">
    <annotation name="androidx.annotation.IntDef">
      <val name="value" val="{com.appsamurai.storyly.exoplayer2.extractor.extractor.mp4.Mp4Extractor.FILE_TYPE_MP4, com.appsamurai.storyly.exoplayer2.extractor.extractor.mp4.Mp4Extractor.FILE_TYPE_QUICKTIME, com.appsamurai.storyly.exoplayer2.extractor.extractor.mp4.Mp4Extractor.FILE_TYPE_HEIC}" />
    </annotation>
  </item>
  <item name="com.appsamurai.storyly.exoplayer2.extractor.extractor.mp4.Mp4Extractor int processFtypAtom(com.appsamurai.storyly.exoplayer2.common.util.ParsableByteArray)">
    <annotation name="androidx.annotation.IntDef">
      <val name="value" val="{com.appsamurai.storyly.exoplayer2.extractor.extractor.mp4.Mp4Extractor.FILE_TYPE_MP4, com.appsamurai.storyly.exoplayer2.extractor.extractor.mp4.Mp4Extractor.FILE_TYPE_QUICKTIME, com.appsamurai.storyly.exoplayer2.extractor.extractor.mp4.Mp4Extractor.FILE_TYPE_HEIC}" />
    </annotation>
  </item>
  <item name="com.appsamurai.storyly.exoplayer2.extractor.extractor.mp4.Mp4Extractor int readSefData(com.appsamurai.storyly.exoplayer2.extractor.extractor.ExtractorInput, com.appsamurai.storyly.exoplayer2.extractor.extractor.PositionHolder)">
    <annotation name="androidx.annotation.IntDef">
      <val name="value" val="{com.appsamurai.storyly.exoplayer2.extractor.extractor.Extractor.RESULT_CONTINUE, com.appsamurai.storyly.exoplayer2.extractor.extractor.Extractor.RESULT_SEEK, com.appsamurai.storyly.exoplayer2.extractor.extractor.Extractor.RESULT_END_OF_INPUT}" />
    </annotation>
  </item>
  <item name="com.appsamurai.storyly.exoplayer2.extractor.extractor.mp4.Mp4Extractor parserState">
    <annotation name="androidx.annotation.IntDef">
      <val name="value" val="{com.appsamurai.storyly.exoplayer2.extractor.extractor.mp4.Mp4Extractor.STATE_READING_ATOM_HEADER, com.appsamurai.storyly.exoplayer2.extractor.extractor.mp4.Mp4Extractor.STATE_READING_ATOM_PAYLOAD, com.appsamurai.storyly.exoplayer2.extractor.extractor.mp4.Mp4Extractor.STATE_READING_SAMPLE, com.appsamurai.storyly.exoplayer2.extractor.extractor.mp4.Mp4Extractor.STATE_READING_SEF}" />
    </annotation>
  </item>
  <item name="com.appsamurai.storyly.exoplayer2.extractor.extractor.mp4.Mp4Extractor.Flags">
    <annotation name="androidx.annotation.IntDef">
      <val name="flag" val="true" />
      <val name="value" val="{com.appsamurai.storyly.exoplayer2.extractor.extractor.mp4.Mp4Extractor.FLAG_WORKAROUND_IGNORE_EDIT_LISTS, com.appsamurai.storyly.exoplayer2.extractor.extractor.mp4.Mp4Extractor.FLAG_READ_MOTION_PHOTO_METADATA, com.appsamurai.storyly.exoplayer2.extractor.extractor.mp4.Mp4Extractor.FLAG_READ_SEF_DATA}" />
    </annotation>
  </item>
  <item name="com.appsamurai.storyly.exoplayer2.extractor.extractor.mp4.SefReader int nameToDataType(java.lang.String)">
    <annotation name="androidx.annotation.IntDef">
      <val name="value" val="{com.appsamurai.storyly.exoplayer2.extractor.extractor.mp4.SefReader.TYPE_SLOW_MOTION_DATA, com.appsamurai.storyly.exoplayer2.extractor.extractor.mp4.SefReader.TYPE_SUPER_SLOW_MOTION_DATA, com.appsamurai.storyly.exoplayer2.extractor.extractor.mp4.SefReader.TYPE_SUPER_SLOW_MOTION_BGM, com.appsamurai.storyly.exoplayer2.extractor.extractor.mp4.SefReader.TYPE_SUPER_SLOW_MOTION_EDIT_DATA, com.appsamurai.storyly.exoplayer2.extractor.extractor.mp4.SefReader.TYPE_SUPER_SLOW_DEFLICKERING_ON}" />
    </annotation>
  </item>
  <item name="com.appsamurai.storyly.exoplayer2.extractor.extractor.mp4.SefReader int read(com.appsamurai.storyly.exoplayer2.extractor.extractor.ExtractorInput, com.appsamurai.storyly.exoplayer2.extractor.extractor.PositionHolder, java.util.List&lt;com.appsamurai.storyly.exoplayer2.common.metadata.Metadata.Entry&gt;)">
    <annotation name="androidx.annotation.IntDef">
      <val name="value" val="{com.appsamurai.storyly.exoplayer2.extractor.extractor.Extractor.RESULT_CONTINUE, com.appsamurai.storyly.exoplayer2.extractor.extractor.Extractor.RESULT_SEEK, com.appsamurai.storyly.exoplayer2.extractor.extractor.Extractor.RESULT_END_OF_INPUT}" />
    </annotation>
  </item>
  <item name="com.appsamurai.storyly.exoplayer2.extractor.extractor.mp4.SefReader readerState">
    <annotation name="androidx.annotation.IntDef">
      <val name="value" val="{com.appsamurai.storyly.exoplayer2.extractor.extractor.mp4.SefReader.STATE_SHOULD_CHECK_FOR_SEF, com.appsamurai.storyly.exoplayer2.extractor.extractor.mp4.SefReader.STATE_CHECKING_FOR_SEF, com.appsamurai.storyly.exoplayer2.extractor.extractor.mp4.SefReader.STATE_READING_SDRS, com.appsamurai.storyly.exoplayer2.extractor.extractor.mp4.SefReader.STATE_READING_SEF_DATA}" />
    </annotation>
  </item>
  <item name="com.appsamurai.storyly.exoplayer2.extractor.extractor.mp4.SefReader.DataReference DataReference(int, long, int) 0">
    <annotation name="androidx.annotation.IntDef">
      <val name="value" val="{com.appsamurai.storyly.exoplayer2.extractor.extractor.mp4.SefReader.TYPE_SLOW_MOTION_DATA, com.appsamurai.storyly.exoplayer2.extractor.extractor.mp4.SefReader.TYPE_SUPER_SLOW_MOTION_DATA, com.appsamurai.storyly.exoplayer2.extractor.extractor.mp4.SefReader.TYPE_SUPER_SLOW_MOTION_BGM, com.appsamurai.storyly.exoplayer2.extractor.extractor.mp4.SefReader.TYPE_SUPER_SLOW_MOTION_EDIT_DATA, com.appsamurai.storyly.exoplayer2.extractor.extractor.mp4.SefReader.TYPE_SUPER_SLOW_DEFLICKERING_ON}" />
    </annotation>
  </item>
  <item name="com.appsamurai.storyly.exoplayer2.extractor.extractor.mp4.SefReader.DataReference dataType">
    <annotation name="androidx.annotation.IntDef">
      <val name="value" val="{com.appsamurai.storyly.exoplayer2.extractor.extractor.mp4.SefReader.TYPE_SLOW_MOTION_DATA, com.appsamurai.storyly.exoplayer2.extractor.extractor.mp4.SefReader.TYPE_SUPER_SLOW_MOTION_DATA, com.appsamurai.storyly.exoplayer2.extractor.extractor.mp4.SefReader.TYPE_SUPER_SLOW_MOTION_BGM, com.appsamurai.storyly.exoplayer2.extractor.extractor.mp4.SefReader.TYPE_SUPER_SLOW_MOTION_EDIT_DATA, com.appsamurai.storyly.exoplayer2.extractor.extractor.mp4.SefReader.TYPE_SUPER_SLOW_DEFLICKERING_ON}" />
    </annotation>
  </item>
  <item name="com.appsamurai.storyly.exoplayer2.extractor.extractor.mp4.Track Track(int, int, long, long, long, com.appsamurai.storyly.exoplayer2.common.Format, int, com.appsamurai.storyly.exoplayer2.extractor.extractor.mp4.TrackEncryptionBox[], int, long[], long[]) 1">
    <annotation name="androidx.annotation.IntDef">
      <val name="open" val="true" />
      <val name="value" val="{com.appsamurai.storyly.exoplayer2.common.C.TRACK_TYPE_UNKNOWN, com.appsamurai.storyly.exoplayer2.common.C.TRACK_TYPE_DEFAULT, com.appsamurai.storyly.exoplayer2.common.C.TRACK_TYPE_AUDIO, com.appsamurai.storyly.exoplayer2.common.C.TRACK_TYPE_VIDEO, com.appsamurai.storyly.exoplayer2.common.C.TRACK_TYPE_TEXT, com.appsamurai.storyly.exoplayer2.common.C.TRACK_TYPE_IMAGE, com.appsamurai.storyly.exoplayer2.common.C.TRACK_TYPE_METADATA, com.appsamurai.storyly.exoplayer2.common.C.TRACK_TYPE_CAMERA_MOTION, com.appsamurai.storyly.exoplayer2.common.C.TRACK_TYPE_NONE}" />
    </annotation>
  </item>
  <item name="com.appsamurai.storyly.exoplayer2.extractor.extractor.mp4.Track Track(int, int, long, long, long, com.appsamurai.storyly.exoplayer2.common.Format, int, com.appsamurai.storyly.exoplayer2.extractor.extractor.mp4.TrackEncryptionBox[], int, long[], long[]) 6">
    <annotation name="androidx.annotation.IntDef">
      <val name="value" val="{com.appsamurai.storyly.exoplayer2.extractor.extractor.mp4.Track.TRANSFORMATION_NONE, com.appsamurai.storyly.exoplayer2.extractor.extractor.mp4.Track.TRANSFORMATION_CEA608_CDAT}" />
    </annotation>
  </item>
  <item name="com.appsamurai.storyly.exoplayer2.extractor.extractor.mp4.Track sampleTransformation">
    <annotation name="androidx.annotation.IntDef">
      <val name="value" val="{com.appsamurai.storyly.exoplayer2.extractor.extractor.mp4.Track.TRANSFORMATION_NONE, com.appsamurai.storyly.exoplayer2.extractor.extractor.mp4.Track.TRANSFORMATION_CEA608_CDAT}" />
    </annotation>
  </item>
  <item name="com.appsamurai.storyly.exoplayer2.extractor.extractor.mp4.Track type">
    <annotation name="androidx.annotation.IntDef">
      <val name="open" val="true" />
      <val name="value" val="{com.appsamurai.storyly.exoplayer2.common.C.TRACK_TYPE_UNKNOWN, com.appsamurai.storyly.exoplayer2.common.C.TRACK_TYPE_DEFAULT, com.appsamurai.storyly.exoplayer2.common.C.TRACK_TYPE_AUDIO, com.appsamurai.storyly.exoplayer2.common.C.TRACK_TYPE_VIDEO, com.appsamurai.storyly.exoplayer2.common.C.TRACK_TYPE_TEXT, com.appsamurai.storyly.exoplayer2.common.C.TRACK_TYPE_IMAGE, com.appsamurai.storyly.exoplayer2.common.C.TRACK_TYPE_METADATA, com.appsamurai.storyly.exoplayer2.common.C.TRACK_TYPE_CAMERA_MOTION, com.appsamurai.storyly.exoplayer2.common.C.TRACK_TYPE_NONE}" />
    </annotation>
  </item>
  <item name="com.appsamurai.storyly.exoplayer2.extractor.extractor.mp4.Track.Transformation">
    <annotation name="androidx.annotation.IntDef">
      <val name="value" val="{com.appsamurai.storyly.exoplayer2.extractor.extractor.mp4.Track.TRANSFORMATION_NONE, com.appsamurai.storyly.exoplayer2.extractor.extractor.mp4.Track.TRANSFORMATION_CEA608_CDAT}" />
    </annotation>
  </item>
  <item name="com.appsamurai.storyly.exoplayer2.extractor.extractor.mp4.TrackEncryptionBox int schemeToCryptoMode(java.lang.String)">
    <annotation name="androidx.annotation.IntDef">
      <val name="value" val="{com.appsamurai.storyly.exoplayer2.common.C.CRYPTO_MODE_UNENCRYPTED, com.appsamurai.storyly.exoplayer2.common.C.CRYPTO_MODE_AES_CTR, com.appsamurai.storyly.exoplayer2.common.C.CRYPTO_MODE_AES_CBC}" />
    </annotation>
  </item>
</root>

