<?xml version="1.0" encoding="UTF-8"?>
<root>
  <item name="com.appsamurai.storyly.exoplayer2.extractor.extractor.wav.WavExtractor int read(com.appsamurai.storyly.exoplayer2.extractor.extractor.ExtractorInput, com.appsamurai.storyly.exoplayer2.extractor.extractor.PositionHolder)">
    <annotation name="androidx.annotation.IntDef">
      <val name="value" val="{com.appsamurai.storyly.exoplayer2.extractor.extractor.Extractor.RESULT_CONTINUE, com.appsamurai.storyly.exoplayer2.extractor.extractor.Extractor.RESULT_SEEK, com.appsamurai.storyly.exoplayer2.extractor.extractor.Extractor.RESULT_END_OF_INPUT}" />
    </annotation>
  </item>
  <item name="com.appsamurai.storyly.exoplayer2.extractor.extractor.wav.WavExtractor int readSampleData(com.appsamurai.storyly.exoplayer2.extractor.extractor.ExtractorInput)">
    <annotation name="androidx.annotation.IntDef">
      <val name="value" val="{com.appsamurai.storyly.exoplayer2.extractor.extractor.Extractor.RESULT_CONTINUE, com.appsamurai.storyly.exoplayer2.extractor.extractor.Extractor.RESULT_SEEK, com.appsamurai.storyly.exoplayer2.extractor.extractor.Extractor.RESULT_END_OF_INPUT}" />
    </annotation>
  </item>
  <item name="com.appsamurai.storyly.exoplayer2.extractor.extractor.wav.WavExtractor state">
    <annotation name="androidx.annotation.IntDef">
      <val name="value" val="{com.appsamurai.storyly.exoplayer2.extractor.extractor.wav.WavExtractor.STATE_READING_FILE_TYPE, com.appsamurai.storyly.exoplayer2.extractor.extractor.wav.WavExtractor.STATE_READING_RF64_SAMPLE_DATA_SIZE, com.appsamurai.storyly.exoplayer2.extractor.extractor.wav.WavExtractor.STATE_READING_FORMAT, com.appsamurai.storyly.exoplayer2.extractor.extractor.wav.WavExtractor.STATE_SKIPPING_TO_SAMPLE_DATA, com.appsamurai.storyly.exoplayer2.extractor.extractor.wav.WavExtractor.STATE_READING_SAMPLE_DATA}" />
    </annotation>
  </item>
  <item name="com.appsamurai.storyly.exoplayer2.extractor.extractor.wav.WavExtractor.PassthroughOutputWriter PassthroughOutputWriter(com.appsamurai.storyly.exoplayer2.extractor.extractor.ExtractorOutput, com.appsamurai.storyly.exoplayer2.extractor.extractor.TrackOutput, com.appsamurai.storyly.exoplayer2.extractor.extractor.wav.WavFormat, java.lang.String, int) 4">
    <annotation name="androidx.annotation.IntDef">
      <val name="value" val="{com.appsamurai.storyly.exoplayer2.common.Format.NO_VALUE, com.appsamurai.storyly.exoplayer2.common.C.ENCODING_INVALID, com.appsamurai.storyly.exoplayer2.common.C.ENCODING_PCM_8BIT, com.appsamurai.storyly.exoplayer2.common.C.ENCODING_PCM_16BIT, com.appsamurai.storyly.exoplayer2.common.C.ENCODING_PCM_16BIT_BIG_ENDIAN, com.appsamurai.storyly.exoplayer2.common.C.ENCODING_PCM_24BIT, com.appsamurai.storyly.exoplayer2.common.C.ENCODING_PCM_32BIT, com.appsamurai.storyly.exoplayer2.common.C.ENCODING_PCM_FLOAT}" />
    </annotation>
  </item>
</root>

