<?xml version="1.0" encoding="UTF-8"?>
<root>
  <item name="com.appsamurai.storyly.exoplayer2.core.util.DebugTextViewHelper.Updater void onPlayWhenReadyChanged(boolean, int) 1">
    <annotation name="androidx.annotation.IntDef">
      <val name="value" val="{com.appsamurai.storyly.exoplayer2.common.Player.PLAY_WHEN_READY_CHANGE_REASON_USER_REQUEST, com.appsamurai.storyly.exoplayer2.common.Player.PLAY_WHEN_READY_CHANGE_REASON_AUDIO_FOCUS_LOSS, com.appsamurai.storyly.exoplayer2.common.Player.PLAY_WHEN_READY_CHANGE_REASON_AUDIO_BECOMING_NOISY, com.appsamurai.storyly.exoplayer2.common.Player.PLAY_WHEN_READY_CHANGE_REASON_REMOTE, com.appsamurai.storyly.exoplayer2.common.Player.PLAY_WHEN_READY_CHANGE_REASON_END_OF_MEDIA_ITEM}" />
    </annotation>
  </item>
  <item name="com.appsamurai.storyly.exoplayer2.core.util.DebugTextViewHelper.Updater void onPlaybackStateChanged(int) 0">
    <annotation name="androidx.annotation.IntDef">
      <val name="value" val="{com.appsamurai.storyly.exoplayer2.common.Player.STATE_IDLE, com.appsamurai.storyly.exoplayer2.common.Player.STATE_BUFFERING, com.appsamurai.storyly.exoplayer2.common.Player.STATE_READY, com.appsamurai.storyly.exoplayer2.common.Player.STATE_ENDED}" />
    </annotation>
  </item>
  <item name="com.appsamurai.storyly.exoplayer2.core.util.DebugTextViewHelper.Updater void onPositionDiscontinuity(com.appsamurai.storyly.exoplayer2.common.Player.PositionInfo, com.appsamurai.storyly.exoplayer2.common.Player.PositionInfo, int) 2">
    <annotation name="androidx.annotation.IntDef">
      <val name="value" val="{com.appsamurai.storyly.exoplayer2.common.Player.DISCONTINUITY_REASON_AUTO_TRANSITION, com.appsamurai.storyly.exoplayer2.common.Player.DISCONTINUITY_REASON_SEEK, com.appsamurai.storyly.exoplayer2.common.Player.DISCONTINUITY_REASON_SEEK_ADJUSTMENT, com.appsamurai.storyly.exoplayer2.common.Player.DISCONTINUITY_REASON_SKIP, com.appsamurai.storyly.exoplayer2.common.Player.DISCONTINUITY_REASON_REMOVE, com.appsamurai.storyly.exoplayer2.common.Player.DISCONTINUITY_REASON_INTERNAL}" />
    </annotation>
  </item>
  <item name="com.appsamurai.storyly.exoplayer2.core.util.EventLogger java.lang.String getDiscontinuityReasonString(int) 0">
    <annotation name="androidx.annotation.IntDef">
      <val name="value" val="{com.appsamurai.storyly.exoplayer2.common.Player.DISCONTINUITY_REASON_AUTO_TRANSITION, com.appsamurai.storyly.exoplayer2.common.Player.DISCONTINUITY_REASON_SEEK, com.appsamurai.storyly.exoplayer2.common.Player.DISCONTINUITY_REASON_SEEK_ADJUSTMENT, com.appsamurai.storyly.exoplayer2.common.Player.DISCONTINUITY_REASON_SKIP, com.appsamurai.storyly.exoplayer2.common.Player.DISCONTINUITY_REASON_REMOVE, com.appsamurai.storyly.exoplayer2.common.Player.DISCONTINUITY_REASON_INTERNAL}" />
    </annotation>
  </item>
  <item name="com.appsamurai.storyly.exoplayer2.core.util.EventLogger java.lang.String getMediaItemTransitionReasonString(int) 0">
    <annotation name="androidx.annotation.IntDef">
      <val name="value" val="{com.appsamurai.storyly.exoplayer2.common.Player.MEDIA_ITEM_TRANSITION_REASON_REPEAT, com.appsamurai.storyly.exoplayer2.common.Player.MEDIA_ITEM_TRANSITION_REASON_AUTO, com.appsamurai.storyly.exoplayer2.common.Player.MEDIA_ITEM_TRANSITION_REASON_SEEK, com.appsamurai.storyly.exoplayer2.common.Player.MEDIA_ITEM_TRANSITION_REASON_PLAYLIST_CHANGED}" />
    </annotation>
  </item>
  <item name="com.appsamurai.storyly.exoplayer2.core.util.EventLogger java.lang.String getPlayWhenReadyChangeReasonString(int) 0">
    <annotation name="androidx.annotation.IntDef">
      <val name="value" val="{com.appsamurai.storyly.exoplayer2.common.Player.PLAY_WHEN_READY_CHANGE_REASON_USER_REQUEST, com.appsamurai.storyly.exoplayer2.common.Player.PLAY_WHEN_READY_CHANGE_REASON_AUDIO_FOCUS_LOSS, com.appsamurai.storyly.exoplayer2.common.Player.PLAY_WHEN_READY_CHANGE_REASON_AUDIO_BECOMING_NOISY, com.appsamurai.storyly.exoplayer2.common.Player.PLAY_WHEN_READY_CHANGE_REASON_REMOTE, com.appsamurai.storyly.exoplayer2.common.Player.PLAY_WHEN_READY_CHANGE_REASON_END_OF_MEDIA_ITEM}" />
    </annotation>
  </item>
  <item name="com.appsamurai.storyly.exoplayer2.core.util.EventLogger java.lang.String getPlaybackSuppressionReasonString(int) 0">
    <annotation name="androidx.annotation.IntDef">
      <val name="value" val="{com.appsamurai.storyly.exoplayer2.common.Player.PLAYBACK_SUPPRESSION_REASON_NONE, com.appsamurai.storyly.exoplayer2.common.Player.PLAYBACK_SUPPRESSION_REASON_TRANSIENT_AUDIO_FOCUS_LOSS}" />
    </annotation>
  </item>
  <item name="com.appsamurai.storyly.exoplayer2.core.util.EventLogger java.lang.String getRepeatModeString(int) 0">
    <annotation name="androidx.annotation.IntDef">
      <val name="value" val="{com.appsamurai.storyly.exoplayer2.common.Player.REPEAT_MODE_OFF, com.appsamurai.storyly.exoplayer2.common.Player.REPEAT_MODE_ONE, com.appsamurai.storyly.exoplayer2.common.Player.REPEAT_MODE_ALL}" />
    </annotation>
  </item>
  <item name="com.appsamurai.storyly.exoplayer2.core.util.EventLogger java.lang.String getTimelineChangeReasonString(int) 0">
    <annotation name="androidx.annotation.IntDef">
      <val name="value" val="{com.appsamurai.storyly.exoplayer2.common.Player.TIMELINE_CHANGE_REASON_PLAYLIST_CHANGED, com.appsamurai.storyly.exoplayer2.common.Player.TIMELINE_CHANGE_REASON_SOURCE_UPDATE}" />
    </annotation>
  </item>
  <item name="com.appsamurai.storyly.exoplayer2.core.util.EventLogger void onDrmSessionAcquired(com.appsamurai.storyly.exoplayer2.core.analytics.AnalyticsListener.EventTime, int) 1">
    <annotation name="androidx.annotation.IntDef">
      <val name="value" val="{com.appsamurai.storyly.exoplayer2.core.drm.DrmSession.STATE_RELEASED, com.appsamurai.storyly.exoplayer2.core.drm.DrmSession.STATE_ERROR, com.appsamurai.storyly.exoplayer2.core.drm.DrmSession.STATE_OPENING, com.appsamurai.storyly.exoplayer2.core.drm.DrmSession.STATE_OPENED, com.appsamurai.storyly.exoplayer2.core.drm.DrmSession.STATE_OPENED_WITH_KEYS}" />
    </annotation>
  </item>
  <item name="com.appsamurai.storyly.exoplayer2.core.util.EventLogger void onPlayWhenReadyChanged(com.appsamurai.storyly.exoplayer2.core.analytics.AnalyticsListener.EventTime, boolean, int) 2">
    <annotation name="androidx.annotation.IntDef">
      <val name="value" val="{com.appsamurai.storyly.exoplayer2.common.Player.PLAY_WHEN_READY_CHANGE_REASON_USER_REQUEST, com.appsamurai.storyly.exoplayer2.common.Player.PLAY_WHEN_READY_CHANGE_REASON_AUDIO_FOCUS_LOSS, com.appsamurai.storyly.exoplayer2.common.Player.PLAY_WHEN_READY_CHANGE_REASON_AUDIO_BECOMING_NOISY, com.appsamurai.storyly.exoplayer2.common.Player.PLAY_WHEN_READY_CHANGE_REASON_REMOTE, com.appsamurai.storyly.exoplayer2.common.Player.PLAY_WHEN_READY_CHANGE_REASON_END_OF_MEDIA_ITEM}" />
    </annotation>
  </item>
  <item name="com.appsamurai.storyly.exoplayer2.core.util.EventLogger void onPlaybackStateChanged(com.appsamurai.storyly.exoplayer2.core.analytics.AnalyticsListener.EventTime, int) 1">
    <annotation name="androidx.annotation.IntDef">
      <val name="value" val="{com.appsamurai.storyly.exoplayer2.common.Player.STATE_IDLE, com.appsamurai.storyly.exoplayer2.common.Player.STATE_BUFFERING, com.appsamurai.storyly.exoplayer2.common.Player.STATE_READY, com.appsamurai.storyly.exoplayer2.common.Player.STATE_ENDED}" />
    </annotation>
  </item>
  <item name="com.appsamurai.storyly.exoplayer2.core.util.EventLogger void onPlaybackSuppressionReasonChanged(com.appsamurai.storyly.exoplayer2.core.analytics.AnalyticsListener.EventTime, int) 1">
    <annotation name="androidx.annotation.IntDef">
      <val name="value" val="{com.appsamurai.storyly.exoplayer2.common.Player.PLAYBACK_SUPPRESSION_REASON_NONE, com.appsamurai.storyly.exoplayer2.common.Player.PLAYBACK_SUPPRESSION_REASON_TRANSIENT_AUDIO_FOCUS_LOSS}" />
    </annotation>
  </item>
  <item name="com.appsamurai.storyly.exoplayer2.core.util.EventLogger void onPositionDiscontinuity(com.appsamurai.storyly.exoplayer2.core.analytics.AnalyticsListener.EventTime, com.appsamurai.storyly.exoplayer2.common.Player.PositionInfo, com.appsamurai.storyly.exoplayer2.common.Player.PositionInfo, int) 3">
    <annotation name="androidx.annotation.IntDef">
      <val name="value" val="{com.appsamurai.storyly.exoplayer2.common.Player.DISCONTINUITY_REASON_AUTO_TRANSITION, com.appsamurai.storyly.exoplayer2.common.Player.DISCONTINUITY_REASON_SEEK, com.appsamurai.storyly.exoplayer2.common.Player.DISCONTINUITY_REASON_SEEK_ADJUSTMENT, com.appsamurai.storyly.exoplayer2.common.Player.DISCONTINUITY_REASON_SKIP, com.appsamurai.storyly.exoplayer2.common.Player.DISCONTINUITY_REASON_REMOVE, com.appsamurai.storyly.exoplayer2.common.Player.DISCONTINUITY_REASON_INTERNAL}" />
    </annotation>
  </item>
  <item name="com.appsamurai.storyly.exoplayer2.core.util.EventLogger void onRepeatModeChanged(com.appsamurai.storyly.exoplayer2.core.analytics.AnalyticsListener.EventTime, int) 1">
    <annotation name="androidx.annotation.IntDef">
      <val name="value" val="{com.appsamurai.storyly.exoplayer2.common.Player.REPEAT_MODE_OFF, com.appsamurai.storyly.exoplayer2.common.Player.REPEAT_MODE_ONE, com.appsamurai.storyly.exoplayer2.common.Player.REPEAT_MODE_ALL}" />
    </annotation>
  </item>
  <item name="com.appsamurai.storyly.exoplayer2.core.util.EventLogger void onTimelineChanged(com.appsamurai.storyly.exoplayer2.core.analytics.AnalyticsListener.EventTime, int) 1">
    <annotation name="androidx.annotation.IntDef">
      <val name="value" val="{com.appsamurai.storyly.exoplayer2.common.Player.TIMELINE_CHANGE_REASON_PLAYLIST_CHANGED, com.appsamurai.storyly.exoplayer2.common.Player.TIMELINE_CHANGE_REASON_SOURCE_UPDATE}" />
    </annotation>
  </item>
</root>

