<?xml version="1.0" encoding="UTF-8"?>
<root>
  <item name="com.appsamurai.storyly.exoplayer2.common.source.TrackGroup int normalizeRoleFlags(int)">
    <annotation name="androidx.annotation.IntDef">
      <val name="flag" val="true" />
      <val name="value" val="{com.appsamurai.storyly.exoplayer2.common.C.ROLE_FLAG_MAIN, com.appsamurai.storyly.exoplayer2.common.C.ROLE_FLAG_ALTERNATE, com.appsamurai.storyly.exoplayer2.common.C.ROLE_FLAG_SUPPLEMENTARY, com.appsamurai.storyly.exoplayer2.common.C.ROLE_FLAG_COMMENTARY, com.appsamurai.storyly.exoplayer2.common.C.ROLE_FLAG_DUB, com.appsamurai.storyly.exoplayer2.common.C.ROLE_FLAG_EMERGENCY, com.appsamurai.storyly.exoplayer2.common.C.ROLE_FLAG_CAPTION, com.appsamurai.storyly.exoplayer2.common.C.ROLE_FLAG_SUBTITLE, com.appsamurai.storyly.exoplayer2.common.C.ROLE_FLAG_SIGN, com.appsamurai.storyly.exoplayer2.common.C.ROLE_FLAG_DESCRIBES_VIDEO, com.appsamurai.storyly.exoplayer2.common.C.ROLE_FLAG_DESCRIBES_MUSIC_AND_SOUND, com.appsamurai.storyly.exoplayer2.common.C.ROLE_FLAG_ENHANCED_DIALOG_INTELLIGIBILITY, com.appsamurai.storyly.exoplayer2.common.C.ROLE_FLAG_TRANSCRIBES_DIALOG, com.appsamurai.storyly.exoplayer2.common.C.ROLE_FLAG_EASY_TO_READ, com.appsamurai.storyly.exoplayer2.common.C.ROLE_FLAG_TRICK_PLAY}" />
    </annotation>
  </item>
  <item name="com.appsamurai.storyly.exoplayer2.common.source.TrackGroup int normalizeRoleFlags(int) 0">
    <annotation name="androidx.annotation.IntDef">
      <val name="flag" val="true" />
      <val name="value" val="{com.appsamurai.storyly.exoplayer2.common.C.ROLE_FLAG_MAIN, com.appsamurai.storyly.exoplayer2.common.C.ROLE_FLAG_ALTERNATE, com.appsamurai.storyly.exoplayer2.common.C.ROLE_FLAG_SUPPLEMENTARY, com.appsamurai.storyly.exoplayer2.common.C.ROLE_FLAG_COMMENTARY, com.appsamurai.storyly.exoplayer2.common.C.ROLE_FLAG_DUB, com.appsamurai.storyly.exoplayer2.common.C.ROLE_FLAG_EMERGENCY, com.appsamurai.storyly.exoplayer2.common.C.ROLE_FLAG_CAPTION, com.appsamurai.storyly.exoplayer2.common.C.ROLE_FLAG_SUBTITLE, com.appsamurai.storyly.exoplayer2.common.C.ROLE_FLAG_SIGN, com.appsamurai.storyly.exoplayer2.common.C.ROLE_FLAG_DESCRIBES_VIDEO, com.appsamurai.storyly.exoplayer2.common.C.ROLE_FLAG_DESCRIBES_MUSIC_AND_SOUND, com.appsamurai.storyly.exoplayer2.common.C.ROLE_FLAG_ENHANCED_DIALOG_INTELLIGIBILITY, com.appsamurai.storyly.exoplayer2.common.C.ROLE_FLAG_TRANSCRIBES_DIALOG, com.appsamurai.storyly.exoplayer2.common.C.ROLE_FLAG_EASY_TO_READ, com.appsamurai.storyly.exoplayer2.common.C.ROLE_FLAG_TRICK_PLAY}" />
    </annotation>
  </item>
  <item name="com.appsamurai.storyly.exoplayer2.common.source.TrackGroup java.lang.String keyForField(int) 0">
    <annotation name="androidx.annotation.IntDef">
      <val name="value" val="{com.appsamurai.storyly.exoplayer2.common.source.TrackGroup.FIELD_FORMATS, com.appsamurai.storyly.exoplayer2.common.source.TrackGroup.FIELD_ID}" />
    </annotation>
  </item>
  <item name="com.appsamurai.storyly.exoplayer2.common.source.TrackGroup type">
    <annotation name="androidx.annotation.IntDef">
      <val name="open" val="true" />
      <val name="value" val="{com.appsamurai.storyly.exoplayer2.common.C.TRACK_TYPE_UNKNOWN, com.appsamurai.storyly.exoplayer2.common.C.TRACK_TYPE_DEFAULT, com.appsamurai.storyly.exoplayer2.common.C.TRACK_TYPE_AUDIO, com.appsamurai.storyly.exoplayer2.common.C.TRACK_TYPE_VIDEO, com.appsamurai.storyly.exoplayer2.common.C.TRACK_TYPE_TEXT, com.appsamurai.storyly.exoplayer2.common.C.TRACK_TYPE_IMAGE, com.appsamurai.storyly.exoplayer2.common.C.TRACK_TYPE_METADATA, com.appsamurai.storyly.exoplayer2.common.C.TRACK_TYPE_CAMERA_MOTION, com.appsamurai.storyly.exoplayer2.common.C.TRACK_TYPE_NONE}" />
    </annotation>
  </item>
</root>

